date,home_team,away_team,us_home_xg,us_away_xg,us_forecast_w,us_forecast_d,us_forecast_l,us_home_npxg,us_away_npxg,us_home_ppda,us_away_ppda,us_home_deep,us_away_deep,us_home_xpts,us_away_xpts,us_home_shots,us_away_shots,us_home_xga,us_away_xga
2018-08-10,Man United,Leicester,1.5137,1.73813,0.2812,0.3275,0.3913,0.75253,1.73813,15.833333333333334,11.461538461538462,3.0,10.0,1.1711,1.5013999999999998,0.0,0.0,1.73813,1.5137
2018-08-11,Newcastle,Tottenham,0.974497,2.58097,0.08,0.1479,0.7721,0.974497,2.58097,17.45,5.6571428571428575,8.0,3.0,0.3879,2.4642,0.0,0.0,2.58097,0.974497
2018-08-11,Watford,Brighton,1.42372,0.45504,0.6438,0.2574,0.0988,1.42372,0.45504,8.703703703703704,14.25,8.0,2.0,2.1888,0.5538000000000001,0.0,0.0,0.45504,1.42372
2018-08-11,Huddersfield,Chelsea,0.396115,2.31427,0.0214,0.1011,0.8775,0.396115,1.5531,11.545454545454545,12.666666666666666,2.0,4.0,0.1653,2.7336,0.0,0.0,2.31427,0.396115
2018-08-11,Fulham,Crystal Palace,0.638076,1.07816,0.2004,0.3242,0.4754,0.638076,1.07816,4.534883720930233,22.789473684210527,3.0,8.0,0.9254,1.7504,0.0,0.0,1.07816,0.638076
2018-08-11,Bournemouth,Cardiff,2.60022,1.50693,0.6773,0.2104,0.1123,1.83905,1.50693,5.631578947368421,15.823529411764707,12.0,5.0,2.2423,0.5473,0.0,0.0,1.50693,2.60022
2018-08-11,Wolves,Everton,0.891038,0.715382,0.3582,0.3775,0.2643,0.891038,0.715382,25.333333333333332,15.6,4.0,2.0,1.4521,1.1703999999999999,0.0,0.0,0.715382,0.891038
2018-08-12,Southampton,Burnley,1.01994,1.40827,0.2552,0.2792,0.4656,1.01994,1.40827,16.583333333333332,7.809523809523809,3.0,7.0,1.0448,1.6760000000000002,0.0,0.0,1.40827,1.01994
2018-08-12,Liverpool,West Ham,4.34421,0.404253,0.9893,0.0092,0.0015,4.34421,0.404253,8.03225806451613,25.1875,16.0,3.0,2.9770999999999996,0.0137,0.0,0.0,0.404253,4.34421
2018-08-12,Arsenal,Man City,0.445187,2.0178,0.0451,0.1428,0.8121,0.445187,2.0178,13.56,10.954545454545455,8.0,8.0,0.2781,2.5791,0.0,0.0,2.0178,0.445187
2018-08-18,Chelsea,Arsenal,1.71799,2.45798,0.231,0.2035,0.5655,1.71799,2.45798,10.76,18.136363636363637,10.0,7.0,0.8965000000000001,1.9,0.0,0.0,2.45798,1.71799
2018-08-18,Everton,Southampton,2.02004,1.77471,0.4316,0.2692,0.2992,2.02004,1.77471,5.074074074074074,9.818181818181818,4.0,7.0,1.564,1.1668,0.0,0.0,1.77471,2.02004
2018-08-18,Leicester,Wolves,0.222843,1.09349,0.0571,0.292,0.6509,0.222843,1.09349,15.38888888888889,7.129032258064516,4.0,6.0,0.4633,2.2447,0.0,0.0,1.09349,0.222843
2018-08-18,West Ham,Bournemouth,1.10275,1.69077,0.1961,0.2942,0.5097,0.341659,1.69077,6.769230769230769,15.411764705882353,9.0,10.0,0.8825000000000001,1.8233000000000001,0.0,0.0,1.69077,1.10275
2018-08-18,Cardiff,Newcastle,1.15521,1.55405,0.2369,0.2926,0.4705,1.15521,0.79288,5.033333333333333,6.294117647058823,3.0,3.0,1.0033,1.7041,0.0,0.0,1.55405,1.15521
2018-08-18,Tottenham,Fulham,3.26713,1.44253,0.7814,0.1358,0.0828,3.26713,1.44253,8.382352941176471,89.5,20.0,4.0,2.48,0.3842,0.0,0.0,1.44253,3.26713
2018-08-19,Man City,Huddersfield,4.60356,0.663731,0.9792,0.0183,0.0025,4.60356,0.663731,9.181818181818182,35.22222222222222,17.0,4.0,2.9558999999999997,0.0258,0.0,0.0,0.663731,4.60356
2018-08-19,Burnley,Watford,0.392642,1.9171,0.03,0.123,0.847,0.392642,1.9171,7.842105263157895,8.73076923076923,4.0,9.0,0.213,2.6639999999999997,0.0,0.0,1.9171,0.392642
2018-08-19,Brighton,Man United,1.63672,1.56579,0.3538,0.3473,0.2989,0.875549,0.804623,11.027777777777779,9.357142857142858,2.0,5.0,1.4086999999999998,1.244,0.0,0.0,1.56579,1.63672
2018-08-20,Crystal Palace,Liverpool,0.368608,2.82183,0.0111,0.0563,0.9326,0.368608,2.06066,30.083333333333332,7.428571428571429,3.0,17.0,0.08960000000000001,2.8541,0.0,0.0,2.82183,0.368608
2018-08-25,Arsenal,West Ham,1.7852,1.17924,0.5255,0.2474,0.2271,1.7852,1.17924,5.03030303030303,17.72222222222222,8.0,10.0,1.8238999999999999,0.9287000000000001,0.0,0.0,1.17924,1.7852
2018-08-25,Liverpool,Brighton,1.81412,0.535616,0.7125,0.2072,0.0803,1.81412,0.535616,6.6923076923076925,19.636363636363637,13.0,2.0,2.3447,0.4481,0.0,0.0,0.535616,1.81412
2018-08-25,Bournemouth,Everton,2.5887,0.543665,0.876,0.0937,0.0303,1.82753,0.543665,9.35,9.454545454545455,11.0,4.0,2.7217000000000002,0.18460000000000001,0.0,0.0,0.543665,2.5887
2018-08-25,Southampton,Leicester,0.542494,0.517935,0.276,0.4481,0.2759,0.542494,0.517935,7.774193548387097,13.294117647058824,7.0,2.0,1.2761,1.2757999999999998,0.0,0.0,0.517935,0.542494
2018-08-25,Wolves,Man City,1.26376,1.84293,0.22,0.2638,0.5162,1.26376,1.84293,22.875,6.833333333333333,2.0,10.0,0.9238,1.8124,0.0,0.0,1.84293,1.26376
2018-08-25,Huddersfield,Cardiff,0.203453,1.06351,0.0611,0.3185,0.6204,0.203453,1.06351,8.833333333333334,8.478260869565217,1.0,5.0,0.5018,2.1796999999999995,0.0,0.0,1.06351,0.203453
2018-08-26,Watford,Crystal Palace,1.14596,1.21905,0.3208,0.3146,0.3646,1.14596,1.21905,9.590909090909092,6.6,7.0,5.0,1.277,1.4083999999999999,0.0,0.0,1.21905,1.14596
2018-08-26,Fulham,Burnley,1.92459,1.56882,0.4467,0.2621,0.2912,1.92459,1.56882,11.714285714285714,18.57894736842105,10.0,5.0,1.6022,1.1357,0.0,0.0,1.56882,1.92459
2018-08-26,Newcastle,Chelsea,0.209337,1.49669,0.0288,0.176,0.7952,0.209337,0.735524,24.142857142857142,4.444444444444445,3.0,13.0,0.26239999999999997,2.5616000000000003,0.0,0.0,1.49669,0.209337
2018-08-27,Man United,Tottenham,1.40321,1.80811,0.269,0.2436,0.4874,1.40321,1.80811,9.428571428571429,8.40625,7.0,6.0,1.0506,1.7058,0.0,0.0,1.80811,1.40321
2018-09-01,Crystal Palace,Southampton,2.35193,3.13612,0.228,0.2078,0.5642,2.35193,2.37495,11.944444444444445,10.08695652173913,5.0,3.0,0.8918,1.9004,0.0,0.0,3.13612,2.35193
2018-09-01,Leicester,Liverpool,0.981217,1.22722,0.2629,0.3246,0.4125,0.981217,1.22722,13.0,9.88888888888889,5.0,5.0,1.1133000000000002,1.5620999999999998,0.0,0.0,1.22722,0.981217
2018-09-01,West Ham,Wolves,0.888887,1.22301,0.2413,0.3045,0.4542,0.888887,1.22301,14.333333333333334,10.346153846153847,7.0,4.0,1.0284,1.6671,0.0,0.0,1.22301,0.888887
2018-09-01,Everton,Huddersfield,0.616013,0.660035,0.272,0.4062,0.3218,0.616013,0.660035,8.523809523809524,9.344827586206897,2.0,1.0,1.2222,1.3716,0.0,0.0,0.660035,0.616013
2018-09-01,Chelsea,Bournemouth,1.16408,0.950959,0.387,0.3123,0.3007,1.16408,0.950959,8.214285714285714,21.235294117647058,15.0,3.0,1.4733,1.2144000000000001,0.0,0.0,0.950959,1.16408
2018-09-01,Brighton,Fulham,2.68216,1.51555,0.6739,0.1942,0.1319,1.15982,1.51555,11.482758620689655,13.642857142857142,3.0,3.0,2.2159,0.5899,0.0,0.0,1.51555,2.68216
2018-09-01,Man City,Newcastle,2.46904,0.554763,0.8343,0.1322,0.0335,2.46904,0.554763,8.818181818181818,30.46153846153846,9.0,2.0,2.6351000000000004,0.23270000000000002,0.0,0.0,0.554763,2.46904
2018-09-02,Cardiff,Arsenal,0.77426,1.41005,0.1947,0.2698,0.5355,0.77426,1.41005,16.363636363636363,4.5,5.0,15.0,0.8539000000000001,1.8763,0.0,0.0,1.41005,0.77426
2018-09-02,Burnley,Man United,1.09923,2.90359,0.0644,0.1378,0.7978,1.09923,2.14242,21.0,10.75,2.0,13.0,0.33099999999999996,2.5311999999999997,0.0,0.0,2.90359,1.09923
2018-09-02,Watford,Tottenham,0.454309,0.582521,0.2195,0.4474,0.3331,0.454309,0.582521,11.24,5.083333333333333,3.0,5.0,1.1059,1.4467,0.0,0.0,0.582521,0.454309
2018-09-15,Chelsea,Cardiff,2.67145,0.8276,0.8241,0.1326,0.0433,1.91028,0.8276,4.0,18.363636363636363,13.0,3.0,2.6049,0.26249999999999996,0.0,0.0,0.8276,2.67145
2018-09-15,Bournemouth,Leicester,2.22726,1.82502,0.4797,0.2532,0.2671,1.46609,1.06386,16.916666666666668,7.0,6.0,8.0,1.6923,1.0545,0.0,0.0,1.82502,2.22726
2018-09-15,Huddersfield,Crystal Palace,0.87744,0.746631,0.366,0.3492,0.2848,0.87744,0.746631,11.842105263157896,15.941176470588236,5.0,2.0,1.4471999999999998,1.2036,0.0,0.0,0.746631,0.87744
2018-09-15,Watford,Man United,1.17523,1.64902,0.218,0.2734,0.5086,1.17523,1.64902,12.772727272727273,10.055555555555555,7.0,6.0,0.9274,1.7992000000000004,0.0,0.0,1.64902,1.17523
2018-09-15,Newcastle,Arsenal,0.412121,0.90461,0.159,0.3722,0.4688,0.412121,0.90461,14.75,7.095238095238095,3.0,10.0,0.8492,1.7786,0.0,0.0,0.90461,0.412121
2018-09-15,Tottenham,Liverpool,0.788168,3.01015,0.0318,0.0857,0.8825,0.788168,3.01015,10.333333333333334,19.789473684210527,8.0,7.0,0.1811,2.7332,0.0,0.0,3.01015,0.788168
2018-09-15,Man City,Fulham,4.91621,0.342698,0.9962,0.0033,0.0005,4.91621,0.342698,10.857142857142858,38.18181818181818,22.0,3.0,2.9919,0.0048000000000000004,0.0,0.0,0.342698,4.91621
2018-09-16,Wolves,Burnley,3.3916,0.208994,0.965,0.0311,0.0039,3.3916,0.208994,17.384615384615383,17.9375,11.0,3.0,2.9261,0.0428,0.0,0.0,0.208994,3.3916
2018-09-16,Everton,West Ham,1.26774,1.52437,0.2789,0.2847,0.4364,1.26774,1.52437,6.62962962962963,11.090909090909092,5.0,7.0,1.1214,1.5939,0.0,0.0,1.52437,1.26774
2018-09-17,Southampton,Brighton,2.19521,1.97094,0.4184,0.2929,0.2887,1.43404,1.20977,9.346153846153847,16.0,6.0,7.0,1.5480999999999998,1.159,0.0,0.0,1.97094,2.19521
2018-09-22,Brighton,Tottenham,0.817174,2.11655,0.0836,0.1882,0.7282,0.817174,1.35542,16.666666666666668,4.575757575757576,2.0,4.0,0.43899999999999995,2.3728,0.0,0.0,2.11655,0.817174
2018-09-22,Burnley,Bournemouth,2.29417,0.976413,0.737,0.1749,0.0881,2.29417,0.976413,10.3125,17.333333333333332,10.0,10.0,2.3859,0.4392,0.0,0.0,0.976413,2.29417
2018-09-22,Crystal Palace,Newcastle,0.930793,0.229309,0.5398,0.374,0.0862,0.930793,0.229309,7.35,9.344827586206897,9.0,1.0,1.9933999999999998,0.6326,0.0,0.0,0.229309,0.930793
2018-09-22,Cardiff,Man City,0.0980726,3.08415,0.0029,0.0352,0.9619,0.0980726,3.08415,67.5,7.642857142857143,2.0,18.0,0.0439,2.9209,0.0,0.0,3.08415,0.0980726
2018-09-22,Liverpool,Southampton,1.77893,0.310467,0.8579,0.1225,0.0196,1.77893,0.310467,17.4,24.36842105263158,13.0,5.0,2.6962,0.1813,0.0,0.0,0.310467,1.77893
2018-09-22,Man United,Wolves,0.62283,1.1185,0.1789,0.3122,0.5089,0.62283,1.1185,16.583333333333332,17.863636363636363,12.0,7.0,0.8489,1.8389,0.0,0.0,1.1185,0.62283
2018-09-22,Fulham,Watford,1.77245,1.76133,0.3766,0.2572,0.3662,1.77245,1.76133,8.294117647058824,12.08,4.0,5.0,1.387,1.3558,0.0,0.0,1.76133,1.77245
2018-09-22,Leicester,Huddersfield,1.80404,0.688176,0.676,0.2164,0.1076,1.80404,0.688176,6.961538461538462,17.68421052631579,2.0,2.0,2.2444,0.5392,0.0,0.0,0.688176,1.80404
2018-09-23,West Ham,Chelsea,1.0177,1.88344,0.161,0.2497,0.5893,1.0177,1.88344,27.0,5.6923076923076925,4.0,12.0,0.7327,2.0176,0.0,0.0,1.88344,1.0177
2018-09-23,Arsenal,Everton,0.930544,1.06523,0.287,0.3282,0.3848,0.930544,1.06523,4.870967741935484,17.166666666666668,15.0,5.0,1.1892,1.4826,0.0,0.0,1.06523,0.930544
2018-09-29,Arsenal,Watford,1.57061,2.62141,0.1664,0.199,0.6346,1.57061,2.62141,9.0,10.296296296296296,9.0,4.0,0.6981999999999999,2.1028000000000002,0.0,0.0,2.62141,1.57061
2018-09-29,West Ham,Man United,1.3029,0.865739,0.4851,0.3156,0.1993,1.3029,0.865739,13.052631578947368,11.333333333333334,9.0,2.0,1.7708999999999997,0.9135,0.0,0.0,0.865739,1.3029
2018-09-29,Wolves,Southampton,1.42507,0.679627,0.5683,0.2728,0.1589,1.42507,0.679627,10.52,12.238095238095237,5.0,9.0,1.9777,0.7495,0.0,0.0,0.679627,1.42507
2018-09-29,Newcastle,Leicester,0.397301,1.34341,0.0701,0.2432,0.6867,0.397301,0.582246,11.666666666666666,9.095238095238095,3.0,3.0,0.4535,2.3032999999999997,0.0,0.0,1.34341,0.397301
2018-09-29,Man City,Brighton,2.90697,0.23023,0.9482,0.0453,0.0065,2.90697,0.23023,6.052631578947368,33.0,21.0,0.0,2.8899000000000004,0.0648,0.0,0.0,0.23023,2.90697
2018-09-29,Huddersfield,Tottenham,0.339245,2.33733,0.0173,0.0862,0.8965,0.339245,1.57616,6.142857142857143,14.266666666666667,3.0,1.0,0.1381,2.7756999999999996,0.0,0.0,2.33733,0.339245
2018-09-29,Everton,Fulham,2.31538,0.536317,0.8411,0.1257,0.0332,1.55432,0.536317,8.307692307692308,10.0,7.0,6.0,2.649,0.2253,0.0,0.0,0.536317,2.31538
2018-09-29,Chelsea,Liverpool,1.77638,1.74071,0.3755,0.2542,0.3703,1.77638,1.74071,40.55555555555556,15.304347826086957,4.0,8.0,1.3807,1.3651,0.0,0.0,1.74071,1.77638
2018-09-30,Cardiff,Burnley,1.56707,0.111527,0.8015,0.18,0.0185,1.56707,0.111527,6.176470588235294,6.923076923076923,14.0,6.0,2.5845000000000002,0.2355,0.0,0.0,0.111527,1.56707
2018-10-01,Bournemouth,Crystal Palace,1.97143,0.385841,0.8371,0.1266,0.0363,1.21026,0.385841,15.05,13.0,4.0,11.0,2.6378999999999997,0.2355,0.0,0.0,0.385841,1.97143
2018-10-05,Brighton,West Ham,1.02566,1.43652,0.245,0.2935,0.4615,1.02566,1.43652,12.952380952380953,8.866666666666667,2.0,15.0,1.0285,1.678,0.0,0.0,1.43652,1.02566
2018-10-06,Watford,Bournemouth,1.06613,3.28471,0.0276,0.0738,0.8986,1.06613,2.52354,11.476190476190476,15.307692307692308,6.0,5.0,0.15660000000000002,2.7695999999999996,0.0,0.0,3.28471,1.06613
2018-10-06,Tottenham,Cardiff,2.6517,1.13843,0.7439,0.168,0.0881,2.6517,1.13843,9.0,17.85,17.0,2.0,2.3997,0.4323,0.0,0.0,1.13843,2.6517
2018-10-06,Leicester,Everton,1.10472,1.14952,0.3366,0.3105,0.3529,1.10472,1.14952,12.470588235294118,13.15,2.0,6.0,1.3203,1.3692,0.0,0.0,1.14952,1.10472
2018-10-06,Crystal Palace,Wolves,1.03714,0.755654,0.4233,0.3577,0.219,1.03714,0.755654,5.92,18.38095238095238,6.0,4.0,1.6276000000000002,1.0147,0.0,0.0,0.755654,1.03714
2018-10-06,Burnley,Huddersfield,0.353128,1.02549,0.1117,0.3418,0.5465,0.353128,1.02549,14.434782608695652,6.411764705882353,1.0,1.0,0.6769,1.9813,0.0,0.0,1.02549,0.353128
2018-10-06,Man United,Newcastle,2.40631,1.55962,0.5878,0.2054,0.2068,2.40631,1.55962,5.0,13.44,12.0,5.0,1.9687999999999999,0.8258000000000001,0.0,0.0,1.55962,2.40631
2018-10-07,Fulham,Arsenal,1.31588,1.13706,0.4029,0.2875,0.3096,1.31588,1.13706,11.961538461538462,15.333333333333334,5.0,12.0,1.4962,1.2163,0.0,0.0,1.13706,1.31588
2018-10-07,Southampton,Chelsea,1.487,3.54699,0.0646,0.1134,0.822,1.487,3.54699,14.130434782608695,11.352941176470589,5.0,15.0,0.30720000000000003,2.5793999999999997,0.0,0.0,3.54699,1.487
2018-10-07,Liverpool,Man City,0.433994,1.07481,0.1026,0.3057,0.5917,0.433994,0.313641,23.133333333333333,15.136363636363637,3.0,4.0,0.6134999999999999,2.0808,0.0,0.0,1.07481,0.433994
2018-10-20,Huddersfield,Liverpool,0.638341,0.663819,0.286,0.401,0.313,0.638341,0.663819,13.75,18.944444444444443,0.0,10.0,1.259,1.34,0.0,0.0,0.663819,0.638341
2018-10-20,Bournemouth,Southampton,0.840403,0.589633,0.4011,0.3847,0.2142,0.840403,0.589633,14.0,9.962962962962964,4.0,4.0,1.588,1.0273,0.0,0.0,0.589633,0.840403
2018-10-20,Cardiff,Fulham,1.7562,0.947712,0.5644,0.2533,0.1823,1.7562,0.947712,10.4,4.217391304347826,4.0,6.0,1.9465000000000001,0.8002,0.0,0.0,0.947712,1.7562
2018-10-20,Man City,Burnley,4.48577,0.370236,0.9845,0.0129,0.0026,4.48577,0.370236,9.421052631578947,39.0,18.0,1.0,2.9664,0.0207,0.0,0.0,0.370236,4.48577
2018-10-20,Chelsea,Man United,2.21163,1.11454,0.668,0.2173,0.1147,2.21163,1.11454,9.476190476190476,11.586206896551724,9.0,4.0,2.2213,0.5613999999999999,0.0,0.0,1.11454,2.21163
2018-10-20,West Ham,Tottenham,0.544268,1.11777,0.165,0.3148,0.5202,0.544268,1.11777,7.85,11.941176470588236,3.0,4.0,0.8098000000000001,1.8754,0.0,0.0,1.11777,0.544268
2018-10-20,Wolves,Watford,0.47391,1.0684,0.1458,0.3238,0.5304,0.47391,1.0684,10.2,13.647058823529411,8.0,4.0,0.7612,1.915,0.0,0.0,1.0684,0.47391
2018-10-20,Newcastle,Brighton,1.71169,0.675798,0.6389,0.2337,0.1274,1.71169,0.675798,4.2272727272727275,10.652173913043478,6.0,6.0,2.1504,0.6159,0.0,0.0,0.675798,1.71169
2018-10-21,Everton,Crystal Palace,1.92794,1.50174,0.4635,0.2749,0.2616,1.92794,0.740567,8.8,8.866666666666667,10.0,5.0,1.6654,1.0596999999999999,0.0,0.0,1.50174,1.92794
2018-10-22,Arsenal,Leicester,2.91637,0.932491,0.8504,0.1068,0.0428,2.91637,0.932491,6.0,18.347826086956523,14.0,2.0,2.6580000000000004,0.2352,0.0,0.0,0.932491,2.91637
2018-10-27,Southampton,Newcastle,1.19216,0.297646,0.6131,0.3083,0.0786,1.19216,0.297646,13.4375,8.363636363636363,7.0,3.0,2.1475999999999997,0.5441,0.0,0.0,0.297646,1.19216
2018-10-27,Leicester,West Ham,1.95344,1.56009,0.4553,0.288,0.2567,1.95344,1.56009,4.153846153846154,10.8,5.0,7.0,1.6539,1.0581,0.0,0.0,1.56009,1.95344
2018-10-27,Watford,Huddersfield,2.29622,0.479655,0.8433,0.1184,0.0383,2.29622,0.479655,11.8,8.066666666666666,6.0,6.0,2.6483,0.2333,0.0,0.0,0.479655,2.29622
2018-10-27,Fulham,Bournemouth,0.383833,2.10555,0.0288,0.1127,0.8585,0.383833,1.34439,16.176470588235293,31.8,1.0,12.0,0.1991,2.6881999999999997,0.0,0.0,2.10555,0.383833
2018-10-27,Brighton,Wolves,1.01337,1.38027,0.259,0.3006,0.4404,1.01337,1.38027,15.8125,5.527777777777778,6.0,4.0,1.0776,1.6218000000000001,0.0,0.0,1.38027,1.01337
2018-10-27,Liverpool,Cardiff,2.30176,0.643117,0.8332,0.1399,0.0269,2.30176,0.643117,6.75,82.66666666666667,16.0,1.0,2.6395,0.2206,0.0,0.0,0.643117,2.30176
2018-10-28,Crystal Palace,Arsenal,2.38115,0.845197,0.7997,0.1472,0.0531,0.858849,0.845197,15.545454545454545,7.466666666666667,6.0,2.0,2.5462999999999996,0.3065,0.0,0.0,0.845197,2.38115
2018-10-28,Burnley,Chelsea,0.269828,3.01621,0.0087,0.0547,0.9366,0.269828,3.01621,15.93939393939394,13.066666666666666,1.0,8.0,0.0808,2.8645,0.0,0.0,3.01621,0.269828
2018-10-28,Man United,Everton,2.51393,1.67348,0.5995,0.2332,0.1673,1.64513,0.912308,8.851851851851851,10.72,5.0,6.0,2.0317000000000003,0.7351,0.0,0.0,1.67348,2.51393
2018-10-29,Tottenham,Man City,0.442436,1.93588,0.0444,0.1683,0.7873,0.442436,1.93588,10.653846153846153,13.181818181818182,4.0,15.0,0.3015,2.5302,0.0,0.0,1.93588,0.442436
2018-11-03,Wolves,Tottenham,2.40643,1.63123,0.5801,0.2511,0.1688,0.884092,1.63123,10.2,14.222222222222221,4.0,4.0,1.9914,0.7575,0.0,0.0,1.63123,2.40643
2018-11-03,Cardiff,Leicester,0.922262,2.18288,0.0824,0.1815,0.7361,0.922262,2.18288,10.5,6.571428571428571,7.0,6.0,0.42869999999999997,2.3898,0.0,0.0,2.18288,0.922262
2018-11-03,Everton,Brighton,2.59305,0.676348,0.8542,0.1165,0.0293,2.59305,0.676348,6.357142857142857,11.0,10.0,0.0,2.6790999999999996,0.20440000000000003,0.0,0.0,0.676348,2.59305
2018-11-03,Arsenal,Liverpool,1.62321,1.19558,0.4906,0.2623,0.2471,1.62321,1.19558,8.208333333333334,24.6,9.0,8.0,1.7341,1.0036,0.0,0.0,1.19558,1.62321
2018-11-03,West Ham,Burnley,2.55739,0.882514,0.775,0.1514,0.0736,2.55739,0.882514,9.6,12.6,14.0,3.0,2.4764000000000004,0.3722,0.0,0.0,0.882514,2.55739
2018-11-03,Bournemouth,Man United,1.928,3.29249,0.1416,0.1615,0.6969,1.928,3.29249,15.0625,9.681818181818182,14.0,15.0,0.5863,2.2522,0.0,0.0,3.29249,1.928
2018-11-03,Newcastle,Watford,0.691575,2.5452,0.0503,0.1282,0.8215,0.691575,2.5452,11.0,10.6,1.0,18.0,0.2791,2.5927000000000002,0.0,0.0,2.5452,0.691575
2018-11-04,Man City,Southampton,2.76272,1.81466,0.604,0.2039,0.1921,2.76272,1.05349,8.95,29.785714285714285,35.0,4.0,2.0159,0.7802,0.0,0.0,1.81466,2.76272
2018-11-04,Chelsea,Crystal Palace,1.88741,0.454547,0.7673,0.1725,0.0602,1.88741,0.454547,10.055555555555555,19.74074074074074,9.0,4.0,2.4743999999999997,0.35309999999999997,0.0,0.0,0.454547,1.88741
2018-11-05,Huddersfield,Fulham,0.51433,0.354166,0.3159,0.4903,0.1938,0.51433,0.354166,4.795918367346939,10.2,4.0,1.0,1.438,1.0717,0.0,0.0,0.354166,0.51433
2018-11-10,Cardiff,Brighton,1.94297,0.767044,0.7218,0.2012,0.077,1.94297,0.767044,8.2,8.44,4.0,3.0,2.3666,0.4322,0.0,0.0,0.767044,1.94297
2018-11-10,Southampton,Watford,1.20211,1.07573,0.387,0.2997,0.3133,1.20211,1.07573,8.08,6.9,5.0,11.0,1.4607,1.2396,0.0,0.0,1.07573,1.20211
2018-11-10,Newcastle,Bournemouth,2.57545,1.91687,0.5428,0.2322,0.225,2.57545,1.91687,15.210526315789474,6.2727272727272725,4.0,5.0,1.8605999999999998,0.9072,0.0,0.0,1.91687,2.57545
2018-11-10,Leicester,Burnley,1.5091,0.368393,0.691,0.2309,0.0781,1.5091,0.368393,7.882352941176471,12.75,6.0,0.0,2.3039,0.4652,0.0,0.0,0.368393,1.5091
2018-11-10,Huddersfield,West Ham,1.17524,1.44113,0.2674,0.3001,0.4325,1.17524,1.44113,10.115384615384615,8.647058823529411,4.0,5.0,1.1023,1.5976,0.0,0.0,1.44113,1.17524
2018-11-10,Crystal Palace,Tottenham,0.688016,1.55381,0.1216,0.255,0.6234,0.688016,1.55381,12.703703703703704,7.2,6.0,1.0,0.6198,2.1252,0.0,0.0,1.55381,0.688016
2018-11-11,Arsenal,Wolves,0.965843,1.86549,0.1382,0.2372,0.6246,0.965843,1.86549,6.130434782608695,20.9,11.0,8.0,0.6517999999999999,2.111,0.0,0.0,1.86549,0.965843
2018-11-11,Man City,Man United,2.02764,0.97089,0.6656,0.2351,0.0993,2.02764,0.209721,12.631578947368421,20.210526315789473,16.0,5.0,2.2319,0.533,0.0,0.0,0.97089,2.02764
2018-11-11,Liverpool,Fulham,2.22417,0.571301,0.7944,0.1514,0.0542,2.22417,0.571301,4.571428571428571,32.142857142857146,12.0,1.0,2.5346,0.314,0.0,0.0,0.571301,2.22417
2018-11-11,Chelsea,Everton,1.16298,0.198027,0.6687,0.2783,0.053,1.16298,0.198027,6.84,17.24,7.0,0.0,2.2843999999999998,0.4373,0.0,0.0,0.198027,1.16298
2018-11-24,West Ham,Man City,0.829504,2.95852,0.016,0.0745,0.9095,0.829504,2.95852,29.11111111111111,14.615384615384615,6.0,11.0,0.1225,2.803,0.0,0.0,2.95852,0.829504
2018-11-24,Watford,Liverpool,0.673382,1.45314,0.116,0.2791,0.6049,0.673382,1.45314,15.041666666666666,6.576923076923077,3.0,7.0,0.6271,2.0938,0.0,0.0,1.45314,0.673382
2018-11-24,Man United,Crystal Palace,1.34245,1.05292,0.4361,0.2893,0.2746,1.34245,1.05292,5.185185185185185,17.466666666666665,12.0,4.0,1.5976,1.1131000000000002,0.0,0.0,1.05292,1.34245
2018-11-24,Fulham,Southampton,1.3875,1.67163,0.2909,0.2721,0.437,1.3875,1.67163,19.11764705882353,8.045454545454545,8.0,8.0,1.1448,1.5831,0.0,0.0,1.67163,1.3875
2018-11-24,Everton,Cardiff,2.48066,0.879108,0.7864,0.1558,0.0578,2.48066,0.879108,4.5,20.142857142857142,5.0,1.0,2.515,0.3292,0.0,0.0,0.879108,2.48066
2018-11-24,Brighton,Leicester,0.862315,1.12521,0.2362,0.3257,0.4381,0.862315,0.364041,9.6,9.791666666666666,3.0,5.0,1.0343,1.6400000000000001,0.0,0.0,1.12521,0.862315
2018-11-24,Tottenham,Chelsea,3.34649,0.962804,0.867,0.0913,0.0417,3.34649,0.962804,10.8,6.296296296296297,7.0,8.0,2.6923,0.21639999999999998,0.0,0.0,0.962804,3.34649
2018-11-25,Wolves,Huddersfield,0.701036,0.627281,0.3227,0.3892,0.2881,0.701036,0.627281,15.1,8.310344827586206,5.0,5.0,1.3573,1.2535,0.0,0.0,0.627281,0.701036
2018-11-25,Bournemouth,Arsenal,0.650884,1.71044,0.1067,0.2207,0.6726,0.650884,1.71044,19.733333333333334,9.181818181818182,6.0,16.0,0.5408,2.2384999999999997,0.0,0.0,1.71044,0.650884
2018-11-26,Burnley,Newcastle,1.49487,1.67701,0.2938,0.2962,0.41,1.49487,1.67701,14.578947368421053,11.96774193548387,10.0,3.0,1.1776,1.5262,0.0,0.0,1.67701,1.49487
2018-11-30,Cardiff,Wolves,1.09264,0.987623,0.3693,0.3331,0.2976,1.09264,0.987623,9.11111111111111,5.681818181818182,5.0,7.0,1.441,1.2259,0.0,0.0,0.987623,1.09264
2018-12-01,Newcastle,West Ham,1.12583,2.62697,0.0892,0.1511,0.7597,1.12583,2.62697,9.578947368421053,17.625,9.0,3.0,0.4187,2.4302,0.0,0.0,2.62697,1.12583
2018-12-01,Man City,Bournemouth,2.83557,0.715009,0.8811,0.0946,0.0243,2.83557,0.715009,6.208333333333333,67.42857142857143,10.0,6.0,2.7379,0.16749999999999998,0.0,0.0,0.715009,2.83557
2018-12-01,Leicester,Watford,1.41758,1.19923,0.4217,0.3121,0.2662,0.65641,1.19923,17.1875,6.523809523809524,1.0,9.0,1.5772000000000002,1.1107,0.0,0.0,1.19923,1.41758
2018-12-01,Huddersfield,Brighton,0.558083,1.67998,0.0821,0.2179,0.7,0.558083,1.67998,16.7,7.428571428571429,0.0,6.0,0.46420000000000006,2.3179,0.0,0.0,1.67998,0.558083
2018-12-01,Crystal Palace,Burnley,2.03785,0.302477,0.7991,0.1644,0.0365,2.03785,0.302477,13.692307692307692,11.130434782608695,10.0,2.0,2.5617,0.2739,0.0,0.0,0.302477,2.03785
2018-12-01,Southampton,Man United,0.623954,0.904803,0.2378,0.3472,0.415,0.623954,0.904803,12.137931034482758,7.947368421052632,6.0,5.0,1.0606,1.5921999999999998,0.0,0.0,0.904803,0.623954
2018-12-02,Liverpool,Everton,3.07574,1.23014,0.8327,0.1232,0.0441,3.07574,1.23014,6.117647058823529,16.944444444444443,8.0,5.0,2.6213,0.2555,0.0,0.0,1.23014,3.07574
2018-12-02,Arsenal,Tottenham,2.71421,1.0926,0.7844,0.1577,0.0579,1.95304,0.331433,6.592592592592593,9.516129032258064,9.0,1.0,2.5109000000000004,0.33140000000000003,0.0,0.0,1.0926,2.71421
2018-12-02,Chelsea,Fulham,2.17105,0.285256,0.8578,0.1156,0.0266,2.17105,0.285256,6.1,13.735294117647058,5.0,3.0,2.689,0.1954,0.0,0.0,0.285256,2.17105
2018-12-04,Brighton,Crystal Palace,1.2521,1.5329,0.2553,0.3291,0.4156,0.490927,0.771729,15.31578947368421,7.315789473684211,2.0,11.0,1.095,1.5759,0.0,0.0,1.5329,1.2521
2018-12-04,Bournemouth,Huddersfield,1.07393,1.5631,0.2537,0.2673,0.479,1.07393,1.5631,17.0625,4.933333333333334,3.0,9.0,1.0284,1.7043,0.0,0.0,1.5631,1.07393
2018-12-04,West Ham,Cardiff,1.57488,1.93448,0.25,0.261,0.489,1.57488,1.17331,6.2,10.28,10.0,2.0,1.0110000000000001,1.7280000000000002,0.0,0.0,1.93448,1.57488
2018-12-04,Watford,Man City,1.672,2.51933,0.1896,0.2258,0.5846,1.672,2.51933,39.5,6.9523809523809526,7.0,14.0,0.7946,1.9796,0.0,0.0,2.51933,1.672
2018-12-05,Wolves,Chelsea,0.682893,1.10702,0.2113,0.3358,0.4529,0.682893,1.10702,12.0,7.136363636363637,3.0,5.0,0.9696999999999999,1.6945000000000001,0.0,0.0,1.10702,0.682893
2018-12-05,Fulham,Leicester,1.47593,1.21575,0.426,0.2754,0.2986,1.47593,1.21575,12.5,8.153846153846153,7.0,2.0,1.5534,1.1711999999999998,0.0,0.0,1.21575,1.47593
2018-12-05,Burnley,Liverpool,1.05809,2.73897,0.0244,0.1313,0.8443,1.05809,2.73897,22.25,9.666666666666666,7.0,14.0,0.20450000000000002,2.6642,0.0,0.0,2.73897,1.05809
2018-12-05,Everton,Newcastle,2.10943,1.52214,0.5162,0.2609,0.2229,2.10943,1.52214,6.375,12.296296296296296,5.0,4.0,1.8094999999999999,0.9296,0.0,0.0,1.52214,2.10943
2018-12-05,Man United,Arsenal,1.33679,1.73226,0.2426,0.2908,0.4666,1.33679,1.73226,7.6923076923076925,18.142857142857142,4.0,10.0,1.0186,1.6905999999999999,0.0,0.0,1.73226,1.33679
2018-12-05,Tottenham,Southampton,1.73642,1.82434,0.3475,0.2661,0.3864,1.73642,1.82434,17.214285714285715,15.95,5.0,7.0,1.3086,1.4253,0.0,0.0,1.82434,1.73642
2018-12-08,Leicester,Tottenham,0.357742,0.917968,0.101,0.3388,0.5602,0.357742,0.917968,15.181818181818182,10.409090909090908,2.0,9.0,0.6418,2.0194,0.0,0.0,0.917968,0.357742
2018-12-08,Chelsea,Man City,0.526329,0.740048,0.2289,0.4037,0.3674,0.526329,0.740048,17.565217391304348,8.342857142857143,3.0,11.0,1.0904,1.5059,0.0,0.0,0.740048,0.526329
2018-12-08,Arsenal,Huddersfield,2.02156,0.308361,0.8359,0.1318,0.0323,2.02156,0.308361,5.583333333333333,10.620689655172415,8.0,2.0,2.6395,0.22870000000000001,0.0,0.0,0.308361,2.02156
2018-12-08,Burnley,Brighton,1.81251,0.951507,0.6084,0.2396,0.152,1.81251,0.951507,14.75,9.375,8.0,3.0,2.0648,0.6956,0.0,0.0,0.951507,1.81251
2018-12-08,West Ham,Crystal Palace,1.53635,0.934613,0.5337,0.2817,0.1846,1.53635,0.934613,12.3,10.285714285714286,4.0,4.0,1.8827999999999998,0.8354999999999999,0.0,0.0,0.934613,1.53635
2018-12-08,Man United,Fulham,3.15444,1.23251,0.8132,0.1297,0.0571,3.15444,0.471345,6.275862068965517,16.304347826086957,10.0,5.0,2.5693,0.30100000000000005,0.0,0.0,1.23251,3.15444
2018-12-08,Bournemouth,Liverpool,0.279142,1.80619,0.016,0.1081,0.8759,0.279142,1.80619,13.708333333333334,10.80952380952381,4.0,9.0,0.15610000000000002,2.7358,0.0,0.0,1.80619,0.279142
2018-12-08,Cardiff,Southampton,1.55832,0.501128,0.6637,0.231,0.1053,1.55832,0.501128,15.333333333333334,3.8636363636363638,7.0,1.0,2.2220999999999997,0.5469,0.0,0.0,0.501128,1.55832
2018-12-09,Newcastle,Wolves,0.4601,1.57799,0.0801,0.2073,0.7126,0.4601,1.57799,18.0,17.6,5.0,3.0,0.4476,2.3451,0.0,0.0,1.57799,0.4601
2018-12-10,Everton,Watford,1.72686,1.63043,0.3873,0.2781,0.3346,0.965692,1.63043,7.15,7.357142857142857,9.0,5.0,1.44,1.2819,0.0,0.0,1.63043,1.72686
2018-12-15,Crystal Palace,Leicester,0.39698,0.895305,0.1453,0.367,0.4877,0.39698,0.895305,8.242424242424242,6.862068965517241,6.0,4.0,0.8029000000000001,1.8301,0.0,0.0,0.895305,0.39698
2018-12-15,Fulham,West Ham,1.03424,0.75325,0.4155,0.3443,0.2402,1.03424,0.75325,8.130434782608695,11.818181818181818,4.0,7.0,1.5908,1.0649,0.0,0.0,0.75325,1.03424
2018-12-15,Huddersfield,Newcastle,0.671382,0.931041,0.2285,0.3454,0.4261,0.671382,0.931041,4.208333333333333,18.75,7.0,3.0,1.0309,1.6237,0.0,0.0,0.931041,0.671382
2018-12-15,Man City,Everton,1.79848,1.6235,0.4129,0.2665,0.3206,1.79848,1.6235,8.666666666666666,24.176470588235293,6.0,4.0,1.5051999999999999,1.2283,0.0,0.0,1.6235,1.79848
2018-12-15,Watford,Cardiff,1.64998,0.485768,0.6894,0.2197,0.0909,1.64998,0.485768,5.625,23.8,11.0,2.0,2.2879,0.4924,0.0,0.0,0.485768,1.64998
2018-12-15,Wolves,Bournemouth,2.02223,0.52685,0.8068,0.1426,0.0506,2.02223,0.52685,15.23076923076923,20.0,3.0,4.0,2.5629999999999997,0.2944,0.0,0.0,0.52685,2.02223
2018-12-15,Tottenham,Burnley,1.74625,0.451196,0.7347,0.1986,0.0667,1.74625,0.451196,7.071428571428571,18.166666666666668,11.0,4.0,2.4027,0.3987,0.0,0.0,0.451196,1.74625
2018-12-16,Southampton,Arsenal,1.21163,1.85763,0.1931,0.2571,0.5498,1.21163,1.85763,13.516129032258064,8.833333333333334,2.0,7.0,0.8363999999999999,1.9064999999999999,0.0,0.0,1.85763,1.21163
2018-12-16,Brighton,Chelsea,0.26126,1.6111,0.0305,0.1689,0.8006,0.26126,1.6111,13.785714285714286,15.05,2.0,3.0,0.26039999999999996,2.5706999999999995,0.0,0.0,1.6111,0.26126
2018-12-16,Liverpool,Man United,2.60435,0.658049,0.8365,0.1248,0.0387,2.60435,0.658049,8.588235294117647,14.470588235294118,12.0,2.0,2.6343,0.2409,0.0,0.0,0.658049,2.60435
2018-12-21,Wolves,Liverpool,0.763821,2.16356,0.0939,0.1736,0.7325,0.763821,2.16356,14.153846153846153,15.266666666666667,3.0,10.0,0.45530000000000004,2.3711,0.0,0.0,2.16356,0.763821
2018-12-22,Cardiff,Man United,1.27173,2.72523,0.0866,0.1746,0.7388,0.510566,1.96406,20.27777777777778,4.142857142857143,1.0,10.0,0.4344,2.391,0.0,0.0,2.72523,1.27173
2018-12-22,Bournemouth,Brighton,0.892502,0.825478,0.3478,0.3434,0.3088,0.892502,0.825478,10.368421052631579,10.517241379310345,10.0,6.0,1.3868,1.2698,0.0,0.0,0.825478,0.892502
2018-12-22,Chelsea,Leicester,2.40458,0.456492,0.8557,0.1102,0.0341,2.40458,0.456492,4.608695652173913,16.55,10.0,5.0,2.6773,0.21250000000000002,0.0,0.0,0.456492,2.40458
2018-12-22,Huddersfield,Southampton,1.0038,2.60172,0.0728,0.1483,0.7789,1.0038,1.84055,4.212121212121212,15.105263157894736,8.0,6.0,0.3667,2.485,0.0,0.0,2.60172,1.0038
2018-12-22,West Ham,Watford,2.06507,2.32983,0.3177,0.2394,0.4429,2.06507,1.56866,6.791666666666667,8.043478260869565,6.0,9.0,1.1925,1.5681,0.0,0.0,2.32983,2.06507
2018-12-22,Newcastle,Fulham,0.289508,0.245408,0.2016,0.6266,0.1718,0.289508,0.245408,8.875,17.625,7.0,5.0,1.2314,1.1420000000000001,0.0,0.0,0.245408,0.289508
2018-12-22,Arsenal,Burnley,1.4656,1.03237,0.4621,0.3058,0.2321,1.4656,1.03237,8.0,13.6,9.0,4.0,1.6921000000000002,1.0021,0.0,0.0,1.03237,1.4656
2018-12-22,Man City,Crystal Palace,1.27118,1.14609,0.3514,0.3252,0.3234,1.27118,0.384919,4.4,24.25,16.0,0.0,1.3794,1.2954,0.0,0.0,1.14609,1.27118
2018-12-23,Everton,Tottenham,1.00121,2.55514,0.0787,0.1584,0.7629,1.00121,2.55514,14.892857142857142,10.65,3.0,5.0,0.3945000000000001,2.4471,0.0,0.0,2.55514,1.00121
2018-12-26,Brighton,Arsenal,1.38502,0.789138,0.544,0.314,0.142,1.38502,0.789138,19.708333333333332,14.454545454545455,8.0,10.0,1.9460000000000002,0.74,0.0,0.0,0.789138,1.38502
2018-12-26,Crystal Palace,Cardiff,2.43202,1.05926,0.6924,0.1858,0.1218,2.43202,1.05926,8.916666666666666,11.7,18.0,5.0,2.263,0.5512,0.0,0.0,1.05926,2.43202
2018-12-26,Watford,Chelsea,1.24414,2.1956,0.1425,0.2192,0.6383,1.24414,1.43443,14.884615384615385,13.4,7.0,8.0,0.6467,2.1340999999999997,0.0,0.0,2.1956,1.24414
2018-12-26,Leicester,Man City,1.55714,1.34781,0.4097,0.2791,0.3112,1.55714,1.34781,33.22222222222222,6.2,6.0,20.0,1.5082,1.2127,0.0,0.0,1.34781,1.55714
2018-12-26,Burnley,Everton,1.88646,1.8875,0.3577,0.2966,0.3457,1.88646,1.12637,10.043478260869565,12.625,3.0,6.0,1.3697000000000001,1.3337,0.0,0.0,1.8875,1.88646
2018-12-26,Man United,Huddersfield,1.79848,1.40594,0.4581,0.2864,0.2555,1.79848,1.40594,6.958333333333333,14.521739130434783,9.0,5.0,1.6607,1.0529,0.0,0.0,1.40594,1.79848
2018-12-26,Liverpool,Newcastle,3.24988,0.456309,0.9522,0.039,0.0088,2.48871,0.456309,4.6,24.77777777777778,19.0,0.0,2.8956000000000004,0.0654,0.0,0.0,0.456309,3.24988
2018-12-26,Tottenham,Bournemouth,2.23457,1.21736,0.6496,0.2215,0.1289,2.23457,1.21736,17.666666666666668,16.96,8.0,9.0,2.1702999999999997,0.6082,0.0,0.0,1.21736,2.23457
2018-12-26,Fulham,Wolves,1.2769,1.35896,0.304,0.3214,0.3746,1.2769,1.35896,21.6,7.894736842105263,4.0,2.0,1.2334,1.4451999999999998,0.0,0.0,1.35896,1.2769
2018-12-27,Southampton,West Ham,1.28665,1.26973,0.3432,0.3622,0.2946,1.28665,1.26973,10.5,8.11111111111111,6.0,6.0,1.3918000000000001,1.246,0.0,0.0,1.26973,1.28665
2018-12-29,Liverpool,Arsenal,3.7053,1.08186,0.9334,0.0538,0.0128,2.18296,1.08186,13.785714285714286,9.387096774193548,12.0,6.0,2.854,0.0922,0.0,0.0,1.08186,3.7053
2018-12-29,Fulham,Huddersfield,1.72386,0.276791,0.8099,0.1524,0.0377,0.962693,0.276791,18.31578947368421,16.083333333333332,5.0,5.0,2.5821,0.2655,0.0,0.0,0.276791,1.72386
2018-12-29,Brighton,Everton,1.60311,0.655851,0.6497,0.2319,0.1184,1.60311,0.655851,9.23076923076923,13.0,4.0,5.0,2.181,0.5871,0.0,0.0,0.655851,1.60311
2018-12-29,Tottenham,Wolves,0.277704,1.20867,0.0684,0.2722,0.6594,0.277704,1.20867,9.076923076923077,41.7,3.0,5.0,0.4774,2.2504,0.0,0.0,1.20867,0.277704
2018-12-29,Watford,Newcastle,1.05566,0.661713,0.4304,0.3561,0.2135,1.05566,0.661713,6.818181818181818,12.807692307692308,11.0,3.0,1.6473,0.9965999999999999,0.0,0.0,0.661713,1.05566
2018-12-29,Leicester,Cardiff,1.51648,0.493212,0.6872,0.2287,0.0841,0.755309,0.493212,7.538461538461538,9.074074074074074,9.0,3.0,2.2903000000000002,0.481,0.0,0.0,0.493212,1.51648
2018-12-30,Crystal Palace,Chelsea,0.199002,0.741471,0.0869,0.4294,0.4837,0.199002,0.741471,32.75,8.37037037037037,2.0,6.0,0.6901,1.8805,0.0,0.0,0.741471,0.199002
2018-12-30,Southampton,Man City,0.221381,2.96802,0.0081,0.0472,0.9447,0.221381,2.96802,34.61538461538461,7.4375,4.0,12.0,0.0715,2.8813,0.0,0.0,2.96802,0.221381
2018-12-30,Burnley,West Ham,2.89884,0.656044,0.8832,0.0875,0.0293,2.89884,0.656044,7.4375,10.866666666666667,9.0,3.0,2.7371,0.1754,0.0,0.0,0.656044,2.89884
2018-12-30,Man United,Bournemouth,3.41874,0.705549,0.9448,0.0434,0.0118,3.41874,0.705549,11.105263157894736,38.166666666666664,10.0,3.0,2.8778,0.07880000000000001,0.0,0.0,0.705549,3.41874
2019-01-01,Everton,Leicester,0.871304,0.644144,0.3767,0.3704,0.2529,0.871304,0.644144,5.645161290322581,14.722222222222221,10.0,2.0,1.5005,1.1291,0.0,0.0,0.644144,0.871304
2019-01-01,Arsenal,Fulham,4.43325,1.71312,0.8899,0.0727,0.0374,4.43325,1.71312,10.75,12.541666666666666,21.0,5.0,2.7424000000000004,0.1849,0.0,0.0,1.71312,4.43325
2019-01-01,Cardiff,Tottenham,1.0789,1.38282,0.2456,0.3529,0.4015,1.0789,1.38282,33.05263157894737,12.545454545454545,4.0,4.0,1.0897000000000001,1.5574000000000001,0.0,0.0,1.38282,1.0789
2019-01-02,Bournemouth,Watford,2.84828,0.977046,0.8085,0.1335,0.058,2.84828,0.977046,11.294117647058824,17.666666666666668,9.0,9.0,2.559,0.3075,0.0,0.0,0.977046,2.84828
2019-01-02,Chelsea,Southampton,0.850791,0.158168,0.5363,0.4009,0.0628,0.850791,0.158168,7.411764705882353,13.0,7.0,0.0,2.0098,0.5892999999999999,0.0,0.0,0.158168,0.850791
2019-01-02,Newcastle,Man United,0.691878,2.6754,0.0437,0.1078,0.8485,0.691878,2.6754,17.958333333333332,10.705882352941176,6.0,10.0,0.2389,2.6533,0.0,0.0,2.6754,0.691878
2019-01-02,West Ham,Brighton,0.639356,0.686806,0.2824,0.398,0.3196,0.639356,0.686806,11.526315789473685,10.444444444444445,4.0,2.0,1.2452,1.3568,0.0,0.0,0.686806,0.639356
2019-01-02,Wolves,Crystal Palace,0.656255,1.94658,0.0669,0.1954,0.7377,0.656255,1.18542,10.5,14.227272727272727,2.0,3.0,0.3961,2.4084999999999996,0.0,0.0,1.94658,0.656255
2019-01-02,Huddersfield,Burnley,0.621818,2.66309,0.0374,0.1019,0.8607,0.621818,2.66309,19.0,6.913043478260869,1.0,7.0,0.2141,2.684,0.0,0.0,2.66309,0.621818
2019-01-03,Man City,Liverpool,1.00357,1.3801,0.2479,0.2928,0.4593,1.00357,1.3801,10.757575757575758,25.928571428571427,9.0,8.0,1.0365,1.6706999999999999,0.0,0.0,1.3801,1.00357
2019-01-12,West Ham,Arsenal,0.669394,0.685895,0.2969,0.3992,0.3039,0.669394,0.685895,13.538461538461538,9.95,7.0,8.0,1.2899,1.3109,0.0,0.0,0.685895,0.669394
2019-01-12,Leicester,Southampton,1.75983,1.41659,0.4491,0.2858,0.2651,1.75983,0.655425,4.944444444444445,10.38888888888889,12.0,3.0,1.6331,1.0811,0.0,0.0,1.41659,1.75983
2019-01-12,Crystal Palace,Watford,1.1617,1.56262,0.263,0.2643,0.4727,1.1617,1.56262,8.2,9.842105263157896,8.0,4.0,1.0533000000000001,1.6824,0.0,0.0,1.56262,1.1617
2019-01-12,Cardiff,Huddersfield,0.124558,0.39468,0.0799,0.6146,0.3055,0.124558,0.39468,7.0,5.0,0.0,7.0,0.8543000000000001,1.5311,0.0,0.0,0.39468,0.124558
2019-01-12,Burnley,Fulham,0.809801,0.903255,0.2905,0.3669,0.3426,0.809801,0.903255,13.28,10.631578947368421,3.0,2.0,1.2384,1.3947,0.0,0.0,0.903255,0.809801
2019-01-12,Brighton,Liverpool,0.384198,2.2665,0.023,0.1003,0.8767,0.384198,1.50533,23.789473684210527,15.9,4.0,16.0,0.1693,2.7304,0.0,0.0,2.2665,0.384198
2019-01-12,Chelsea,Newcastle,1.32355,0.395148,0.6344,0.2725,0.0931,1.32355,0.395148,8.863636363636363,15.0,7.0,5.0,2.1757,0.5518000000000001,0.0,0.0,0.395148,1.32355
2019-01-13,Tottenham,Man United,1.80359,0.957777,0.5867,0.2316,0.1817,1.80359,0.957777,6.275862068965517,20.25,15.0,2.0,1.9917,0.7767000000000001,0.0,0.0,0.957777,1.80359
2019-01-13,Everton,Bournemouth,1.7814,1.52828,0.4406,0.2567,0.3027,1.7814,1.52828,6.107142857142857,11.11111111111111,6.0,8.0,1.5785,1.1648,0.0,0.0,1.52828,1.7814
2019-01-14,Man City,Wolves,3.11947,0.0985446,0.981,0.0181,0.0009,2.3583,0.0985446,6.076923076923077,43.57142857142857,21.0,1.0,2.9611,0.020800000000000003,0.0,0.0,0.0985446,3.11947
2019-01-19,Wolves,Leicester,2.21719,1.33831,0.6009,0.2099,0.1892,2.21719,1.33831,9.125,8.909090909090908,8.0,9.0,2.0126,0.7775,0.0,0.0,1.33831,2.21719
2019-01-19,Watford,Burnley,1.06981,1.97256,0.1581,0.2318,0.6101,1.06981,1.97256,6.714285714285714,12.5,7.0,8.0,0.7061,2.0621,0.0,0.0,1.97256,1.06981
2019-01-19,Southampton,Everton,1.06009,1.31169,0.2707,0.2944,0.4349,1.06009,1.31169,8.0,7.5,4.0,9.0,1.1065,1.5991,0.0,0.0,1.31169,1.06009
2019-01-19,Newcastle,Cardiff,2.518,0.255727,0.93,0.0597,0.0103,2.518,0.255727,5.391304347826087,9.4,7.0,9.0,2.8497,0.0906,0.0,0.0,0.255727,2.518
2019-01-19,Man United,Brighton,2.64005,0.635111,0.8583,0.107,0.0347,1.87888,0.635111,17.75,17.294117647058822,5.0,2.0,2.6819,0.2111,0.0,0.0,0.635111,2.64005
2019-01-19,Liverpool,Crystal Palace,2.8299,0.695213,0.8844,0.087,0.0286,2.8299,0.695213,6.2592592592592595,36.7,14.0,3.0,2.7402,0.1728,0.0,0.0,0.695213,2.8299
2019-01-19,Bournemouth,West Ham,1.24835,0.971813,0.4159,0.3387,0.2454,1.24835,0.971813,15.85,11.470588235294118,3.0,6.0,1.5864,1.0749,0.0,0.0,0.971813,1.24835
2019-01-19,Arsenal,Chelsea,2.09412,0.755304,0.7194,0.1851,0.0955,2.09412,0.755304,9.617647058823529,6.3125,5.0,19.0,2.3432999999999997,0.47159999999999996,0.0,0.0,0.755304,2.09412
2019-01-20,Huddersfield,Man City,0.764264,2.01376,0.0793,0.2075,0.7132,0.764264,2.01376,21.22222222222222,9.277777777777779,1.0,13.0,0.4454,2.3470999999999997,0.0,0.0,2.01376,0.764264
2019-01-20,Fulham,Tottenham,0.937902,1.93316,0.1402,0.2116,0.6482,0.937902,1.93316,21.0,6.1,5.0,13.0,0.6322,2.1562,0.0,0.0,1.93316,0.937902
2019-01-29,Newcastle,Man City,0.992326,1.33896,0.2475,0.3338,0.4187,0.231157,1.33896,21.263157894736842,4.458333333333333,2.0,11.0,1.0762999999999998,1.5899,0.0,0.0,1.33896,0.992326
2019-01-29,Man United,Burnley,3.23417,0.934603,0.8756,0.0929,0.0315,2.473,0.934603,7.357142857142857,17.95,16.0,2.0,2.7197000000000005,0.1874,0.0,0.0,0.934603,3.23417
2019-01-29,Arsenal,Cardiff,2.69339,0.597893,0.8655,0.099,0.0355,1.93222,0.597893,7.357142857142857,28.90909090909091,21.0,2.0,2.6955000000000005,0.2055,0.0,0.0,0.597893,2.69339
2019-01-29,Huddersfield,Everton,0.73078,1.05995,0.2139,0.3407,0.4454,0.73078,1.05995,9.80952380952381,10.035714285714286,2.0,3.0,0.9824,1.6769,0.0,0.0,1.05995,0.73078
2019-01-29,Wolves,West Ham,2.0363,0.130179,0.873,0.1141,0.0129,2.0363,0.130179,11.944444444444445,13.35,7.0,4.0,2.7331,0.1528,0.0,0.0,0.130179,2.0363
2019-01-29,Fulham,Brighton,3.46113,2.36867,0.6302,0.1896,0.1802,3.46113,2.36867,9.842105263157896,16.727272727272727,6.0,5.0,2.0802,0.7302,0.0,0.0,2.36867,3.46113
2019-01-30,Bournemouth,Chelsea,2.15094,0.718873,0.7485,0.1734,0.0781,2.15094,0.718873,20.625,9.571428571428571,10.0,13.0,2.4189000000000003,0.4077,0.0,0.0,0.718873,2.15094
2019-01-30,Southampton,Crystal Palace,1.33257,1.53294,0.2951,0.284,0.4209,1.33257,1.53294,5.90625,27.181818181818183,6.0,7.0,1.1693,1.5467,0.0,0.0,1.53294,1.33257
2019-01-30,Tottenham,Watford,1.36248,0.479838,0.6509,0.2545,0.0946,1.36248,0.479838,7.470588235294118,16.61111111111111,11.0,3.0,2.2072000000000003,0.5383,0.0,0.0,0.479838,1.36248
2019-01-30,Liverpool,Leicester,0.576336,1.1272,0.1553,0.3129,0.5318,0.576336,1.1272,4.354838709677419,25.5625,12.0,6.0,0.7787999999999999,1.9083,0.0,0.0,1.1272,0.576336
2019-02-02,Chelsea,Huddersfield,2.94236,0.260391,0.9474,0.0465,0.0061,2.18119,0.260391,7.606060606060606,21.57894736842105,19.0,1.0,2.8887,0.0648,0.0,0.0,0.260391,2.94236
2019-02-02,Cardiff,Bournemouth,2.53093,0.35199,0.9113,0.073,0.0157,1.76977,0.35199,14.454545454545455,4.611111111111111,5.0,9.0,2.8069,0.12009999999999998,0.0,0.0,0.35199,2.53093
2019-02-02,Brighton,Watford,1.83528,0.279297,0.7904,0.17,0.0396,1.83528,0.279297,5.588235294117647,9.8,8.0,4.0,2.5412,0.28880000000000006,0.0,0.0,0.279297,1.83528
2019-02-02,Burnley,Southampton,2.00175,0.787747,0.6988,0.2056,0.0956,1.24058,0.787747,9.75,7.785714285714286,9.0,4.0,2.302,0.4924,0.0,0.0,0.787747,2.00175
2019-02-02,Everton,Wolves,1.36252,1.85729,0.2284,0.2697,0.5019,1.36252,1.09612,7.095238095238095,12.416666666666666,6.0,2.0,0.9549000000000001,1.7754,0.0,0.0,1.85729,1.36252
2019-02-02,Tottenham,Newcastle,3.10409,0.400152,0.9411,0.0473,0.0116,3.10409,0.400152,8.705882352941176,23.571428571428573,12.0,0.0,2.8706,0.0821,0.0,0.0,0.400152,3.10409
2019-02-02,Crystal Palace,Fulham,2.19582,0.560836,0.8331,0.1324,0.0345,1.43465,0.560836,14.222222222222221,11.714285714285714,7.0,2.0,2.6317,0.2359,0.0,0.0,0.560836,2.19582
2019-02-03,Leicester,Man United,1.40067,1.49717,0.3341,0.2808,0.3851,1.40067,1.49717,11.461538461538462,11.8125,8.0,4.0,1.2831,1.4361,0.0,0.0,1.49717,1.40067
2019-02-03,Man City,Arsenal,3.03102,0.703542,0.9499,0.0446,0.0055,3.03102,0.703542,8.7,15.65,22.0,3.0,2.8943,0.0611,0.0,0.0,0.703542,3.03102
2019-02-04,West Ham,Liverpool,0.791319,1.12475,0.2378,0.3212,0.441,0.791319,1.12475,17.0,4.782608695652174,6.0,5.0,1.0346,1.6441999999999999,0.0,0.0,1.12475,0.791319
2019-02-06,Everton,Man City,0.111559,2.60922,0.0028,0.0398,0.9574,0.111559,2.60922,15.65,8.0,4.0,15.0,0.0482,2.9120000000000004,0.0,0.0,2.60922,0.111559
2019-02-09,Brighton,Burnley,1.31614,1.83041,0.2274,0.2599,0.5127,1.31614,1.06928,9.636363636363637,35.0,9.0,4.0,0.9420999999999999,1.798,0.0,0.0,1.83041,1.31614
2019-02-09,Huddersfield,Arsenal,1.96816,1.46751,0.5008,0.266,0.2332,1.96816,1.46751,4.327272727272727,9.954545454545455,6.0,10.0,1.7684000000000002,0.9656,0.0,0.0,1.46751,1.96816
2019-02-09,Southampton,Cardiff,1.70666,0.980673,0.5862,0.3001,0.1137,1.70666,0.980673,3.7037037037037037,15.941176470588236,6.0,3.0,2.0587,0.6412,0.0,0.0,0.980673,1.70666
2019-02-09,Liverpool,Bournemouth,2.53003,0.390995,0.8738,0.0978,0.0284,2.53003,0.390995,7.103448275862069,36.45454545454545,17.0,5.0,2.7192,0.183,0.0,0.0,0.390995,2.53003
2019-02-09,Crystal Palace,West Ham,2.68412,1.74711,0.5987,0.2197,0.1816,2.68412,0.98594,9.052631578947368,16.375,19.0,7.0,2.0158,0.7645000000000001,0.0,0.0,1.74711,2.68412
2019-02-09,Fulham,Man United,2.18741,2.13209,0.3899,0.256,0.3541,2.18741,1.37093,7.793103448275862,14.555555555555555,4.0,17.0,1.4257000000000002,1.3183,0.0,0.0,2.13209,2.18741
2019-02-09,Watford,Everton,1.53311,0.641094,0.6611,0.2365,0.1024,1.53311,0.641094,6.27027027027027,5.681818181818182,7.0,3.0,2.2198,0.5437000000000001,0.0,0.0,0.641094,1.53311
2019-02-10,Tottenham,Leicester,1.21144,3.02164,0.0752,0.1331,0.7917,1.21144,2.26047,9.590909090909092,13.045454545454545,5.0,9.0,0.3587,2.5081999999999995,0.0,0.0,3.02164,1.21144
2019-02-10,Man City,Chelsea,4.04218,0.901867,0.9439,0.0428,0.0133,3.28101,0.901867,14.95,22.80952380952381,11.0,8.0,2.8745,0.0827,0.0,0.0,0.901867,4.04218
2019-02-11,Wolves,Newcastle,2.30998,0.435263,0.8557,0.113,0.0313,2.30998,0.435263,9.869565217391305,15.0,6.0,3.0,2.6801,0.20690000000000003,0.0,0.0,0.435263,2.30998
2019-02-22,West Ham,Fulham,2.72871,1.23555,0.7529,0.1775,0.0696,2.72871,1.23555,7.048780487804878,13.045454545454545,18.0,4.0,2.4362000000000004,0.3863,0.0,0.0,1.23555,2.72871
2019-02-22,Cardiff,Watford,1.90045,2.75798,0.1667,0.2325,0.6008,1.90045,2.75798,15.5,5.625,5.0,8.0,0.7326,2.0349,0.0,0.0,2.75798,1.90045
2019-02-23,Leicester,Crystal Palace,0.946697,1.57739,0.1775,0.2585,0.564,0.946697,0.816224,7.904761904761905,15.117647058823529,8.0,3.0,0.7909999999999999,1.9504999999999997,0.0,0.0,1.57739,0.946697
2019-02-23,Bournemouth,Wolves,2.13291,1.20286,0.6443,0.2451,0.1106,0.610568,0.441692,9.833333333333334,6.2592592592592595,6.0,3.0,2.178,0.5769,0.0,0.0,1.20286,2.13291
2019-02-23,Newcastle,Huddersfield,3.03313,0.133934,0.9536,0.0412,0.0052,3.03313,0.133934,12.391304347826088,39.75,14.0,2.0,2.902,0.0568,0.0,0.0,0.133934,3.03313
2019-02-23,Burnley,Tottenham,1.08514,0.845211,0.4136,0.3404,0.246,1.08514,0.845211,11.130434782608695,4.235294117647059,4.0,4.0,1.5812000000000002,1.0784,0.0,0.0,0.845211,1.08514
2019-02-24,Man United,Liverpool,0.474869,0.380519,0.2798,0.5016,0.2186,0.474869,0.380519,12.72,5.967741935483871,5.0,10.0,1.341,1.1574,0.0,0.0,0.380519,0.474869
2019-02-24,Arsenal,Southampton,2.35088,0.613167,0.8272,0.1262,0.0466,2.35088,0.613167,11.538461538461538,11.714285714285714,19.0,2.0,2.6078,0.266,0.0,0.0,0.613167,2.35088
2019-02-26,Leicester,Brighton,1.92171,1.20566,0.5573,0.236,0.2067,1.92171,1.20566,15.125,31.125,11.0,6.0,1.9079,0.8561,0.0,0.0,1.20566,1.92171
2019-02-26,Huddersfield,Wolves,1.46224,0.573166,0.6423,0.2569,0.1008,1.46224,0.573166,8.153846153846153,14.9375,6.0,1.0,2.1837999999999997,0.5593,0.0,0.0,0.573166,1.46224
2019-02-26,Cardiff,Everton,0.219359,1.14212,0.0617,0.2932,0.6451,0.219359,1.14212,8.34375,4.888888888888889,5.0,5.0,0.4783,2.2285,0.0,0.0,1.14212,0.219359
2019-02-26,Newcastle,Burnley,1.70312,1.74201,0.3377,0.2839,0.3784,1.70312,1.74201,11.352941176470589,11.947368421052632,4.0,7.0,1.2970000000000002,1.4191,0.0,0.0,1.74201,1.70312
2019-02-27,Chelsea,Tottenham,0.625978,0.722229,0.2461,0.3949,0.359,0.625978,0.722229,16.842105263157894,7.636363636363637,5.0,6.0,1.1332,1.4719,0.0,0.0,0.722229,0.625978
2019-02-27,Crystal Palace,Man United,1.69334,1.54089,0.4075,0.2706,0.3219,1.69334,1.54089,14.944444444444445,9.272727272727273,2.0,5.0,1.4930999999999999,1.2363,0.0,0.0,1.54089,1.69334
2019-02-27,Man City,West Ham,3.67741,0.400125,0.9834,0.0149,0.0017,2.91624,0.400125,9.5,41.111111111111114,24.0,3.0,2.9651,0.02,0.0,0.0,0.400125,3.67741
2019-02-27,Arsenal,Bournemouth,3.18716,0.88618,0.8694,0.0909,0.0397,3.18716,0.88618,12.933333333333334,19.63157894736842,13.0,7.0,2.6991,0.21,0.0,0.0,0.88618,3.18716
2019-02-27,Southampton,Fulham,1.15823,0.798715,0.4445,0.3206,0.2349,1.15823,0.798715,11.3,11.333333333333334,6.0,4.0,1.6541,1.0253,0.0,0.0,0.798715,1.15823
2019-02-27,Liverpool,Watford,2.74266,0.630423,0.8634,0.1053,0.0313,2.74266,0.630423,11.65,25.0,11.0,3.0,2.6955,0.19920000000000002,0.0,0.0,0.630423,2.74266
2019-03-02,Bournemouth,Man City,0.0,1.59515,0.0,0.1722,0.8278,0.0,1.59515,33.45454545454545,6.071428571428571,0.0,16.0,0.1722,2.6556,0.0,0.0,1.59515,0.0
2019-03-02,West Ham,Newcastle,1.88895,1.18549,0.5637,0.2384,0.1979,1.12778,1.18549,11.631578947368421,11.518518518518519,5.0,12.0,1.9295,0.8321000000000001,0.0,0.0,1.18549,1.88895
2019-03-02,Brighton,Huddersfield,1.39896,0.2014,0.7537,0.2094,0.0369,1.39896,0.2014,11.0,14.941176470588236,5.0,1.0,2.4705,0.3201,0.0,0.0,0.2014,1.39896
2019-03-02,Tottenham,Arsenal,1.76818,3.45713,0.0559,0.1381,0.806,1.00701,2.69596,6.619047619047619,9.161290322580646,7.0,6.0,0.30579999999999996,2.5561000000000003,0.0,0.0,3.45713,1.76818
2019-03-02,Man United,Southampton,2.54216,0.578485,0.865,0.1002,0.0348,1.781,0.578485,7.333333333333333,15.6,9.0,5.0,2.6952,0.2046,0.0,0.0,0.578485,2.54216
2019-03-02,Burnley,Crystal Palace,1.90872,0.706284,0.692,0.203,0.105,1.90872,0.706284,7.238095238095238,14.714285714285714,12.0,5.0,2.2789999999999995,0.518,0.0,0.0,0.706284,1.90872
2019-03-02,Wolves,Cardiff,3.2075,0.702261,0.914,0.0672,0.0188,3.2075,0.702261,8.866666666666667,9.827586206896552,7.0,3.0,2.8092,0.1236,0.0,0.0,0.702261,3.2075
2019-03-03,Watford,Leicester,1.36515,0.794683,0.5398,0.2847,0.1755,1.36515,0.794683,12.4,13.0,4.0,2.0,1.9040999999999997,0.8111999999999999,0.0,0.0,0.794683,1.36515
2019-03-03,Fulham,Chelsea,0.898469,1.53632,0.2077,0.266,0.5263,0.898469,1.53632,20.38095238095238,10.130434782608695,4.0,13.0,0.8891,1.8449,0.0,0.0,1.53632,0.898469
2019-03-03,Everton,Liverpool,0.241879,0.811272,0.0907,0.3932,0.5161,0.241879,0.811272,14.526315789473685,6.913043478260869,1.0,11.0,0.6653,1.9415,0.0,0.0,0.811272,0.241879
2019-03-09,Cardiff,West Ham,3.49275,0.295869,0.9874,0.0113,0.0013,3.49275,0.295869,16.263157894736842,4.166666666666667,4.0,6.0,2.9735,0.015199999999999998,0.0,0.0,0.295869,3.49275
2019-03-09,Crystal Palace,Brighton,1.44291,0.129312,0.8254,0.1596,0.015,0.681746,0.129312,8.173913043478262,11.3,12.0,2.0,2.6358,0.2046,0.0,0.0,0.129312,1.44291
2019-03-09,Southampton,Tottenham,2.07772,1.26876,0.5939,0.2267,0.1794,2.07772,1.26876,8.34375,8.714285714285714,5.0,5.0,2.0084,0.7649,0.0,0.0,1.26876,2.07772
2019-03-09,Newcastle,Everton,2.37896,1.15114,0.6959,0.1969,0.1072,1.61779,1.15114,9.782608695652174,6.555555555555555,7.0,10.0,2.2845999999999997,0.5185,0.0,0.0,1.15114,2.37896
2019-03-09,Leicester,Fulham,2.13494,0.15103,0.9007,0.0875,0.0118,2.13494,0.15103,10.75,13.904761904761905,8.0,2.0,2.7895999999999996,0.1229,0.0,0.0,0.15103,2.13494
2019-03-09,Huddersfield,Bournemouth,0.339087,2.16389,0.0161,0.0822,0.9017,0.339087,2.16389,6.285714285714286,13.058823529411764,7.0,13.0,0.1305,2.7872999999999997,0.0,0.0,2.16389,0.339087
2019-03-09,Man City,Watford,3.75714,0.407168,0.9836,0.0148,0.0016,3.75714,0.407168,8.238095238095237,38.625,22.0,4.0,2.9656000000000002,0.0196,0.0,0.0,0.407168,3.75714
2019-03-10,Arsenal,Man United,1.52723,2.3703,0.1667,0.227,0.6063,0.766059,2.3703,12.904761904761905,8.12,9.0,7.0,0.7271,2.0458999999999996,0.0,0.0,2.3703,1.52723
2019-03-10,Liverpool,Burnley,4.12341,0.471571,0.9967,0.0033,0.0,4.12341,0.471571,8.571428571428571,14.909090909090908,15.0,3.0,2.9934,0.0033,0.0,0.0,0.471571,4.12341
2019-03-10,Chelsea,Wolves,1.0471,0.609079,0.4281,0.369,0.2029,1.0471,0.609079,5.913043478260869,20.333333333333332,8.0,2.0,1.6533,0.9777,0.0,0.0,0.609079,1.0471
2019-03-16,West Ham,Huddersfield,1.88114,1.66909,0.4068,0.2786,0.3146,1.12005,1.66909,6.833333333333333,13.954545454545455,16.0,1.0,1.4989999999999999,1.2224,0.0,0.0,1.66909,1.88114
2019-03-16,Burnley,Leicester,1.17008,0.608954,0.5129,0.3132,0.1739,1.17008,0.608954,7.352941176470588,20.0,13.0,4.0,1.8518999999999999,0.8349,0.0,0.0,0.608954,1.17008
2019-03-16,Bournemouth,Newcastle,1.61666,1.02847,0.5279,0.3036,0.1685,0.855492,1.02847,13.375,10.7,4.0,8.0,1.8873000000000002,0.8091,0.0,0.0,1.02847,1.61666
2019-03-17,Everton,Chelsea,2.24031,1.24394,0.6548,0.2116,0.1336,1.34105,1.24394,13.333333333333334,8.380952380952381,3.0,12.0,2.176,0.6124,0.0,0.0,1.24394,2.24031
2019-03-17,Fulham,Liverpool,0.915765,2.73437,0.0355,0.1215,0.843,0.915765,1.97321,21.615384615384617,7.88,4.0,14.0,0.22799999999999998,2.6505,0.0,0.0,2.73437,0.915765
2019-03-30,Brighton,Southampton,0.560521,0.857436,0.2085,0.3653,0.4262,0.560521,0.857436,5.625,10.64,8.0,12.0,0.9907999999999999,1.6439,0.0,0.0,0.857436,0.560521
2019-03-30,Leicester,Bournemouth,1.8935,0.790333,0.6519,0.2348,0.1133,1.8935,0.790333,14.0,11.857142857142858,8.0,5.0,2.1905,0.5747,0.0,0.0,0.790333,1.8935
2019-03-30,West Ham,Everton,0.0891639,2.65983,0.0026,0.0401,0.9573,0.0891639,2.65983,11.947368421052632,7.5588235294117645,2.0,12.0,0.0479,2.912,0.0,0.0,2.65983,0.0891639
2019-03-30,Burnley,Wolves,0.572695,0.397928,0.3443,0.4586,0.1971,0.572695,0.397928,12.869565217391305,10.642857142857142,2.0,4.0,1.4914999999999998,1.0499,0.0,0.0,0.397928,0.572695
2019-03-30,Man United,Watford,1.98052,1.35208,0.5605,0.2633,0.1762,1.98052,1.35208,10.705882352941176,11.705882352941176,12.0,19.0,1.9447999999999999,0.7918999999999999,0.0,0.0,1.35208,1.98052
2019-03-30,Fulham,Man City,0.661491,2.31513,0.0577,0.158,0.7843,0.661491,2.31513,34.0,8.5,3.0,14.0,0.3311,2.5109,0.0,0.0,2.31513,0.661491
2019-03-30,Crystal Palace,Huddersfield,2.84701,0.926991,0.8279,0.1139,0.0582,2.08584,0.926991,13.470588235294118,10.818181818181818,9.0,5.0,2.5976,0.2885,0.0,0.0,0.926991,2.84701
2019-03-31,Cardiff,Chelsea,0.446122,2.07834,0.0499,0.144,0.8061,0.446122,2.07834,12.6,3.44,3.0,10.0,0.29369999999999996,2.5623000000000005,0.0,0.0,2.07834,0.446122
2019-03-31,Liverpool,Tottenham,1.0931,1.04822,0.3417,0.3214,0.3369,1.0931,1.04822,18.0,19.153846153846153,8.0,4.0,1.3465000000000003,1.3321,0.0,0.0,1.04822,1.0931
2019-04-01,Arsenal,Newcastle,1.04458,0.0441445,0.6851,0.3017,0.0132,1.04458,0.0441445,6.260869565217392,16.565217391304348,17.0,2.0,2.3569999999999998,0.34130000000000005,0.0,0.0,0.0441445,1.04458
2019-04-02,Wolves,Man United,1.65044,2.03847,0.2727,0.2555,0.4718,1.65044,2.03847,22.0,11.73076923076923,5.0,7.0,1.0736,1.6709,0.0,0.0,2.03847,1.65044
2019-04-02,Watford,Fulham,1.59338,1.90917,0.2969,0.2448,0.4583,1.59338,1.90917,12.357142857142858,12.5,4.0,6.0,1.1355,1.6197,0.0,0.0,1.90917,1.59338
2019-04-03,Man City,Cardiff,3.53913,0.135788,0.9821,0.0166,0.0013,3.53913,0.135788,5.1875,48.714285714285715,17.0,2.0,2.9629,0.0205,0.0,0.0,0.135788,3.53913
2019-04-03,Tottenham,Crystal Palace,2.57376,0.564317,0.8421,0.1228,0.0351,2.57376,0.564317,8.592592592592593,25.5625,12.0,2.0,2.6491,0.22810000000000002,0.0,0.0,0.564317,2.57376
2019-04-03,Chelsea,Brighton,3.12416,0.440898,0.9375,0.0515,0.011,3.12416,0.440898,8.384615384615385,23.866666666666667,12.0,2.0,2.864,0.08449999999999999,0.0,0.0,0.440898,3.12416
2019-04-05,Southampton,Liverpool,0.718394,2.00654,0.0808,0.1986,0.7206,0.718394,2.00654,16.88888888888889,9.166666666666666,5.0,12.0,0.441,2.3604,0.0,0.0,2.00654,0.718394
2019-04-06,Newcastle,Crystal Palace,0.943175,0.907988,0.2979,0.355,0.3471,0.943175,0.146819,8.4,14.0625,9.0,4.0,1.2487,1.3963,0.0,0.0,0.907988,0.943175
2019-04-06,Huddersfield,Leicester,1.62301,3.61876,0.0574,0.1266,0.816,0.861845,2.85759,9.6,8.238095238095237,2.0,2.0,0.29879999999999995,2.5745999999999998,0.0,0.0,3.61876,1.62301
2019-04-06,Bournemouth,Burnley,1.20888,1.38919,0.2917,0.3019,0.4064,1.20888,1.38919,9.571428571428571,11.238095238095237,9.0,4.0,1.177,1.5211,0.0,0.0,1.38919,1.20888
2019-04-07,Everton,Arsenal,2.69396,0.201885,0.9313,0.0611,0.0076,2.69396,0.201885,9.709677419354838,11.1875,6.0,3.0,2.855,0.0839,0.0,0.0,0.201885,2.69396
2019-04-08,Chelsea,West Ham,2.23287,0.471195,0.813,0.1357,0.0513,2.23287,0.471195,17.76923076923077,12.789473684210526,16.0,7.0,2.5747,0.28959999999999997,0.0,0.0,0.471195,2.23287
2019-04-12,Leicester,Newcastle,0.877377,0.945804,0.3063,0.338,0.3557,0.877377,0.945804,7.3,20.181818181818183,5.0,4.0,1.2569000000000001,1.4051,0.0,0.0,0.945804,0.877377
2019-04-13,Burnley,Cardiff,2.84358,0.872224,0.8572,0.1076,0.0352,2.84358,0.872224,8.285714285714286,8.538461538461538,5.0,3.0,2.6792000000000002,0.2132,0.0,0.0,0.872224,2.84358
2019-04-13,Brighton,Bournemouth,0.206731,2.76885,0.0061,0.0463,0.9476,0.206731,2.76885,11.44,13.941176470588236,5.0,19.0,0.0646,2.8891,0.0,0.0,2.76885,0.206731
2019-04-13,Man United,West Ham,2.65125,1.42817,0.6925,0.1864,0.1211,1.12892,1.42817,9.258064516129032,11.5,15.0,10.0,2.2639,0.5497000000000001,0.0,0.0,1.42817,2.65125
2019-04-13,Fulham,Everton,1.66303,1.29107,0.454,0.2794,0.2666,1.66303,1.29107,12.761904761904763,5.388888888888889,6.0,7.0,1.6414,1.0792000000000002,0.0,0.0,1.29107,1.66303
2019-04-13,Tottenham,Huddersfield,2.78596,0.983527,0.8091,0.1362,0.0547,2.78596,0.983527,8.263157894736842,19.333333333333332,14.0,5.0,2.5635000000000003,0.3003,0.0,0.0,0.983527,2.78596
2019-04-13,Southampton,Wolves,3.80842,0.642825,0.9621,0.0287,0.0092,3.80842,0.642825,13.928571428571429,6.2272727272727275,4.0,4.0,2.915,0.0563,0.0,0.0,0.642825,3.80842
2019-04-14,Crystal Palace,Man City,0.318169,2.86236,0.0105,0.0577,0.9318,0.318169,2.86236,29.615384615384617,4.814814814814815,5.0,18.0,0.0892,2.8531,0.0,0.0,2.86236,0.318169
2019-04-14,Liverpool,Chelsea,1.30839,0.873177,0.4666,0.3108,0.2226,1.30839,0.873177,8.153846153846153,16.15,18.0,5.0,1.7106,0.9785999999999999,0.0,0.0,0.873177,1.30839
2019-04-15,Watford,Arsenal,1.12595,2.2668,0.1151,0.2079,0.677,1.12595,2.2668,15.869565217391305,8.1,7.0,16.0,0.5532,2.2389,0.0,0.0,2.2668,1.12595
2019-04-16,Brighton,Cardiff,0.588539,0.819472,0.2287,0.3782,0.3931,0.588539,0.819472,5.666666666666667,10.517241379310345,11.0,1.0,1.0642999999999998,1.5575,0.0,0.0,0.819472,0.588539
2019-04-20,Bournemouth,Fulham,2.83739,2.61689,0.4288,0.2357,0.3355,2.83739,1.85572,13.0,13.0,8.0,6.0,1.5221,1.2422,0.0,0.0,2.61689,2.83739
2019-04-20,Huddersfield,Watford,1.09072,1.08462,0.3513,0.3152,0.3335,1.09072,1.08462,13.454545454545455,11.0,3.0,8.0,1.3691,1.3157,0.0,0.0,1.08462,1.09072
2019-04-20,Newcastle,Southampton,1.23033,1.27102,0.3524,0.2857,0.3619,1.23033,1.27102,11.421052631578947,5.071428571428571,3.0,8.0,1.3429,1.3714000000000002,0.0,0.0,1.27102,1.23033
2019-04-20,Wolves,Brighton,2.60447,0.115051,0.9436,0.0507,0.0057,2.60447,0.115051,27.166666666666668,20.625,7.0,0.0,2.8815,0.0678,0.0,0.0,0.115051,2.60447
2019-04-20,Man City,Tottenham,2.06185,1.19894,0.5969,0.2346,0.1685,2.06185,1.19894,6.264705882352941,16.142857142857142,12.0,4.0,2.0253,0.7401000000000001,0.0,0.0,1.19894,2.06185
2019-04-20,West Ham,Leicester,1.36558,0.8065,0.5116,0.2912,0.1972,1.36558,0.8065,9.956521739130435,6.233333333333333,10.0,5.0,1.826,0.8827999999999999,0.0,0.0,0.8065,1.36558
2019-04-21,Everton,Man United,1.5204,0.305982,0.7363,0.2125,0.0512,1.5204,0.305982,16.6,24.11111111111111,1.0,5.0,2.4213999999999998,0.3661,0.0,0.0,0.305982,1.5204
2019-04-21,Cardiff,Liverpool,1.1187,2.42404,0.0928,0.1958,0.7114,1.1187,1.66287,29.416666666666668,3.65,0.0,13.0,0.47419999999999995,2.33,0.0,0.0,2.42404,1.1187
2019-04-21,Arsenal,Crystal Palace,1.54245,2.56216,0.1677,0.2032,0.6291,1.54245,2.56216,4.173913043478261,13.08695652173913,13.0,10.0,0.7062999999999999,2.0905,0.0,0.0,2.56216,1.54245
2019-04-22,Chelsea,Burnley,1.28197,0.788788,0.4701,0.323,0.2069,1.28197,0.788788,5.5,21.6875,20.0,3.0,1.7333,0.9437,0.0,0.0,0.788788,1.28197
2019-04-23,Watford,Southampton,1.27253,2.11999,0.1779,0.2217,0.6004,1.27253,2.11999,6.958333333333333,10.0625,11.0,2.0,0.7554000000000001,2.0229,0.0,0.0,2.11999,1.27253
2019-04-23,Tottenham,Brighton,1.0032,0.143138,0.605,0.3466,0.0484,1.0032,0.143138,6.0,24.3,11.0,1.0,2.1616,0.4918,0.0,0.0,0.143138,1.0032
2019-04-24,Wolves,Arsenal,0.982018,0.939754,0.3351,0.3347,0.3302,0.982018,0.939754,18.894736842105264,13.181818181818182,5.0,8.0,1.34,1.3253,0.0,0.0,0.939754,0.982018
2019-04-24,Man United,Man City,0.514509,0.530481,0.2632,0.4551,0.2817,0.514509,0.530481,19.772727272727273,8.961538461538462,5.0,14.0,1.2447,1.3002,0.0,0.0,0.530481,0.514509
2019-04-26,Liverpool,Huddersfield,3.58922,0.1624,0.9787,0.0188,0.0025,3.58922,0.1624,7.333333333333333,21.652173913043477,13.0,2.0,2.9549000000000003,0.0263,0.0,0.0,0.1624,3.58922
2019-04-27,Crystal Palace,Everton,0.261344,1.15217,0.0838,0.3091,0.6071,0.261344,1.15217,12.727272727272727,4.892857142857143,5.0,8.0,0.5605,2.1304,0.0,0.0,1.15217,0.261344
2019-04-27,Brighton,Newcastle,1.20482,0.43797,0.6085,0.2805,0.111,1.20482,0.43797,23.0,15.294117647058824,6.0,5.0,2.1060000000000003,0.6135,0.0,0.0,0.43797,1.20482
2019-04-27,Fulham,Cardiff,0.519072,1.11322,0.1533,0.3232,0.5235,0.519072,1.11322,3.875,15.428571428571429,6.0,3.0,0.7830999999999999,1.8937,0.0,0.0,1.11322,0.519072
2019-04-27,Tottenham,West Ham,1.35378,0.991558,0.454,0.2832,0.2628,1.35378,0.991558,13.538461538461538,13.142857142857142,9.0,2.0,1.6452,1.0716,0.0,0.0,0.991558,1.35378
2019-04-27,Watford,Wolves,0.896093,2.44357,0.0542,0.1501,0.7957,0.896093,2.44357,11.529411764705882,13.434782608695652,3.0,7.0,0.3127,2.5372,0.0,0.0,2.44357,0.896093
2019-04-27,Southampton,Bournemouth,2.73537,2.62214,0.3977,0.2459,0.3564,2.73537,2.62214,7.8,12.5,9.0,4.0,1.439,1.3151,0.0,0.0,2.62214,2.73537
2019-04-28,Leicester,Arsenal,3.6797,0.600697,0.9466,0.042,0.0114,3.6797,0.600697,5.96,21.9375,8.0,4.0,2.8817999999999997,0.0762,0.0,0.0,0.600697,3.6797
2019-04-28,Burnley,Man City,0.0899809,2.34878,0.0065,0.0734,0.9201,0.0899809,2.34878,20.125,7.357142857142857,4.0,10.0,0.09290000000000001,2.8337,0.0,0.0,2.34878,0.0899809
2019-04-28,Man United,Chelsea,1.12483,1.6298,0.2291,0.2701,0.5008,1.12483,1.6298,11.555555555555555,10.041666666666666,6.0,9.0,0.9574,1.7725000000000002,0.0,0.0,1.6298,1.12483
2019-05-03,Everton,Burnley,1.76461,0.473292,0.7564,0.1879,0.0557,1.76461,0.473292,7.384615384615385,13.5,7.0,3.0,2.4570999999999996,0.355,0.0,0.0,0.473292,1.76461
2019-05-04,Newcastle,Liverpool,1.29707,1.48081,0.3094,0.2944,0.3962,1.29707,1.48081,21.7,13.545454545454545,4.0,9.0,1.2226,1.483,0.0,0.0,1.48081,1.29707
2019-05-04,West Ham,Southampton,1.99866,0.443686,0.8315,0.1316,0.0369,1.99866,0.443686,18.5,8.935483870967742,4.0,11.0,2.6261,0.24230000000000002,0.0,0.0,0.443686,1.99866
2019-05-04,Cardiff,Crystal Palace,1.4996,1.80991,0.3133,0.2434,0.4433,1.4996,1.80991,6.944444444444445,7.5,8.0,15.0,1.1833,1.5733000000000001,0.0,0.0,1.80991,1.4996
2019-05-04,Bournemouth,Tottenham,2.22622,0.713362,0.7519,0.168,0.0801,2.22622,0.713362,9.863636363636363,10.2,11.0,3.0,2.4237,0.4083,0.0,0.0,0.713362,2.22622
2019-05-04,Wolves,Fulham,2.09397,0.512477,0.7987,0.1543,0.047,2.09397,0.512477,18.25,8.363636363636363,7.0,2.0,2.5504,0.2953,0.0,0.0,0.512477,2.09397
2019-05-05,Huddersfield,Man United,0.73663,1.88049,0.127,0.2193,0.6537,0.73663,1.88049,13.32,7.65,6.0,19.0,0.6003000000000001,2.1803999999999997,0.0,0.0,1.88049,0.73663
2019-05-05,Chelsea,Watford,2.96478,1.2712,0.7586,0.1427,0.0987,2.96478,1.2712,7.56,12.571428571428571,15.0,13.0,2.4185000000000003,0.43879999999999997,0.0,0.0,1.2712,2.96478
2019-05-05,Arsenal,Brighton,2.36178,1.90585,0.4761,0.2596,0.2643,1.60061,1.14468,6.25,14.157894736842104,14.0,8.0,1.6879000000000002,1.0525,0.0,0.0,1.90585,2.36178
2019-05-06,Man City,Leicester,1.08617,0.537307,0.5021,0.3276,0.1703,1.08617,0.537307,8.303030303030303,47.833333333333336,14.0,4.0,1.8338999999999999,0.8385,0.0,0.0,0.537307,1.08617
2019-05-12,Fulham,Newcastle,0.569845,1.95921,0.0613,0.1596,0.7791,0.569845,1.95921,13.333333333333334,28.529411764705884,12.0,7.0,0.3435,2.4969,0.0,0.0,1.95921,0.569845
2019-05-12,Brighton,Man City,0.595313,2.22234,0.0571,0.1626,0.7803,0.595313,2.22234,28.846153846153847,6.090909090909091,0.0,26.0,0.3339,2.5035,0.0,0.0,2.22234,0.595313
2019-05-12,Burnley,Arsenal,1.72939,2.87276,0.1514,0.1901,0.6585,1.72939,2.87276,17.68421052631579,16.636363636363637,10.0,15.0,0.6443000000000001,2.1656,0.0,0.0,2.87276,1.72939
2019-05-12,Leicester,Chelsea,0.345306,1.26735,0.0796,0.2696,0.6508,0.345306,1.26735,10.923076923076923,16.36842105263158,5.0,11.0,0.5084,2.222,0.0,0.0,1.26735,0.345306
2019-05-12,Crystal Palace,Bournemouth,2.85899,1.8981,0.6162,0.1984,0.1854,2.85899,1.8981,13.55,9.652173913043478,12.0,9.0,2.0469999999999997,0.7546,0.0,0.0,1.8981,2.85899
2019-05-12,Man United,Cardiff,1.89555,1.71095,0.4048,0.2589,0.3363,1.89555,0.949785,3.6956521739130435,23.666666666666668,13.0,2.0,1.4733,1.2677999999999998,0.0,0.0,1.71095,1.89555
2019-05-12,Southampton,Huddersfield,0.941018,0.857152,0.3533,0.3511,0.2956,0.941018,0.857152,9.176470588235293,11.833333333333334,9.0,1.0,1.411,1.2379,0.0,0.0,0.857152,0.941018
2019-05-12,Liverpool,Wolves,1.70197,0.883861,0.5894,0.2449,0.1657,1.70197,0.883861,13.368421052631579,32.333333333333336,6.0,8.0,2.0131,0.742,0.0,0.0,0.883861,1.70197
2019-05-12,Tottenham,Everton,0.882608,2.06851,0.0779,0.2088,0.7133,0.882608,2.06851,14.61111111111111,14.625,5.0,7.0,0.4425,2.3487,0.0,0.0,2.06851,0.882608
2019-05-12,Watford,West Ham,2.06986,3.20094,0.1565,0.1899,0.6536,2.06986,2.43977,12.727272727272727,10.347826086956522,7.0,6.0,0.6594,2.1507,0.0,0.0,3.20094,2.06986
2019-08-09,Liverpool,Norwich,2.23456,0.842407,0.7377,0.1732,0.0891,2.23456,0.842407,5.942857142857143,21.454545454545453,11.0,5.0,2.3863,0.4405,0.0,0.0,0.842407,2.23456
2019-08-10,Tottenham,Aston Villa,2.57262,0.639599,0.822,0.1273,0.0507,2.57262,0.639599,5.25,13.421052631578947,15.0,2.0,2.5932999999999997,0.2794,0.0,0.0,0.639599,2.57262
2019-08-10,Crystal Palace,Everton,0.87159,1.2246,0.2427,0.3231,0.4342,0.87159,1.2246,11.307692307692308,4.074074074074074,5.0,5.0,1.0512,1.6257,0.0,0.0,1.2246,0.87159
2019-08-10,Watford,Brighton,0.670022,0.855516,0.2434,0.362,0.3946,0.670022,0.855516,9.785714285714286,11.5,7.0,5.0,1.0922,1.5457999999999998,0.0,0.0,0.855516,0.670022
2019-08-10,Bournemouth,Sheffield United,1.34099,1.59864,0.2083,0.3923,0.3994,1.34099,1.59864,13.6,9.133333333333333,4.0,6.0,1.0171999999999999,1.5905,0.0,0.0,1.59864,1.34099
2019-08-10,West Ham,Man City,1.2003,3.18377,0.0452,0.1166,0.8382,1.2003,2.42264,16.4,6.935483870967742,1.0,9.0,0.2522,2.6311999999999998,0.0,0.0,3.18377,1.2003
2019-08-10,Burnley,Southampton,0.909241,1.08752,0.266,0.3442,0.3898,0.909241,1.08752,9.277777777777779,5.5,0.0,9.0,1.1422,1.5136,0.0,0.0,1.08752,0.909241
2019-08-11,Newcastle,Arsenal,0.380551,1.13309,0.1052,0.3057,0.5891,0.380551,1.13309,13.206896551724139,11.052631578947368,1.0,10.0,0.6213,2.073,0.0,0.0,1.13309,0.380551
2019-08-11,Leicester,Wolves,0.543759,0.812949,0.2174,0.3819,0.4007,0.543759,0.812949,6.434782608695652,18.666666666666668,7.0,3.0,1.0341,1.584,0.0,0.0,0.812949,0.543759
2019-08-11,Man United,Chelsea,2.37442,1.09534,0.7148,0.1782,0.107,1.61326,1.09534,9.064516129032258,6.4523809523809526,8.0,4.0,2.3226,0.4992,0.0,0.0,1.09534,2.37442
2019-08-17,Southampton,Liverpool,2.14047,1.52022,0.5327,0.2278,0.2395,2.14047,1.52022,12.0,9.428571428571429,1.0,6.0,1.8258999999999999,0.9462999999999999,0.0,0.0,1.52022,2.14047
2019-08-17,Arsenal,Burnley,1.1644,1.39172,0.2899,0.2836,0.4265,1.1644,1.39172,5.3125,11.384615384615385,8.0,4.0,1.1533,1.5631000000000002,0.0,0.0,1.39172,1.1644
2019-08-17,Aston Villa,Bournemouth,1.65069,1.62777,0.3658,0.2724,0.3618,1.65069,0.866605,13.0,10.72,12.0,9.0,1.3698,1.3578,0.0,0.0,1.62777,1.65069
2019-08-17,Brighton,West Ham,2.40461,1.00856,0.7183,0.179,0.1027,2.40461,1.00856,5.485714285714286,8.870967741935484,8.0,4.0,2.3339,0.4871,0.0,0.0,1.00856,2.40461
2019-08-17,Everton,Watford,0.832913,1.17279,0.231,0.322,0.447,0.832913,1.17279,8.863636363636363,3.925,4.0,3.0,1.0150000000000001,1.663,0.0,0.0,1.17279,0.832913
2019-08-17,Norwich,Newcastle,2.09572,0.920429,0.68,0.1975,0.1225,2.09572,0.920429,13.928571428571429,17.5,9.0,6.0,2.2375,0.565,0.0,0.0,0.920429,2.09572
2019-08-17,Man City,Tottenham,3.20076,0.074542,0.9674,0.0301,0.0025,3.20076,0.074542,8.976744186046512,47.142857142857146,10.0,2.0,2.9323,0.037599999999999995,0.0,0.0,0.074542,3.20076
2019-08-18,Chelsea,Leicester,1.22629,0.947941,0.4391,0.3008,0.2601,1.22629,0.947941,10.576923076923077,6.297297297297297,4.0,5.0,1.6180999999999999,1.0811,0.0,0.0,0.947941,1.22629
2019-08-18,Sheffield United,Crystal Palace,1.84778,0.241912,0.8326,0.1408,0.0266,1.84778,0.241912,11.12,11.6,2.0,5.0,2.6386,0.22060000000000002,0.0,0.0,0.241912,1.84778
2019-08-19,Wolves,Man United,0.307356,1.14332,0.0594,0.2597,0.6809,0.307356,0.382148,19.95,8.363636363636363,5.0,9.0,0.43789999999999996,2.3024,0.0,0.0,1.14332,0.307356
2019-08-23,Aston Villa,Everton,0.855926,1.25668,0.2213,0.3058,0.4729,0.855926,1.25668,13.25,5.407407407407407,6.0,12.0,0.9697,1.7245,0.0,0.0,1.25668,0.855926
2019-08-24,Norwich,Chelsea,1.07904,1.89428,0.1759,0.2595,0.5646,1.07904,1.89428,10.0,13.727272727272727,5.0,12.0,0.7872000000000001,1.9533,0.0,0.0,1.89428,1.07904
2019-08-24,Sheffield United,Leicester,0.654318,0.704879,0.2916,0.4017,0.3067,0.654318,0.704879,11.391304347826088,8.941176470588236,4.0,9.0,1.2765,1.3217999999999999,0.0,0.0,0.704879,0.654318
2019-08-24,Brighton,Southampton,0.997711,2.07795,0.1192,0.2115,0.6693,0.997711,2.07795,9.173913043478262,10.75,6.0,6.0,0.5691,2.2194000000000003,0.0,0.0,2.07795,0.997711
2019-08-24,Watford,West Ham,2.29348,3.45768,0.1537,0.1778,0.6685,2.29348,2.69651,9.285714285714286,12.947368421052632,20.0,10.0,0.6389,2.1833,0.0,0.0,3.45768,2.29348
2019-08-24,Man United,Crystal Palace,2.23561,0.676993,0.7755,0.1616,0.0629,1.47444,0.676993,6.857142857142857,15.277777777777779,7.0,2.0,2.4880999999999998,0.35029999999999994,0.0,0.0,0.676993,2.23561
2019-08-24,Liverpool,Arsenal,2.78821,0.985542,0.7948,0.1361,0.0691,2.02704,0.985542,9.783783783783784,28.428571428571427,9.0,7.0,2.5204999999999997,0.3434,0.0,0.0,0.985542,2.78821
2019-08-25,Wolves,Burnley,1.32793,1.22762,0.3879,0.307,0.3051,0.56676,1.22762,11.833333333333334,14.619047619047619,4.0,4.0,1.4707,1.2223,0.0,0.0,1.22762,1.32793
2019-08-25,Bournemouth,Man City,1.89345,3.12856,0.1625,0.1736,0.6639,1.89345,3.12856,22.9,5.173913043478261,3.0,17.0,0.6611,2.1653000000000002,0.0,0.0,3.12856,1.89345
2019-08-25,Tottenham,Newcastle,1.25927,0.51428,0.5898,0.2775,0.1327,1.25927,0.51428,4.842105263157895,32.3,8.0,5.0,2.0469,0.6756,0.0,0.0,0.51428,1.25927
2019-08-31,Burnley,Liverpool,0.61739,1.20057,0.1772,0.3171,0.5057,0.61739,1.20057,16.263157894736842,6.208333333333333,0.0,11.0,0.8487,1.8342,0.0,0.0,1.20057,0.61739
2019-08-31,Newcastle,Watford,1.04131,1.1068,0.3299,0.3121,0.358,1.04131,1.1068,19.6,12.0,2.0,6.0,1.3018,1.3860999999999999,0.0,0.0,1.1068,1.04131
2019-08-31,Man City,Brighton,2.30818,0.861035,0.7359,0.1772,0.0869,2.30818,0.861035,11.4375,21.625,16.0,7.0,2.3849,0.43790000000000007,0.0,0.0,0.861035,2.30818
2019-08-31,Leicester,Bournemouth,2.23766,0.554726,0.8226,0.1353,0.0421,2.23766,0.554726,6.914285714285715,10.0,10.0,7.0,2.6031,0.2616,0.0,0.0,0.554726,2.23766
2019-08-31,Southampton,Man United,0.769616,1.90356,0.1186,0.2211,0.6603,0.769616,1.90356,6.666666666666667,13.571428571428571,6.0,13.0,0.5769,2.202,0.0,0.0,1.90356,0.769616
2019-08-31,Chelsea,Sheffield United,2.30579,1.04649,0.6944,0.1949,0.1107,2.30579,1.04649,14.882352941176471,20.916666666666668,4.0,5.0,2.2781000000000002,0.527,0.0,0.0,1.04649,2.30579
2019-08-31,West Ham,Norwich,2.20657,1.1674,0.6298,0.2265,0.1437,2.20657,1.1674,7.842105263157895,8.74074074074074,12.0,5.0,2.1159000000000003,0.6576,0.0,0.0,1.1674,2.20657
2019-08-31,Crystal Palace,Aston Villa,1.41394,0.30354,0.6771,0.2444,0.0785,1.41394,0.30354,9.0,9.04,13.0,5.0,2.2757,0.4799,0.0,0.0,0.30354,1.41394
2019-09-01,Everton,Wolves,1.48842,2.00172,0.2455,0.2459,0.5086,1.48842,2.00172,5.333333333333333,20.166666666666668,4.0,5.0,0.9823999999999999,1.7717000000000003,0.0,0.0,2.00172,1.48842
2019-09-01,Arsenal,Tottenham,1.92509,1.95514,0.3461,0.2536,0.4003,1.92509,1.19397,6.787878787878788,12.176470588235293,12.0,6.0,1.2919,1.4545,0.0,0.0,1.95514,1.92509
2019-09-14,Wolves,Chelsea,1.49359,3.06799,0.0809,0.1625,0.7566,1.49359,3.06799,13.107142857142858,7.1,5.0,6.0,0.4052,2.4323,0.0,0.0,3.06799,1.49359
2019-09-14,Norwich,Man City,1.7413,2.34436,0.2487,0.2462,0.5051,1.7413,2.34436,18.428571428571427,7.958333333333333,6.0,14.0,0.9923,1.7614999999999998,0.0,0.0,2.34436,1.7413
2019-09-14,Tottenham,Crystal Palace,1.04944,0.577323,0.4879,0.3328,0.1793,1.04944,0.577323,6.545454545454546,17.083333333333332,8.0,5.0,1.7965,0.8706999999999999,0.0,0.0,0.577323,1.04944
2019-09-14,Man United,Leicester,1.10019,0.459141,0.5865,0.3062,0.1073,0.339017,0.459141,9.72,4.771428571428571,4.0,4.0,2.0657,0.6281000000000001,0.0,0.0,0.459141,1.10019
2019-09-14,Brighton,Burnley,1.68545,0.341654,0.7641,0.1893,0.0466,1.68545,0.341654,3.9642857142857144,12.1,13.0,4.0,2.4816,0.3291,0.0,0.0,0.341654,1.68545
2019-09-14,Liverpool,Newcastle,2.93281,0.291073,0.9452,0.0464,0.0084,2.93281,0.291073,6.958333333333333,41.9,19.0,4.0,2.8820000000000006,0.0716,0.0,0.0,0.291073,2.93281
2019-09-14,Sheffield United,Southampton,1.88034,1.57659,0.4428,0.2527,0.3045,1.88034,1.57659,12.523809523809524,12.823529411764707,8.0,7.0,1.5811,1.1662,0.0,0.0,1.57659,1.88034
2019-09-15,Bournemouth,Everton,1.41542,1.50641,0.3385,0.2793,0.3822,1.41542,1.50641,12.090909090909092,5.516129032258065,3.0,9.0,1.2948,1.4259,0.0,0.0,1.50641,1.41542
2019-09-15,Watford,Arsenal,2.83209,1.00616,0.8062,0.1365,0.0573,2.07092,1.00616,9.071428571428571,21.416666666666668,12.0,7.0,2.5551,0.3084,0.0,0.0,1.00616,2.83209
2019-09-16,Aston Villa,West Ham,1.40502,0.535279,0.6373,0.2496,0.1131,1.40502,0.535279,9.681818181818182,10.090909090909092,4.0,9.0,2.1614999999999998,0.5889,0.0,0.0,0.535279,1.40502
2019-09-20,Southampton,Bournemouth,2.18021,1.29773,0.5961,0.2395,0.1644,1.41904,1.29773,4.085714285714285,17.9375,6.0,2.0,2.0278,0.7326999999999999,0.0,0.0,1.29773,2.18021
2019-09-21,Newcastle,Brighton,1.09807,1.21592,0.3232,0.3006,0.3762,1.09807,1.21592,22.9,6.095238095238095,4.0,6.0,1.2702,1.4292,0.0,0.0,1.21592,1.09807
2019-09-21,Everton,Sheffield United,1.26041,0.508011,0.5598,0.3092,0.131,1.26041,0.508011,5.647058823529412,13.15,9.0,2.0,1.9885999999999997,0.7021999999999999,0.0,0.0,0.508011,1.26041
2019-09-21,Burnley,Norwich,2.39312,0.801428,0.7897,0.1472,0.0631,2.39312,0.801428,11.68,14.9,7.0,9.0,2.5163,0.3365,0.0,0.0,0.801428,2.39312
2019-09-21,Leicester,Tottenham,1.28752,1.33735,0.3433,0.2798,0.3769,1.28752,1.33735,10.636363636363637,5.617647058823529,7.0,9.0,1.3097,1.4105,0.0,0.0,1.33735,1.28752
2019-09-21,Man City,Watford,6.63049,0.344718,0.9996,0.0004,0.0,5.86932,0.344718,11.333333333333334,35.833333333333336,13.0,1.0,2.9992,0.0004,0.0,0.0,0.344718,6.63049
2019-09-22,Crystal Palace,Wolves,0.984777,1.75572,0.1739,0.2419,0.5842,0.984777,1.75572,13.947368421052632,12.523809523809524,6.0,5.0,0.7636000000000001,1.9945000000000002,0.0,0.0,1.75572,0.984777
2019-09-22,West Ham,Man United,0.51376,1.27826,0.1197,0.2714,0.6089,0.51376,1.27826,14.947368421052632,17.181818181818183,4.0,5.0,0.6305,2.0981,0.0,0.0,1.27826,0.51376
2019-09-22,Chelsea,Liverpool,1.23321,1.03003,0.4027,0.311,0.2863,1.23321,1.03003,11.625,7.914285714285715,5.0,5.0,1.5191,1.1699,0.0,0.0,1.03003,1.23321
2019-09-22,Arsenal,Aston Villa,2.53209,1.71546,0.5722,0.2195,0.2083,1.77093,1.71546,9.1,11.0,12.0,8.0,1.9361000000000002,0.8444,0.0,0.0,1.71546,2.53209
2019-09-28,Everton,Man City,2.35854,3.1082,0.2424,0.2121,0.5455,2.35854,3.1082,32.666666666666664,9.714285714285714,6.0,13.0,0.9393,1.8485999999999998,0.0,0.0,3.1082,2.35854
2019-09-28,Crystal Palace,Norwich,1.80497,0.712129,0.6775,0.2208,0.1017,1.0438,0.712129,12.782608695652174,9.11111111111111,11.0,10.0,2.2533,0.5259,0.0,0.0,0.712129,1.80497
2019-09-28,Bournemouth,West Ham,2.31957,1.29546,0.6247,0.2012,0.1741,2.31957,1.29546,11.25,13.1,8.0,17.0,2.0753,0.7235,0.0,0.0,1.29546,2.31957
2019-09-28,Chelsea,Brighton,4.26443,0.616263,0.9712,0.0225,0.0063,3.50326,0.616263,14.541666666666666,12.76923076923077,9.0,0.0,2.9360999999999997,0.0414,0.0,0.0,0.616263,4.26443
2019-09-28,Wolves,Watford,1.16363,1.06615,0.3492,0.3828,0.268,1.16363,1.06615,22.9375,11.380952380952381,5.0,10.0,1.4304000000000001,1.1868,0.0,0.0,1.06615,1.16363
2019-09-28,Tottenham,Southampton,1.19008,1.16256,0.3564,0.3113,0.3323,1.19008,1.16256,31.75,5.648648648648648,7.0,8.0,1.3805,1.3081999999999998,0.0,0.0,1.16256,1.19008
2019-09-28,Sheffield United,Liverpool,1.17022,1.97079,0.18,0.2402,0.5798,1.17022,1.97079,24.235294117647058,11.272727272727273,1.0,11.0,0.7802,1.9795999999999998,0.0,0.0,1.97079,1.17022
2019-09-28,Aston Villa,Burnley,0.914266,1.66919,0.1745,0.2428,0.5827,0.914266,1.66919,6.05,9.045454545454545,3.0,2.0,0.7663,1.9909,0.0,0.0,1.66919,0.914266
2019-09-29,Leicester,Newcastle,1.82438,0.054134,0.8912,0.1032,0.0056,1.82438,0.054134,5.5588235294117645,35.72727272727273,13.0,1.0,2.7768,0.12,0.0,0.0,0.054134,1.82438
2019-09-30,Man United,Arsenal,1.1335,1.70399,0.2214,0.2554,0.5232,1.1335,1.70399,5.925925925925926,10.125,5.0,7.0,0.9196,1.825,0.0,0.0,1.70399,1.1335
2019-10-05,Watford,Sheffield United,1.44318,0.353724,0.7252,0.212,0.0628,1.44318,0.353724,19.375,6.7272727272727275,2.0,5.0,2.3876,0.4004,0.0,0.0,0.353724,1.44318
2019-10-05,Norwich,Aston Villa,1.84838,3.67827,0.0918,0.1263,0.7819,1.84838,2.76412,6.041666666666667,8.8,13.0,9.0,0.40170000000000006,2.472,0.0,0.0,3.67827,1.84838
2019-10-05,West Ham,Crystal Palace,1.23577,2.0682,0.1412,0.2336,0.6252,1.23577,1.30703,14.789473684210526,20.071428571428573,7.0,7.0,0.6572,2.1092,0.0,0.0,2.0682,1.23577
2019-10-05,Burnley,Everton,0.558912,1.30723,0.1354,0.2707,0.5939,0.558912,1.30723,19.5,7.8,6.0,4.0,0.6769000000000001,2.0524,0.0,0.0,1.30723,0.558912
2019-10-05,Brighton,Tottenham,2.60017,0.478504,0.9194,0.067,0.0136,2.60017,0.478504,8.135135135135135,15.235294117647058,12.0,4.0,2.8252,0.1078,0.0,0.0,0.478504,2.60017
2019-10-05,Liverpool,Leicester,3.74867,0.0982107,0.9902,0.009,0.0008,2.9875,0.0982107,7.78125,9.25,12.0,4.0,2.9796,0.0114,0.0,0.0,0.0982107,3.74867
2019-10-06,Man City,Wolves,1.61884,1.18825,0.4735,0.2691,0.2574,1.61884,1.18825,4.115384615384615,19.6875,13.0,1.0,1.6896,1.0413000000000001,0.0,0.0,1.18825,1.61884
2019-10-06,Southampton,Chelsea,1.27044,2.15201,0.1721,0.2325,0.5954,1.27044,2.15201,10.884615384615385,11.105263157894736,5.0,10.0,0.7488,2.0187,0.0,0.0,2.15201,1.27044
2019-10-06,Arsenal,Bournemouth,1.24109,0.683967,0.5216,0.3114,0.167,1.24109,0.683967,7.0285714285714285,10.217391304347826,10.0,7.0,1.8761999999999999,0.8124,0.0,0.0,0.683967,1.24109
2019-10-06,Newcastle,Man United,0.650296,0.969204,0.2281,0.346,0.4259,0.650296,0.969204,28.454545454545453,6.818181818181818,1.0,5.0,1.0303,1.6237,0.0,0.0,0.969204,0.650296
2019-10-19,Wolves,Southampton,0.887495,1.37695,0.2018,0.3345,0.4637,0.126326,1.37695,14.666666666666666,12.041666666666666,3.0,5.0,0.9399000000000001,1.7256,0.0,0.0,1.37695,0.887495
2019-10-19,Everton,West Ham,2.23324,0.459112,0.8303,0.1277,0.042,2.23324,0.459112,5.71875,10.052631578947368,11.0,3.0,2.6186,0.25370000000000004,0.0,0.0,0.459112,2.23324
2019-10-19,Aston Villa,Brighton,2.96692,1.32184,0.7539,0.1481,0.098,2.96692,1.32184,15.055555555555555,9.523809523809524,7.0,10.0,2.4098,0.44210000000000005,0.0,0.0,1.32184,2.96692
2019-10-19,Bournemouth,Norwich,0.675554,0.402873,0.3837,0.4302,0.1861,0.675554,0.402873,12.7,11.833333333333334,7.0,5.0,1.5813000000000001,0.9885,0.0,0.0,0.402873,0.675554
2019-10-19,Chelsea,Newcastle,2.30068,0.197082,0.8936,0.0932,0.0132,2.30068,0.197082,4.6521739130434785,23.5,12.0,1.0,2.7739999999999996,0.1328,0.0,0.0,0.197082,2.30068
2019-10-19,Leicester,Burnley,0.8291,1.79569,0.1307,0.2209,0.6484,0.8291,1.79569,7.6,15.2,6.0,3.0,0.613,2.1660999999999997,0.0,0.0,1.79569,0.8291
2019-10-19,Tottenham,Watford,0.891617,0.846851,0.3498,0.3494,0.3008,0.891617,0.846851,7.434782608695652,18.894736842105264,10.0,2.0,1.3987999999999998,1.2518,0.0,0.0,0.846851,0.891617
2019-10-19,Crystal Palace,Man City,0.616864,4.02104,0.007,0.0293,0.9637,0.616864,4.02104,18.57894736842105,6.7368421052631575,5.0,21.0,0.0503,2.9204,0.0,0.0,4.02104,0.616864
2019-10-20,Man United,Liverpool,0.791862,1.03212,0.2391,0.3812,0.3797,0.791862,1.03212,31.5,5.172413793103448,1.0,7.0,1.0985,1.5203,0.0,0.0,1.03212,0.791862
2019-10-21,Sheffield United,Arsenal,0.895722,0.949735,0.2926,0.3964,0.311,0.895722,0.949735,12.214285714285714,5.944444444444445,6.0,8.0,1.2742,1.3294000000000001,0.0,0.0,0.949735,0.895722
2019-10-25,Southampton,Leicester,0.457334,4.38046,0.0032,0.0132,0.9836,0.457334,3.6193,17.047619047619047,3.189189189189189,1.0,9.0,0.0228,2.964,0.0,0.0,4.38046,0.457334
2019-10-26,Man City,Aston Villa,3.19004,0.980145,0.8517,0.1,0.0483,3.19004,0.980145,8.083333333333334,26.7,18.0,3.0,2.6551,0.2449,0.0,0.0,0.980145,3.19004
2019-10-26,Brighton,Everton,1.15279,1.04723,0.3737,0.3492,0.2771,0.391623,1.04723,8.464285714285714,11.678571428571429,4.0,7.0,1.4703,1.1805,0.0,0.0,1.04723,1.15279
2019-10-26,Watford,Bournemouth,0.674903,0.899526,0.2583,0.3633,0.3784,0.674903,0.899526,13.153846153846153,9.368421052631579,5.0,3.0,1.1381999999999999,1.4985,0.0,0.0,0.899526,0.674903
2019-10-26,West Ham,Sheffield United,2.33891,1.16171,0.7017,0.1979,0.1004,2.33891,1.16171,10.125,14.428571428571429,9.0,7.0,2.3030000000000004,0.4991,0.0,0.0,1.16171,2.33891
2019-10-26,Burnley,Chelsea,2.23494,0.988321,0.7194,0.1734,0.1072,2.23494,0.988321,15.96,10.473684210526315,8.0,6.0,2.3316,0.495,0.0,0.0,0.988321,2.23494
2019-10-27,Liverpool,Tottenham,2.18851,1.35143,0.5907,0.2368,0.1725,1.42734,1.35143,5.068965517241379,32.3,13.0,4.0,2.0089,0.7543,0.0,0.0,1.35143,2.18851
2019-10-27,Norwich,Man United,0.8924,4.51232,0.0079,0.0224,0.9697,0.8924,2.98998,8.653846153846153,9.5,6.0,6.0,0.0461,2.9315,0.0,0.0,4.51232,0.8924
2019-10-27,Newcastle,Wolves,0.603104,1.93255,0.0764,0.1803,0.7433,0.603104,1.93255,38.625,9.6,3.0,6.0,0.4095,2.4101999999999997,0.0,0.0,1.93255,0.603104
2019-10-27,Arsenal,Crystal Palace,1.54014,1.77892,0.2675,0.2977,0.4348,1.54014,1.01775,7.666666666666667,26.3,8.0,1.0,1.1002,1.6021,0.0,0.0,1.77892,1.54014
2019-11-02,Bournemouth,Man United,1.86862,0.641129,0.7315,0.1875,0.081,1.86862,0.641129,8.25925925925926,8.5,3.0,4.0,2.382,0.4305,0.0,0.0,0.641129,1.86862
2019-11-02,Arsenal,Wolves,1.02552,1.5103,0.2334,0.281,0.4856,1.02552,1.5103,14.071428571428571,11.76,9.0,6.0,0.9812,1.7378,0.0,0.0,1.5103,1.02552
2019-11-02,Aston Villa,Liverpool,0.741615,2.38824,0.0731,0.1563,0.7706,0.741615,2.38824,20.928571428571427,4.4,2.0,16.0,0.3756,2.4680999999999997,0.0,0.0,2.38824,0.741615
2019-11-02,Brighton,Norwich,2.65496,0.455082,0.8783,0.094,0.0277,2.65496,0.455082,6.967741935483871,15.210526315789474,15.0,5.0,2.7289,0.17709999999999998,0.0,0.0,0.455082,2.65496
2019-11-02,Man City,Southampton,3.36132,0.893889,0.9119,0.074,0.0141,3.36132,0.893889,3.1923076923076925,17.75,31.0,2.0,2.8097,0.11629999999999999,0.0,0.0,0.893889,3.36132
2019-11-02,Sheffield United,Burnley,2.58392,0.716613,0.83,0.1251,0.0449,2.58392,0.716613,17.714285714285715,8.5,6.0,3.0,2.6151,0.25980000000000003,0.0,0.0,0.716613,2.58392
2019-11-02,West Ham,Newcastle,1.53597,1.93192,0.271,0.258,0.471,1.53597,1.93192,4.166666666666667,14.470588235294118,17.0,5.0,1.0710000000000002,1.6709999999999998,0.0,0.0,1.93192,1.53597
2019-11-02,Watford,Chelsea,1.4744,2.18313,0.2033,0.2538,0.5429,0.713228,2.18313,20.2,11.263157894736842,6.0,8.0,0.8637,1.8825000000000003,0.0,0.0,2.18313,1.4744
2019-11-03,Crystal Palace,Leicester,0.44291,0.981167,0.155,0.3517,0.4933,0.44291,0.981167,17.8,6.413793103448276,5.0,5.0,0.8167,1.8316,0.0,0.0,0.981167,0.44291
2019-11-03,Everton,Tottenham,1.15532,0.243393,0.6632,0.2752,0.0616,1.15532,0.243393,11.24,10.222222222222221,8.0,1.0,2.2648,0.46,0.0,0.0,0.243393,1.15532
2019-11-08,Norwich,Watford,0.62104,1.36017,0.1585,0.28,0.5615,0.62104,1.36017,7.578947368421052,15.545454545454545,11.0,3.0,0.7555000000000001,1.9645,0.0,0.0,1.36017,0.62104
2019-11-09,Chelsea,Crystal Palace,3.28903,0.479488,0.9423,0.0481,0.0096,3.28903,0.479488,7.75,13.91304347826087,11.0,3.0,2.875,0.0769,0.0,0.0,0.479488,3.28903
2019-11-09,Burnley,West Ham,2.4158,0.474281,0.8586,0.1051,0.0363,2.4158,0.474281,9.083333333333334,5.708333333333333,5.0,5.0,2.6809000000000003,0.214,0.0,0.0,0.474281,2.4158
2019-11-09,Newcastle,Bournemouth,2.3306,1.9213,0.4754,0.2446,0.28,2.3306,1.9213,18.88235294117647,7.823529411764706,5.0,10.0,1.6707999999999998,1.0846,0.0,0.0,1.9213,2.3306
2019-11-09,Southampton,Everton,0.742281,2.08883,0.0761,0.2071,0.7168,0.742281,2.08883,9.941176470588236,6.516129032258065,1.0,6.0,0.4354,2.3575,0.0,0.0,2.08883,0.742281
2019-11-09,Tottenham,Sheffield United,1.5104,0.923443,0.5262,0.2654,0.2084,1.5104,0.923443,9.529411764705882,11.517241379310345,4.0,6.0,1.844,0.8906000000000001,0.0,0.0,0.923443,1.5104
2019-11-09,Leicester,Arsenal,1.37055,0.961339,0.4439,0.3099,0.2462,1.37055,0.961339,8.088235294117647,17.142857142857142,14.0,10.0,1.6416000000000002,1.0485,0.0,0.0,0.961339,1.37055
2019-11-10,Wolves,Aston Villa,2.09891,0.473225,0.7939,0.1511,0.055,2.09891,0.473225,6.59375,6.3,8.0,0.0,2.5328000000000004,0.31610000000000005,0.0,0.0,0.473225,2.09891
2019-11-10,Man United,Brighton,3.65299,1.1342,0.8833,0.0828,0.0339,3.65299,1.1342,11.961538461538462,5.314285714285714,9.0,2.0,2.7327,0.1845,0.0,0.0,1.1342,3.65299
2019-11-10,Liverpool,Man City,1.3319,1.48104,0.3127,0.2881,0.3992,1.3319,1.48104,20.46153846153846,12.047619047619047,6.0,9.0,1.2262,1.4857,0.0,0.0,1.48104,1.3319
2019-11-23,Man City,Chelsea,1.23596,0.820474,0.4647,0.3041,0.2312,1.23596,0.820474,16.333333333333332,18.63157894736842,14.0,6.0,1.6982,0.9977,0.0,0.0,0.820474,1.23596
2019-11-23,Watford,Burnley,0.902384,2.66281,0.0541,0.1127,0.8332,0.902384,1.90164,5.947368421052632,11.625,5.0,2.0,0.275,2.6123,0.0,0.0,2.66281,0.902384
2019-11-23,Everton,Norwich,0.812693,1.80849,0.1424,0.2108,0.6468,0.812693,1.80849,5.956521739130435,8.217391304347826,15.0,4.0,0.638,2.1512000000000002,0.0,0.0,1.80849,0.812693
2019-11-23,Crystal Palace,Liverpool,1.02306,1.64291,0.1967,0.2659,0.5374,1.02306,1.64291,21.923076923076923,10.11111111111111,8.0,11.0,0.8560000000000001,1.8781,0.0,0.0,1.64291,1.02306
2019-11-23,Arsenal,Southampton,1.60823,2.60312,0.1668,0.2108,0.6224,1.60823,1.68664,6.0,7.3428571428571425,3.0,10.0,0.7111999999999999,2.078,0.0,0.0,2.60312,1.60823
2019-11-23,Bournemouth,Wolves,0.849789,1.2765,0.2059,0.3272,0.4669,0.849789,1.2765,14.043478260869565,13.7,3.0,7.0,0.9449000000000001,1.7279,0.0,0.0,1.2765,0.849789
2019-11-23,West Ham,Tottenham,0.661449,2.20681,0.0614,0.1533,0.7853,0.661449,2.20681,11.333333333333334,9.08695652173913,6.0,3.0,0.3375,2.5092,0.0,0.0,2.20681,0.661449
2019-11-23,Brighton,Leicester,0.784706,3.50917,0.017,0.0549,0.9281,0.784706,2.748,16.466666666666665,27.0,8.0,9.0,0.1059,2.8392,0.0,0.0,3.50917,0.784706
2019-11-24,Sheffield United,Man United,1.56025,1.33065,0.4198,0.3029,0.2773,1.56025,1.33065,10.483870967741936,8.631578947368421,3.0,6.0,1.5623,1.1348,0.0,0.0,1.33065,1.56025
2019-11-25,Aston Villa,Newcastle,2.6985,0.69784,0.8515,0.1083,0.0402,2.6985,0.69784,7.333333333333333,17.6,14.0,3.0,2.6628,0.2289,0.0,0.0,0.69784,2.6985
2019-11-30,Tottenham,Bournemouth,2.93189,1.02949,0.8068,0.1241,0.0691,2.93189,1.02949,8.88888888888889,8.5625,9.0,6.0,2.5444999999999998,0.3314,0.0,0.0,1.02949,2.93189
2019-11-30,Liverpool,Brighton,1.36832,0.867601,0.5044,0.2797,0.2159,1.36832,0.867601,14.916666666666666,15.055555555555555,11.0,3.0,1.7929,0.9274,0.0,0.0,0.867601,1.36832
2019-11-30,Southampton,Watford,1.9671,0.504005,0.826,0.1455,0.0285,1.9671,0.504005,7.555555555555555,14.2,8.0,5.0,2.6235,0.23099999999999998,0.0,0.0,0.504005,1.9671
2019-11-30,Burnley,Crystal Palace,1.8509,0.936732,0.617,0.2446,0.1384,1.8509,0.936732,8.375,7.291666666666667,5.0,6.0,2.0956,0.6598,0.0,0.0,0.936732,1.8509
2019-11-30,Chelsea,West Ham,2.73185,1.12034,0.7651,0.1557,0.0792,2.73185,1.12034,11.357142857142858,11.205882352941176,6.0,3.0,2.451,0.39330000000000004,0.0,0.0,1.12034,2.73185
2019-11-30,Newcastle,Man City,0.208252,2.44389,0.0129,0.0872,0.8999,0.208252,2.44389,38.55555555555556,4.115384615384615,2.0,12.0,0.1259,2.7869,0.0,0.0,2.44389,0.208252
2019-12-01,Wolves,Sheffield United,1.27422,1.47296,0.3147,0.2737,0.4116,1.27422,1.47296,7.571428571428571,7.891891891891892,4.0,8.0,1.2178,1.5085000000000002,0.0,0.0,1.47296,1.27422
2019-12-01,Norwich,Arsenal,0.810596,1.96157,0.1015,0.191,0.7075,0.810596,1.20044,24.666666666666668,7.884615384615385,2.0,10.0,0.4955,2.3135,0.0,0.0,1.96157,0.810596
2019-12-01,Leicester,Everton,2.24348,1.24986,0.6223,0.2153,0.1624,2.24348,1.24986,5.608695652173913,18.35,9.0,1.0,2.0822,0.7024999999999999,0.0,0.0,1.24986,2.24348
2019-12-01,Man United,Aston Villa,1.84804,1.29701,0.5014,0.2793,0.2193,1.84804,1.29701,6.6521739130434785,12.0,13.0,3.0,1.7835,0.9371999999999999,0.0,0.0,1.29701,1.84804
2019-12-03,Crystal Palace,Bournemouth,0.383763,0.342799,0.2392,0.5482,0.2126,0.383763,0.342799,20.333333333333332,5.619047619047619,6.0,10.0,1.2658,1.186,0.0,0.0,0.342799,0.383763
2019-12-03,Burnley,Man City,0.486548,2.56057,0.025,0.0891,0.8859,0.486548,2.56057,25.9375,11.2,3.0,13.0,0.16410000000000002,2.7468000000000004,0.0,0.0,2.56057,0.486548
2019-12-04,Chelsea,Aston Villa,1.9774,0.86086,0.6494,0.2192,0.1314,1.9774,0.86086,6.961538461538462,13.892857142857142,14.0,2.0,2.1673999999999998,0.6134,0.0,0.0,0.86086,1.9774
2019-12-04,Liverpool,Everton,2.41397,1.76453,0.5327,0.2329,0.2344,2.41397,1.76453,9.68421052631579,9.0,10.0,6.0,1.831,0.9361,0.0,0.0,1.76453,2.41397
2019-12-04,Southampton,Norwich,2.00232,0.896647,0.6864,0.2089,0.1047,2.00232,0.896647,9.305555555555555,13.833333333333334,9.0,3.0,2.2681,0.523,0.0,0.0,0.896647,2.00232
2019-12-04,Man United,Tottenham,1.47683,0.542315,0.6568,0.2512,0.092,0.715699,0.542315,7.368421052631579,8.481481481481481,1.0,2.0,2.2216,0.5272,0.0,0.0,0.542315,1.47683
2019-12-04,Wolves,West Ham,1.82237,0.501977,0.735,0.1951,0.0699,1.82237,0.501977,9.258064516129032,9.846153846153847,5.0,4.0,2.4001,0.4048,0.0,0.0,0.501977,1.82237
2019-12-04,Leicester,Watford,2.28735,0.199733,0.9199,0.0706,0.0095,1.52619,0.199733,7.190476190476191,13.541666666666666,9.0,4.0,2.8303000000000003,0.0991,0.0,0.0,0.199733,2.28735
2019-12-05,Sheffield United,Newcastle,1.09175,0.533775,0.5039,0.3343,0.1618,1.09175,0.533775,7.3125,60.0,13.0,3.0,1.846,0.8197,0.0,0.0,0.533775,1.09175
2019-12-05,Arsenal,Brighton,0.965377,1.53446,0.229,0.2568,0.5142,0.965377,1.53446,13.9375,8.392857142857142,6.0,4.0,0.9438,1.7993999999999999,0.0,0.0,1.53446,0.965377
2019-12-07,Everton,Chelsea,2.03892,1.25734,0.5741,0.2352,0.1907,2.03892,1.25734,8.974358974358974,4.611111111111111,5.0,17.0,1.9575000000000002,0.8073,0.0,0.0,1.25734,2.03892
2019-12-07,Bournemouth,Liverpool,0.154608,3.04446,0.0046,0.0368,0.9586,0.154608,3.04446,43.916666666666664,9.352941176470589,2.0,19.0,0.0506,2.9126,0.0,0.0,3.04446,0.154608
2019-12-07,Tottenham,Burnley,2.39684,1.08645,0.7218,0.1919,0.0863,2.39684,1.08645,11.0,11.296296296296296,3.0,1.0,2.3573,0.4508,0.0,0.0,1.08645,2.39684
2019-12-07,Watford,Crystal Palace,1.57132,0.210746,0.7994,0.1733,0.0273,1.57132,0.210746,10.5,9.05,7.0,2.0,2.5715000000000003,0.2552,0.0,0.0,0.210746,1.57132
2019-12-07,Man City,Man United,2.07108,1.63385,0.4696,0.2472,0.2832,2.07108,0.872683,3.742857142857143,20.846153846153847,23.0,8.0,1.6560000000000001,1.0968,0.0,0.0,1.63385,2.07108
2019-12-08,Brighton,Wolves,0.951621,1.87208,0.1487,0.2284,0.6229,0.951621,1.87208,5.866666666666666,23.133333333333333,6.0,11.0,0.6745,2.0971,0.0,0.0,1.87208,0.951621
2019-12-08,Norwich,Sheffield United,0.585805,0.712899,0.2498,0.4017,0.3485,0.585805,0.712899,12.375,11.12,7.0,2.0,1.1511,1.4471999999999998,0.0,0.0,0.712899,0.585805
2019-12-08,Aston Villa,Leicester,1.24141,4.03286,0.0239,0.0624,0.9137,1.24141,4.03286,8.666666666666666,4.296296296296297,12.0,17.0,0.1341,2.8034999999999997,0.0,0.0,4.03286,1.24141
2019-12-08,Newcastle,Southampton,1.10449,1.89255,0.1687,0.2549,0.5764,1.10449,1.89255,13.8,4.866666666666666,3.0,6.0,0.761,1.9841000000000002,0.0,0.0,1.89255,1.10449
2019-12-09,West Ham,Arsenal,0.521847,1.79181,0.073,0.1861,0.7409,0.521847,1.79181,12.135135135135135,23.166666666666668,4.0,7.0,0.40509999999999996,2.4088000000000003,0.0,0.0,1.79181,0.521847
2019-12-14,Liverpool,Watford,1.56674,1.01166,0.518,0.2644,0.2176,1.56674,1.01166,5.038461538461538,17.772727272727273,10.0,7.0,1.8184,0.9172,0.0,0.0,1.01166,1.56674
2019-12-14,Burnley,Newcastle,1.43602,1.08726,0.4421,0.3378,0.2201,1.43602,1.08726,7.148148148148148,10.45,2.0,2.0,1.6641,0.9981,0.0,0.0,1.08726,1.43602
2019-12-14,Chelsea,Bournemouth,2.02119,1.20777,0.566,0.2294,0.2046,2.02119,1.20777,4.533333333333333,17.210526315789473,6.0,3.0,1.9274,0.8432,0.0,0.0,1.20777,2.02119
2019-12-14,Leicester,Norwich,1.06421,1.16408,0.3044,0.3038,0.3918,1.06421,1.16408,7.033333333333333,11.5,5.0,7.0,1.217,1.4792,0.0,0.0,1.16408,1.06421
2019-12-14,Sheffield United,Aston Villa,1.888,0.97258,0.632,0.2565,0.1115,1.888,0.211411,8.0,10.85,13.0,1.0,2.1525,0.591,0.0,0.0,0.97258,1.888
2019-12-14,Southampton,West Ham,0.805884,0.90324,0.311,0.3452,0.3438,0.805884,0.90324,7.722222222222222,11.95,7.0,8.0,1.2782,1.3766,0.0,0.0,0.90324,0.805884
2019-12-15,Man United,Everton,1.48327,0.276759,0.7171,0.2244,0.0585,1.48327,0.276759,8.909090909090908,11.25,4.0,2.0,2.3757,0.39990000000000003,0.0,0.0,0.276759,1.48327
2019-12-15,Wolves,Tottenham,0.718669,0.989205,0.2404,0.3386,0.421,0.718669,0.989205,6.67741935483871,8.692307692307692,8.0,10.0,1.0598,1.6016,0.0,0.0,0.989205,0.718669
2019-12-15,Arsenal,Man City,0.28161,1.69553,0.042,0.1757,0.7823,0.28161,1.69553,18.130434782608695,8.513513513513514,1.0,6.0,0.30169999999999997,2.5225999999999997,0.0,0.0,1.69553,0.28161
2019-12-16,Crystal Palace,Brighton,0.484859,2.48355,0.0214,0.081,0.8976,0.484859,2.48355,19.3125,5.25,5.0,11.0,0.1452,2.7738,0.0,0.0,2.48355,0.484859
2019-12-21,Everton,Arsenal,0.486523,0.881818,0.1606,0.3613,0.4781,0.486523,0.881818,12.423076923076923,8.043478260869565,8.0,1.0,0.8431,1.7956,0.0,0.0,0.881818,0.486523
2019-12-21,Aston Villa,Southampton,0.921054,2.63444,0.0701,0.1332,0.7967,0.921054,2.63444,10.4375,12.0,6.0,5.0,0.3435,2.5233,0.0,0.0,2.63444,0.921054
2019-12-21,Bournemouth,Burnley,0.138532,0.144318,0.1153,0.7656,0.1191,0.138532,0.144318,5.555555555555555,8.392857142857142,6.0,0.0,1.1115,1.1229,0.0,0.0,0.144318,0.138532
2019-12-21,Brighton,Sheffield United,0.428371,1.65933,0.0649,0.1924,0.7427,0.428371,1.65933,8.533333333333333,20.22222222222222,9.0,1.0,0.3871,2.4205,0.0,0.0,1.65933,0.428371
2019-12-21,Newcastle,Crystal Palace,0.714368,0.985368,0.2554,0.3549,0.3897,0.714368,0.985368,12.5,8.652173913043478,6.0,14.0,1.1211,1.524,0.0,0.0,0.985368,0.714368
2019-12-21,Norwich,Wolves,1.26536,1.65224,0.2615,0.2668,0.4717,1.26536,1.65224,14.588235294117647,9.461538461538462,4.0,2.0,1.0513,1.6819,0.0,0.0,1.65224,1.26536
2019-12-21,Man City,Leicester,3.59139,1.01388,0.9032,0.0714,0.0254,2.83026,1.01388,8.625,32.916666666666664,17.0,0.0,2.781,0.1476,0.0,0.0,1.01388,3.59139
2019-12-22,Watford,Man United,1.59291,1.5309,0.3791,0.2811,0.3398,0.83174,1.5309,8.875,5.416666666666667,8.0,8.0,1.4184,1.3005,0.0,0.0,1.5309,1.59291
2019-12-22,Tottenham,Chelsea,0.276667,1.49374,0.0406,0.1922,0.7672,0.276667,0.732575,12.782608695652174,10.4,7.0,8.0,0.314,2.4938000000000002,0.0,0.0,1.49374,0.276667
2019-12-26,Man United,Newcastle,1.99638,1.05018,0.612,0.2376,0.1504,1.99638,1.05018,5.518518518518518,40.45454545454545,6.0,4.0,2.0736,0.6888000000000001,0.0,0.0,1.05018,1.99638
2019-12-26,Sheffield United,Watford,2.04481,0.596611,0.7843,0.1616,0.0541,1.28364,0.596611,13.2,20.428571428571427,6.0,6.0,2.5145,0.32389999999999997,0.0,0.0,0.596611,2.04481
2019-12-26,Leicester,Liverpool,0.120994,3.76973,0.0003,0.0086,0.9911,0.120994,3.00856,20.470588235294116,11.434782608695652,3.0,6.0,0.0095,2.9819,0.0,0.0,3.76973,0.120994
2019-12-26,Crystal Palace,West Ham,2.14195,0.796338,0.7301,0.1812,0.0887,2.14195,0.796338,9.941176470588236,9.909090909090908,12.0,8.0,2.3714999999999997,0.44730000000000003,0.0,0.0,0.796338,2.14195
2019-12-26,Everton,Burnley,1.47521,0.565252,0.6218,0.2726,0.1056,1.47521,0.565252,5.526315789473684,13.083333333333334,2.0,1.0,2.1380000000000003,0.5893999999999999,0.0,0.0,0.565252,1.47521
2019-12-26,Bournemouth,Arsenal,1.55463,1.42464,0.4082,0.2741,0.3177,1.55463,1.42464,23.8,7.653846153846154,9.0,13.0,1.4987000000000001,1.2271999999999998,0.0,0.0,1.42464,1.55463
2019-12-26,Tottenham,Brighton,1.02645,1.09007,0.3168,0.3158,0.3674,1.02645,1.09007,10.125,9.692307692307692,7.0,2.0,1.2662000000000002,1.4180000000000001,0.0,0.0,1.09007,1.02645
2019-12-26,Chelsea,Southampton,0.859973,0.981321,0.2827,0.3415,0.3758,0.859973,0.981321,5.111111111111111,12.535714285714286,10.0,2.0,1.1896,1.4689,0.0,0.0,0.981321,0.859973
2019-12-26,Aston Villa,Norwich,0.654194,1.45005,0.1589,0.2584,0.5827,0.654194,1.45005,11.521739130434783,9.222222222222221,4.0,3.0,0.7351000000000001,2.0065,0.0,0.0,1.45005,0.654194
2019-12-27,Wolves,Man City,2.39405,1.52044,0.6128,0.2356,0.1516,2.39405,0.614563,13.058823529411764,18.8,4.0,1.0,2.074,0.6904,0.0,0.0,1.52044,2.39405
2019-12-28,Brighton,Bournemouth,1.05876,0.500726,0.5128,0.3292,0.158,1.05876,0.500726,9.375,17.125,11.0,5.0,1.8676000000000001,0.8031999999999999,0.0,0.0,0.500726,1.05876
2019-12-28,Newcastle,Everton,1.63211,2.82576,0.1581,0.1764,0.6655,1.63211,2.82576,14.705882352941176,8.5,6.0,6.0,0.6507,2.1729,0.0,0.0,2.82576,1.63211
2019-12-28,Southampton,Crystal Palace,1.47937,0.137837,0.7755,0.1989,0.0256,1.47937,0.137837,5.411764705882353,19.357142857142858,4.0,2.0,2.5254,0.2757,0.0,0.0,0.137837,1.47937
2019-12-28,Watford,Aston Villa,3.25314,0.610997,0.9266,0.0573,0.0161,2.49197,0.610997,8.76,16.0,8.0,6.0,2.8371,0.1056,0.0,0.0,0.610997,3.25314
2019-12-28,Norwich,Tottenham,0.268052,1.82189,0.0263,0.141,0.8327,0.268052,1.06076,8.466666666666667,9.8,4.0,11.0,0.21989999999999998,2.6391,0.0,0.0,1.82189,0.268052
2019-12-28,West Ham,Leicester,0.782104,2.62349,0.0516,0.1144,0.834,0.782104,1.86232,8.941176470588236,7.590909090909091,7.0,8.0,0.2692,2.6163999999999996,0.0,0.0,2.62349,0.782104
2019-12-28,Burnley,Man United,0.386662,2.10542,0.0282,0.1155,0.8563,0.386662,2.10542,13.5,8.333333333333334,3.0,9.0,0.2001,2.6843999999999997,0.0,0.0,2.10542,0.386662
2019-12-29,Man City,Sheffield United,1.08628,1.23346,0.3044,0.3003,0.3953,1.08628,1.23346,10.923076923076923,34.57142857142857,9.0,2.0,1.2135,1.4862,0.0,0.0,1.23346,1.08628
2019-12-29,Liverpool,Wolves,1.49124,0.363764,0.7092,0.224,0.0668,1.49124,0.363764,6.266666666666667,21.333333333333332,14.0,3.0,2.3516000000000004,0.4244,0.0,0.0,0.363764,1.49124
2019-12-29,Arsenal,Chelsea,0.785214,1.49666,0.1634,0.2709,0.5657,0.785214,1.49666,14.043478260869565,6.894736842105263,7.0,8.0,0.7610999999999999,1.9679999999999997,0.0,0.0,1.49666,0.785214
2020-01-01,Brighton,Chelsea,1.56978,1.57497,0.3583,0.2959,0.3458,1.56978,1.57497,12.148148148148149,8.53125,10.0,7.0,1.3708,1.3333,0.0,0.0,1.57497,1.56978
2020-01-01,Burnley,Aston Villa,2.34418,1.74824,0.532,0.2321,0.2359,2.34418,1.74824,7.944444444444445,26.5,9.0,5.0,1.8281,0.9398,0.0,0.0,1.74824,2.34418
2020-01-01,Newcastle,Leicester,0.780118,2.43642,0.0438,0.1446,0.8116,0.780118,2.43642,39.92307692307692,3.588235294117647,2.0,16.0,0.276,2.5794,0.0,0.0,2.43642,0.780118
2020-01-01,Southampton,Tottenham,1.51192,1.078,0.4731,0.2856,0.2413,1.51192,1.078,6.375,6.434782608695652,4.0,4.0,1.7049,1.0095,0.0,0.0,1.078,1.51192
2020-01-01,Watford,Wolves,1.07053,1.23252,0.3114,0.298,0.3906,1.07053,1.23252,20.11764705882353,8.45,7.0,7.0,1.2322,1.4698,0.0,0.0,1.23252,1.07053
2020-01-01,West Ham,Bournemouth,2.32825,0.720709,0.8034,0.1575,0.0391,1.56708,0.720709,22.526315789473685,15.933333333333334,8.0,4.0,2.5677000000000003,0.27480000000000004,0.0,0.0,0.720709,2.32825
2020-01-01,Man City,Everton,1.79757,0.848942,0.6084,0.2598,0.1318,1.79757,0.848942,10.28,22.52173913043478,9.0,2.0,2.085,0.6552,0.0,0.0,0.848942,1.79757
2020-01-01,Norwich,Crystal Palace,1.66454,1.29896,0.4478,0.2915,0.2607,1.66454,1.29896,11.272727272727273,8.0,7.0,7.0,1.6349,1.0735999999999999,0.0,0.0,1.29896,1.66454
2020-01-01,Arsenal,Man United,1.90747,0.715563,0.7141,0.2018,0.0841,1.90747,0.715563,13.565217391304348,11.241379310344827,8.0,5.0,2.3440999999999996,0.45409999999999995,0.0,0.0,0.715563,1.90747
2020-01-02,Liverpool,Sheffield United,3.0465,0.634607,0.9328,0.0591,0.0081,3.0465,0.634607,14.583333333333334,32.68421052631579,16.0,7.0,2.8575,0.0834,0.0,0.0,0.634607,3.0465
2020-01-10,Sheffield United,West Ham,2.02768,0.90477,0.6699,0.207,0.1231,2.02768,0.90477,9.928571428571429,10.947368421052632,4.0,3.0,2.2167,0.5763,0.0,0.0,0.90477,2.02768
2020-01-11,Crystal Palace,Arsenal,0.317862,1.43924,0.0317,0.1698,0.7985,0.317862,1.43924,8.818181818181818,5.6875,5.0,8.0,0.2649,2.5653,0.0,0.0,1.43924,0.317862
2020-01-11,Wolves,Newcastle,2.04805,0.184495,0.8999,0.089,0.0111,2.04805,0.184495,4.733333333333333,16.695652173913043,2.0,2.0,2.7887,0.12229999999999999,0.0,0.0,0.184495,2.04805
2020-01-11,Chelsea,Burnley,2.87633,0.717407,0.8783,0.097,0.0247,2.11516,0.717407,9.588235294117647,28.818181818181817,10.0,1.0,2.7319,0.1711,0.0,0.0,0.717407,2.87633
2020-01-11,Everton,Brighton,2.02533,1.53324,0.4903,0.2518,0.2579,2.02533,1.53324,8.689655172413794,17.4375,10.0,6.0,1.7227000000000001,1.0255,0.0,0.0,1.53324,2.02533
2020-01-11,Leicester,Southampton,0.780114,2.40601,0.0603,0.151,0.7887,0.780114,2.40601,12.0,7.7272727272727275,2.0,3.0,0.3319,2.5170999999999997,0.0,0.0,2.40601,0.780114
2020-01-11,Man United,Norwich,3.13456,0.275987,0.9713,0.0254,0.0033,2.37339,0.275987,5.0,15.894736842105264,17.0,4.0,2.9393,0.0353,0.0,0.0,0.275987,3.13456
2020-01-11,Tottenham,Liverpool,1.10584,1.74564,0.2095,0.2573,0.5332,1.10584,1.74564,29.9375,12.3,4.0,21.0,0.8857999999999999,1.8569,0.0,0.0,1.74564,1.10584
2020-01-12,Bournemouth,Watford,0.320447,2.29827,0.0223,0.1044,0.8733,0.320447,2.29827,13.066666666666666,11.44,5.0,7.0,0.1713,2.7243,0.0,0.0,2.29827,0.320447
2020-01-12,Aston Villa,Man City,1.12565,3.75131,0.0269,0.0804,0.8927,0.364481,3.75131,34.3125,7.633333333333334,1.0,20.0,0.1611,2.7585,0.0,0.0,3.75131,1.12565
2020-01-18,Newcastle,Chelsea,0.892988,2.05436,0.1176,0.2097,0.6727,0.892988,2.05436,23.272727272727273,4.233333333333333,3.0,11.0,0.5625,2.2278000000000002,0.0,0.0,2.05436,0.892988
2020-01-18,West Ham,Everton,1.68436,1.95473,0.3048,0.2539,0.4413,1.68436,1.95473,9.8,8.25925925925926,2.0,4.0,1.1683000000000001,1.5778,0.0,0.0,1.95473,1.68436
2020-01-18,Southampton,Wolves,0.786974,2.1772,0.0779,0.1631,0.759,0.786974,1.41604,5.194444444444445,15.307692307692308,2.0,5.0,0.3968,2.4401,0.0,0.0,2.1772,0.786974
2020-01-18,Norwich,Bournemouth,1.76046,0.558298,0.7257,0.2016,0.0727,0.999292,0.558298,9.764705882352942,13.75,6.0,4.0,2.3787000000000003,0.4197,0.0,0.0,0.558298,1.76046
2020-01-18,Watford,Tottenham,2.39174,1.76697,0.5385,0.2236,0.2379,1.63057,1.76697,9.166666666666666,7.294117647058823,9.0,13.0,1.8391,0.9373,0.0,0.0,1.76697,2.39174
2020-01-18,Man City,Crystal Palace,2.47314,0.586716,0.83,0.1309,0.0391,2.47314,0.586716,4.923076923076923,29.5,23.0,2.0,2.6209,0.2482,0.0,0.0,0.586716,2.47314
2020-01-18,Arsenal,Sheffield United,1.22882,1.18444,0.3527,0.3268,0.3205,1.22882,1.18444,9.444444444444445,8.972222222222221,6.0,1.0,1.3849,1.2883,0.0,0.0,1.18444,1.22882
2020-01-18,Brighton,Aston Villa,1.30028,1.02045,0.433,0.3044,0.2626,1.30028,1.02045,7.241379310344827,10.777777777777779,7.0,4.0,1.6034,1.0922,0.0,0.0,1.02045,1.30028
2020-01-19,Burnley,Leicester,1.50886,2.33415,0.1548,0.2598,0.5854,1.50886,1.55792,9.72,9.826086956521738,3.0,14.0,0.7242,2.016,0.0,0.0,2.33415,1.50886
2020-01-19,Liverpool,Man United,2.00655,1.4185,0.5023,0.258,0.2397,2.00655,1.4185,11.0,15.0,12.0,5.0,1.7649,0.9771,0.0,0.0,1.4185,2.00655
2020-01-21,Crystal Palace,Southampton,0.674589,1.1306,0.1976,0.3236,0.4788,0.674589,1.1306,7.833333333333333,4.5,9.0,8.0,0.9164,1.7599999999999998,0.0,0.0,1.1306,0.674589
2020-01-21,Chelsea,Arsenal,3.38612,0.568077,0.9524,0.0418,0.0058,2.62495,0.568077,8.321428571428571,21.666666666666668,21.0,2.0,2.899,0.059199999999999996,0.0,0.0,0.568077,3.38612
2020-01-21,Bournemouth,Brighton,1.92315,1.97227,0.3485,0.2752,0.3763,1.92315,1.97227,11.129032258064516,6.428571428571429,6.0,4.0,1.3207,1.4041000000000001,0.0,0.0,1.97227,1.92315
2020-01-21,Sheffield United,Man City,0.774943,2.873,0.0228,0.0931,0.8841,0.774943,2.11183,23.0,8.833333333333334,6.0,11.0,0.1615,2.7454,0.0,0.0,2.873,0.774943
2020-01-21,Everton,Newcastle,2.05254,0.570931,0.7659,0.1706,0.0635,2.05254,0.570931,11.72,15.08695652173913,5.0,2.0,2.4682999999999997,0.3611,0.0,0.0,0.570931,2.05254
2020-01-21,Aston Villa,Watford,1.06739,1.81101,0.1601,0.2474,0.5925,1.06739,1.81101,6.173913043478261,9.272727272727273,6.0,1.0,0.7277,2.0249,0.0,0.0,1.81101,1.06739
2020-01-22,Leicester,West Ham,2.91302,1.16254,0.829,0.1353,0.0357,2.15185,0.401371,5.954545454545454,15.8,18.0,2.0,2.6223,0.2424,0.0,0.0,1.16254,2.91302
2020-01-22,Tottenham,Norwich,2.22282,1.42472,0.5976,0.2549,0.1475,2.22282,0.663547,9.03225806451613,14.235294117647058,7.0,11.0,2.0477000000000003,0.6974,0.0,0.0,1.42472,2.22282
2020-01-22,Man United,Burnley,1.416,0.717284,0.5315,0.2893,0.1792,1.416,0.717284,10.9,13.884615384615385,11.0,3.0,1.8838,0.8269,0.0,0.0,0.717284,1.416
2020-01-23,Wolves,Liverpool,1.85442,1.59024,0.4512,0.25,0.2988,1.85442,1.59024,22.375,11.88888888888889,4.0,2.0,1.6036,1.1464,0.0,0.0,1.59024,1.85442
2020-01-29,West Ham,Liverpool,0.878341,2.59926,0.0492,0.1417,0.8091,0.878341,1.83809,38.357142857142854,7.481481481481482,2.0,11.0,0.2893,2.5690000000000004,0.0,0.0,2.59926,0.878341
2020-02-01,Watford,Everton,0.919248,2.70178,0.0386,0.12,0.8414,0.919248,2.70178,9.24,8.285714285714286,2.0,5.0,0.2358,2.6442,0.0,0.0,2.70178,0.919248
2020-02-01,Man United,Wolves,1.18608,1.54211,0.2764,0.2711,0.4525,1.18608,1.54211,7.241379310344827,9.344827586206897,7.0,4.0,1.1002999999999998,1.6286,0.0,0.0,1.54211,1.18608
2020-02-01,West Ham,Brighton,1.30774,2.03179,0.2142,0.2356,0.5502,1.30774,2.03179,17.333333333333332,6.333333333333333,5.0,9.0,0.8782000000000001,1.8862,0.0,0.0,2.03179,1.30774
2020-02-01,Newcastle,Norwich,0.937293,2.39985,0.0835,0.1615,0.755,0.937293,2.39985,11.318181818181818,7.6923076923076925,2.0,9.0,0.41200000000000003,2.4265000000000003,0.0,0.0,2.39985,0.937293
2020-02-01,Crystal Palace,Sheffield United,0.970063,0.860755,0.3565,0.3416,0.3019,0.970063,0.860755,11.0,10.310344827586206,6.0,4.0,1.4110999999999998,1.2473,0.0,0.0,0.860755,0.970063
2020-02-01,Bournemouth,Aston Villa,2.72236,1.40955,0.7011,0.1708,0.1281,2.72236,1.40955,10.0,7.642857142857143,8.0,7.0,2.2741,0.5550999999999999,0.0,0.0,1.40955,2.72236
2020-02-01,Leicester,Chelsea,1.65956,0.806995,0.5887,0.2617,0.1496,1.65956,0.806995,7.848484848484849,14.631578947368421,5.0,8.0,2.0278,0.7105,0.0,0.0,0.806995,1.65956
2020-02-01,Liverpool,Southampton,3.7195,0.716298,0.9565,0.035,0.0085,3.7195,0.716298,6.2272727272727275,12.73913043478261,8.0,7.0,2.9045,0.060500000000000005,0.0,0.0,0.716298,3.7195
2020-02-02,Burnley,Arsenal,2.24562,1.48025,0.5772,0.2186,0.2042,2.24562,1.48025,11.166666666666666,6.636363636363637,4.0,4.0,1.9502000000000002,0.8312,0.0,0.0,1.48025,2.24562
2020-02-02,Tottenham,Man City,0.420293,3.25139,0.0069,0.0363,0.9568,0.420293,2.49022,21.41176470588235,7.32,6.0,21.0,0.056999999999999995,2.9067,0.0,0.0,3.25139,0.420293
2020-02-08,Everton,Crystal Palace,2.79103,0.865323,0.8528,0.1105,0.0367,2.79103,0.865323,8.129032258064516,7.863636363636363,2.0,8.0,2.6689,0.22060000000000002,0.0,0.0,0.865323,2.79103
2020-02-08,Brighton,Watford,0.76201,0.280048,0.4631,0.4184,0.1185,0.76201,0.280048,7.15,15.363636363636363,7.0,3.0,1.8077,0.7739,0.0,0.0,0.280048,0.76201
2020-02-09,Sheffield United,Bournemouth,2.04467,1.07183,0.6383,0.226,0.1357,2.04467,1.07183,9.368421052631579,10.15,10.0,8.0,2.1409,0.6331,0.0,0.0,1.07183,2.04467
2020-02-14,Wolves,Leicester,1.14491,0.527366,0.5283,0.311,0.1607,1.14491,0.527366,15.38888888888889,6.5,6.0,3.0,1.8959,0.7931,0.0,0.0,0.527366,1.14491
2020-02-15,Norwich,Liverpool,0.383495,2.07331,0.0262,0.1252,0.8486,0.383495,2.07331,45.42857142857143,8.148148148148149,3.0,13.0,0.2038,2.671,0.0,0.0,2.07331,0.383495
2020-02-15,Southampton,Burnley,0.694025,0.892699,0.2518,0.3497,0.3985,0.694025,0.892699,7.444444444444445,9.92,6.0,2.0,1.1051000000000002,1.5452,0.0,0.0,0.892699,0.694025
2020-02-16,Arsenal,Newcastle,3.02257,1.16662,0.8118,0.126,0.0622,3.02257,1.16662,5.655172413793103,19.555555555555557,16.0,4.0,2.5614,0.3126,0.0,0.0,1.16662,3.02257
2020-02-16,Aston Villa,Tottenham,1.71313,3.86024,0.0761,0.1094,0.8145,1.71313,2.95505,9.476190476190476,8.724137931034482,8.0,9.0,0.3377,2.5529,0.0,0.0,3.86024,1.71313
2020-02-17,Chelsea,Man United,0.940204,0.681814,0.3915,0.3491,0.2594,0.940204,0.681814,8.958333333333334,13.035714285714286,11.0,2.0,1.5236,1.1273,0.0,0.0,0.681814,0.940204
2020-02-19,Man City,West Ham,2.13777,0.0895892,0.8968,0.0955,0.0077,2.13777,0.0895892,10.23076923076923,25.823529411764707,13.0,1.0,2.7859000000000003,0.11860000000000001,0.0,0.0,0.0895892,2.13777
2020-02-22,Chelsea,Tottenham,1.78193,0.265879,0.8213,0.1481,0.0306,1.78193,0.265879,7.531914893617022,11.0,5.0,1.0,2.612,0.2399,0.0,0.0,0.265879,1.78193
2020-02-22,Crystal Palace,Newcastle,1.75552,0.164495,0.8231,0.1531,0.0238,1.75552,0.164495,6.878048780487805,9.65,8.0,2.0,2.6224,0.22450000000000003,0.0,0.0,0.164495,1.75552
2020-02-22,Burnley,Bournemouth,3.09935,1.75718,0.6945,0.1712,0.1343,2.33818,1.75718,10.952380952380953,11.363636363636363,5.0,5.0,2.2546999999999997,0.5741,0.0,0.0,1.75718,3.09935
2020-02-22,Southampton,Aston Villa,3.02926,0.47235,0.9014,0.0788,0.0198,3.02926,0.47235,7.483870967741935,5.92,7.0,4.0,2.7830000000000004,0.1382,0.0,0.0,0.47235,3.02926
2020-02-22,Sheffield United,Brighton,1.6597,1.06035,0.5221,0.2759,0.202,1.6597,1.06035,7.333333333333333,15.666666666666666,7.0,2.0,1.8422,0.8819000000000001,0.0,0.0,1.06035,1.6597
2020-02-22,Leicester,Man City,0.723269,2.42749,0.054,0.1328,0.8132,0.723269,1.66632,23.125,6.066666666666666,3.0,12.0,0.2948,2.5724,0.0,0.0,2.42749,0.723269
2020-02-23,Man United,Watford,2.5042,0.294956,0.9024,0.0808,0.0168,1.74303,0.294956,9.181818181818182,9.18421052631579,8.0,3.0,2.788,0.13119999999999998,0.0,0.0,0.294956,2.5042
2020-02-23,Wolves,Norwich,3.25033,0.360646,0.9761,0.0212,0.0027,3.25033,0.360646,10.571428571428571,9.73913043478261,3.0,5.0,2.9495,0.0293,0.0,0.0,0.360646,3.25033
2020-02-23,Arsenal,Everton,1.33567,2.65691,0.0959,0.1757,0.7284,1.33567,2.65691,13.6,10.777777777777779,5.0,1.0,0.46340000000000003,2.3609,0.0,0.0,2.65691,1.33567
2020-02-24,Liverpool,West Ham,2.48209,0.638236,0.8423,0.1185,0.0392,2.48209,0.638236,3.361111111111111,33.7,14.0,3.0,2.6454000000000004,0.23609999999999998,0.0,0.0,0.638236,2.48209
2020-02-28,Norwich,Leicester,0.591716,1.42581,0.1394,0.2704,0.5902,0.591716,1.42581,8.178571428571429,7.521739130434782,5.0,10.0,0.6886,2.041,0.0,0.0,1.42581,0.591716
2020-02-29,Brighton,Crystal Palace,1.78712,2.17159,0.2966,0.2252,0.4782,1.78712,2.17159,6.173913043478261,17.055555555555557,8.0,5.0,1.115,1.6598000000000002,0.0,0.0,2.17159,1.78712
2020-02-29,Bournemouth,Chelsea,1.58495,1.98271,0.2643,0.2632,0.4725,1.58495,1.98271,17.23076923076923,5.461538461538462,4.0,14.0,1.0560999999999998,1.6806999999999999,0.0,0.0,1.98271,1.58495
2020-02-29,Newcastle,Burnley,1.11713,0.617612,0.4773,0.3307,0.192,1.11713,0.617612,6.636363636363637,8.857142857142858,5.0,1.0,1.7626,0.9067000000000001,0.0,0.0,0.617612,1.11713
2020-02-29,West Ham,Southampton,2.78682,0.868573,0.8335,0.1123,0.0542,2.78682,0.868573,14.578947368421053,4.545454545454546,5.0,7.0,2.6128,0.2749,0.0,0.0,0.868573,2.78682
2020-02-29,Watford,Liverpool,2.71351,0.206031,0.95,0.0442,0.0058,2.71351,0.206031,33.18181818181818,11.545454545454545,6.0,12.0,2.8941999999999997,0.0616,0.0,0.0,0.206031,2.71351
2020-03-01,Everton,Man United,2.41259,1.12561,0.7023,0.1877,0.11,2.41259,1.12561,8.375,9.117647058823529,5.0,7.0,2.2946,0.5177,0.0,0.0,1.12561,2.41259
2020-03-01,Tottenham,Wolves,1.63079,2.62251,0.1427,0.2177,0.6396,1.63079,2.62251,7.0,12.709677419354838,5.0,2.0,0.6457999999999999,2.1365,0.0,0.0,2.62251,1.63079
2020-03-07,Wolves,Brighton,0.898221,0.308874,0.5107,0.3715,0.1178,0.898221,0.308874,20.0,9.535714285714286,2.0,4.0,1.9036000000000002,0.7249,0.0,0.0,0.308874,0.898221
2020-03-07,Burnley,Tottenham,3.33302,1.13669,0.8821,0.0881,0.0298,3.33302,0.375517,7.580645161290323,12.529411764705882,6.0,4.0,2.7344,0.1775,0.0,0.0,1.13669,3.33302
2020-03-07,Southampton,Newcastle,0.348871,3.06384,0.0066,0.0362,0.9572,0.348871,2.30267,12.523809523809524,5.0,4.0,4.0,0.056,2.9078,0.0,0.0,3.06384,0.348871
2020-03-07,Arsenal,West Ham,1.55974,1.61615,0.3429,0.2922,0.3649,1.55974,1.61615,11.8,23.133333333333333,7.0,10.0,1.3209,1.3869,0.0,0.0,1.61615,1.55974
2020-03-07,Crystal Palace,Watford,0.856107,0.449161,0.4571,0.3684,0.1745,0.856107,0.449161,10.318181818181818,5.838709677419355,10.0,7.0,1.7397,0.8918999999999999,0.0,0.0,0.449161,0.856107
2020-03-07,Liverpool,Bournemouth,1.89453,1.29544,0.524,0.2751,0.2009,1.89453,1.29544,4.75,20.294117647058822,9.0,3.0,1.8471000000000002,0.8778,0.0,0.0,1.29544,1.89453
2020-03-07,Sheffield United,Norwich,1.17263,2.55449,0.0689,0.1609,0.7702,1.17263,2.55449,9.941176470588236,8.0625,10.0,3.0,0.3676,2.4715,0.0,0.0,2.55449,1.17263
2020-03-08,Chelsea,Everton,2.02883,0.445922,0.7935,0.1647,0.0418,2.02883,0.445922,12.714285714285714,19.08695652173913,9.0,3.0,2.5452,0.2901,0.0,0.0,0.445922,2.02883
2020-03-08,Man United,Man City,1.7389,0.585469,0.7359,0.2192,0.0449,1.7389,0.585469,14.709677419354838,6.041666666666667,3.0,2.0,2.4269,0.3539,0.0,0.0,0.585469,1.7389
2020-03-09,Leicester,Aston Villa,2.41239,0.672448,0.8191,0.1377,0.0432,1.65122,0.672448,5.379310344827586,13.217391304347826,8.0,2.0,2.595,0.2673,0.0,0.0,0.672448,2.41239
2020-06-17,Aston Villa,Sheffield United,1.00877,0.235909,0.5797,0.3411,0.0792,1.00877,0.235909,16.214285714285715,7.925925925925926,5.0,2.0,2.0802,0.5787,0.0,0.0,0.235909,1.00877
2020-06-17,Man City,Arsenal,2.73725,0.496759,0.8987,0.0832,0.0181,1.97608,0.496759,9.48,26.533333333333335,13.0,1.0,2.7793000000000005,0.1375,0.0,0.0,0.496759,2.73725
2020-06-19,Norwich,Southampton,0.654932,1.87099,0.1121,0.2043,0.6836,0.654932,1.87099,7.933333333333334,5.611111111111111,2.0,8.0,0.5406000000000001,2.2550999999999997,0.0,0.0,1.87099,0.654932
2020-06-19,Tottenham,Man United,0.534852,1.77307,0.0707,0.1876,0.7417,0.534852,1.01191,16.05263157894737,5.545454545454546,1.0,7.0,0.3997,2.4127,0.0,0.0,1.77307,0.534852
2020-06-20,Bournemouth,Crystal Palace,0.363637,0.788453,0.1479,0.3899,0.4622,0.363637,0.788453,9.0,9.791666666666666,6.0,4.0,0.8336,1.7765,0.0,0.0,0.788453,0.363637
2020-06-20,West Ham,Wolves,0.44207,1.06433,0.106,0.3138,0.5802,0.44207,1.06433,17.235294117647058,16.083333333333332,1.0,8.0,0.6318,2.0544000000000002,0.0,0.0,1.06433,0.44207
2020-06-20,Watford,Leicester,1.00765,1.05245,0.3263,0.3235,0.3502,1.00765,1.05245,13.380952380952381,3.8,5.0,3.0,1.3024,1.3740999999999999,0.0,0.0,1.05245,1.00765
2020-06-20,Brighton,Arsenal,0.670973,0.69627,0.3098,0.3906,0.2996,0.670973,0.69627,17.166666666666668,9.5625,7.0,4.0,1.32,1.2893999999999999,0.0,0.0,0.69627,0.670973
2020-06-21,Newcastle,Sheffield United,2.15148,0.57107,0.809,0.1441,0.0469,2.15148,0.57107,27.7,15.61111111111111,4.0,4.0,2.5711,0.2848,0.0,0.0,0.57107,2.15148
2020-06-21,Aston Villa,Chelsea,1.57223,1.14011,0.5017,0.2766,0.2217,1.57223,1.14011,22.4,6.125,0.0,10.0,1.7817,0.9417,0.0,0.0,1.14011,1.57223
2020-06-21,Everton,Liverpool,0.621456,0.659123,0.2873,0.4072,0.3055,0.621456,0.659123,18.470588235294116,3.9705882352941178,1.0,10.0,1.2691,1.3237,0.0,0.0,0.659123,0.621456
2020-06-22,Man City,Burnley,2.71096,0.0303408,0.9754,0.0241,0.0005,1.94979,0.0303408,12.5,45.81818181818182,13.0,0.0,2.9503,0.0256,0.0,0.0,0.0303408,2.71096
2020-06-23,Leicester,Brighton,0.505486,1.10227,0.12,0.3138,0.5662,0.505486,0.341106,7.5,14.91304347826087,8.0,1.0,0.6738,2.0124,0.0,0.0,1.10227,0.505486
2020-06-23,Tottenham,West Ham,2.24125,0.83104,0.7495,0.1693,0.0812,2.24125,0.83104,11.642857142857142,17.045454545454547,8.0,3.0,2.4177999999999997,0.4129,0.0,0.0,0.83104,2.24125
2020-06-24,Liverpool,Crystal Palace,2.56729,0.0645285,0.9511,0.0466,0.0023,2.56729,0.0645285,5.171428571428572,79.16666666666667,14.0,0.0,2.8999,0.053500000000000006,0.0,0.0,0.0645285,2.56729
2020-06-24,Man United,Sheffield United,2.8416,0.108082,0.9616,0.0349,0.0035,2.8416,0.108082,12.642857142857142,24.941176470588236,11.0,2.0,2.9197,0.0454,0.0,0.0,0.108082,2.8416
2020-06-24,Norwich,Everton,0.382813,0.654912,0.1807,0.4444,0.3749,0.382813,0.654912,14.090909090909092,10.5,2.0,1.0,0.9865,1.5691000000000002,0.0,0.0,0.654912,0.382813
2020-06-24,Wolves,Bournemouth,0.715002,0.0619009,0.5032,0.4655,0.0313,0.715002,0.0619009,12.0625,14.666666666666666,1.0,1.0,1.9750999999999999,0.5594,0.0,0.0,0.0619009,0.715002
2020-06-24,Newcastle,Aston Villa,0.661808,1.22985,0.1822,0.2927,0.5251,0.661808,1.22985,9.470588235294118,9.91304347826087,3.0,8.0,0.8392999999999999,1.8679999999999999,0.0,0.0,1.22985,0.661808
2020-06-25,Burnley,Watford,0.964774,0.495542,0.4852,0.3483,0.1665,0.964774,0.495542,6.722222222222222,10.3,5.0,3.0,1.8039,0.8478000000000001,0.0,0.0,0.495542,0.964774
2020-06-25,Southampton,Arsenal,0.738305,2.18595,0.0711,0.1582,0.7707,0.738305,2.18595,7.866666666666666,9.083333333333334,6.0,6.0,0.3715,2.4703,0.0,0.0,2.18595,0.738305
2020-06-25,Chelsea,Man City,4.206,0.690594,0.9765,0.0182,0.0053,3.44483,0.690594,30.076923076923077,22.727272727272727,7.0,10.0,2.9477,0.034100000000000005,0.0,0.0,0.690594,4.206
2020-06-27,Aston Villa,Wolves,0.403418,0.703549,0.18,0.4278,0.3922,0.403418,0.703549,8.73913043478261,16.785714285714285,3.0,5.0,0.9678,1.6044,0.0,0.0,0.703549,0.403418
2020-06-28,Watford,Southampton,0.365347,1.3364,0.087,0.2589,0.6541,0.365347,1.3364,9.0,9.238095238095237,6.0,5.0,0.5199,2.2212,0.0,0.0,1.3364,0.365347
2020-06-29,Crystal Palace,Burnley,1.06533,0.359906,0.5505,0.3305,0.119,1.06533,0.359906,8.545454545454545,13.055555555555555,12.0,3.0,1.982,0.6875,0.0,0.0,0.359906,1.06533
2020-06-30,Brighton,Man United,0.31013,1.20903,0.082,0.2859,0.6321,0.31013,1.20903,18.789473684210527,15.214285714285714,1.0,9.0,0.5319,2.1822,0.0,0.0,1.20903,0.31013
2020-07-01,West Ham,Chelsea,2.10497,1.57609,0.5173,0.2526,0.2301,2.10497,0.814917,21.0,6.473684210526316,7.0,8.0,1.8044999999999998,0.9429000000000001,0.0,0.0,1.57609,2.10497
2020-07-01,Everton,Leicester,1.17592,1.80384,0.1919,0.2749,0.5332,0.414753,1.80384,15.666666666666666,5.84,4.0,11.0,0.8506,1.8745,0.0,0.0,1.80384,1.17592
2020-07-01,Bournemouth,Newcastle,1.27503,2.23457,0.1598,0.2189,0.6213,1.27503,2.23457,10.391304347826088,17.88235294117647,10.0,9.0,0.6983,2.0827999999999998,0.0,0.0,2.23457,1.27503
2020-07-01,Arsenal,Norwich,1.76496,0.153871,0.8241,0.1551,0.0208,1.76496,0.153871,11.5,21.666666666666668,6.0,2.0,2.6274,0.21749999999999997,0.0,0.0,0.153871,1.76496
2020-07-02,Sheffield United,Tottenham,1.59994,1.01524,0.543,0.3008,0.1562,1.59994,1.01524,16.318181818181817,5.2272727272727275,9.0,8.0,1.9298,0.7694000000000001,0.0,0.0,1.01524,1.59994
2020-07-02,Man City,Liverpool,2.65433,0.819606,0.8124,0.1305,0.0571,1.89316,0.819606,31.181818181818183,15.5,7.0,11.0,2.5677,0.3018,0.0,0.0,0.819606,2.65433
2020-07-04,Wolves,Arsenal,0.985166,1.28273,0.2571,0.3029,0.44,0.985166,1.28273,30.3,12.423076923076923,8.0,1.0,1.0742,1.6229,0.0,0.0,1.28273,0.985166
2020-07-04,Man United,Bournemouth,2.63259,1.52161,0.6435,0.2102,0.1463,1.87142,0.760443,9.0,22.933333333333334,15.0,1.0,2.1407,0.6491,0.0,0.0,1.52161,2.63259
2020-07-04,Chelsea,Watford,2.78877,0.608971,0.8812,0.092,0.0268,2.0276,0.608971,11.1875,25.235294117647058,9.0,3.0,2.7356000000000003,0.1724,0.0,0.0,0.608971,2.78877
2020-07-04,Norwich,Brighton,0.545069,0.903046,0.1898,0.3523,0.4579,0.545069,0.903046,15.9375,19.555555555555557,9.0,8.0,0.9217,1.726,0.0,0.0,0.903046,0.545069
2020-07-04,Leicester,Crystal Palace,2.20683,0.507537,0.808,0.1429,0.0491,2.20683,0.507537,8.40625,15.68421052631579,6.0,2.0,2.5669000000000004,0.2902,0.0,0.0,0.507537,2.20683
2020-07-05,Liverpool,Aston Villa,1.0837,0.689775,0.4708,0.335,0.1942,1.0837,0.689775,3.7241379310344827,20.823529411764707,11.0,4.0,1.7473999999999998,0.9176,0.0,0.0,0.689775,1.0837
2020-07-05,Southampton,Man City,0.628765,3.39575,0.017,0.0606,0.9224,0.628765,3.39575,15.214285714285714,6.809523809523809,2.0,23.0,0.1116,2.8278,0.0,0.0,3.39575,0.628765
2020-07-05,Burnley,Sheffield United,1.31966,1.63343,0.2814,0.2771,0.4415,1.31966,1.63343,9.142857142857142,13.8,4.0,7.0,1.1213,1.6016,0.0,0.0,1.63343,1.31966
2020-07-05,Newcastle,West Ham,1.49121,2.03065,0.2292,0.2624,0.5084,1.49121,2.03065,17.0,12.96,13.0,4.0,0.95,1.7875999999999999,0.0,0.0,2.03065,1.49121
2020-07-06,Tottenham,Everton,0.511828,0.403762,0.2951,0.4878,0.2171,0.511828,0.403762,10.583333333333334,12.2,3.0,3.0,1.3731,1.1391,0.0,0.0,0.403762,0.511828
2020-07-07,Crystal Palace,Chelsea,1.2882,2.65753,0.101,0.1868,0.7122,1.2882,2.65753,14.0,7.384615384615385,7.0,8.0,0.4898,2.3234,0.0,0.0,2.65753,1.2882
2020-07-07,Watford,Norwich,0.725199,1.13378,0.1997,0.322,0.4783,0.725199,1.13378,11.23076923076923,9.0,6.0,7.0,0.9211,1.7569000000000001,0.0,0.0,1.13378,0.725199
2020-07-07,Arsenal,Leicester,1.29023,1.00238,0.4342,0.308,0.2578,1.29023,1.00238,17.11111111111111,8.0,8.0,5.0,1.6106,1.0814,0.0,0.0,1.00238,1.29023
2020-07-08,Man City,Newcastle,3.28662,0.21643,0.9575,0.0363,0.0062,3.28662,0.21643,6.384615384615385,33.333333333333336,23.0,1.0,2.9088000000000003,0.0549,0.0,0.0,0.21643,3.28662
2020-07-08,Sheffield United,Wolves,0.470483,0.326909,0.2959,0.5174,0.1867,0.470483,0.326909,18.88888888888889,11.846153846153847,7.0,2.0,1.4051,1.0775000000000001,0.0,0.0,0.326909,0.470483
2020-07-08,West Ham,Burnley,1.99821,1.05291,0.6154,0.2222,0.1624,1.99821,1.05291,10.941176470588236,24.125,8.0,6.0,2.0684,0.7094,0.0,0.0,1.05291,1.99821
2020-07-08,Brighton,Liverpool,2.3646,2.61624,0.3527,0.2139,0.4334,2.3646,2.61624,20.916666666666668,8.653846153846153,5.0,15.0,1.272,1.5141,0.0,0.0,2.61624,2.3646
2020-07-09,Aston Villa,Man United,0.598873,2.86531,0.0244,0.0809,0.8947,0.598873,2.10415,21.235294117647058,8.0,2.0,13.0,0.15410000000000001,2.765,0.0,0.0,2.86531,0.598873
2020-07-09,Everton,Southampton,0.671442,2.29684,0.0437,0.1349,0.8214,0.671442,1.53568,14.411764705882353,6.928571428571429,2.0,13.0,0.266,2.5991,0.0,0.0,2.29684,0.671442
2020-07-09,Bournemouth,Tottenham,0.960349,0.479274,0.4893,0.3526,0.1581,0.960349,0.479274,12.285714285714286,6.473684210526316,6.0,5.0,1.8205,0.8269,0.0,0.0,0.479274,0.960349
2020-07-11,Norwich,West Ham,0.613251,3.81088,0.0069,0.029,0.9641,0.613251,3.81088,14.11111111111111,20.875,7.0,9.0,0.0497,2.9212999999999996,0.0,0.0,3.81088,0.613251
2020-07-11,Watford,Newcastle,3.12855,1.49134,0.782,0.1508,0.0672,1.60621,1.49134,6.25,12.083333333333334,11.0,1.0,2.4968,0.3524,0.0,0.0,1.49134,3.12855
2020-07-11,Liverpool,Burnley,2.17649,0.452331,0.8039,0.1477,0.0484,2.17649,0.452331,8.692307692307692,23.466666666666665,19.0,2.0,2.5593999999999997,0.2929,0.0,0.0,0.452331,2.17649
2020-07-11,Sheffield United,Chelsea,2.00632,1.17509,0.6044,0.2302,0.1654,2.00632,1.17509,45.90909090909091,4.733333333333333,5.0,3.0,2.0434,0.7263999999999999,0.0,0.0,1.17509,2.00632
2020-07-11,Brighton,Man City,0.149588,5.51767,0.0,0.0003,0.9997,0.149588,5.51767,27.055555555555557,9.6,5.0,14.0,0.0003,2.9994000000000005,0.0,0.0,5.51767,0.149588
2020-07-12,Wolves,Everton,2.86724,0.286561,0.9515,0.04,0.0085,2.10607,0.286561,14.35,18.63157894736842,4.0,3.0,2.8945,0.0655,0.0,0.0,0.286561,2.86724
2020-07-12,Aston Villa,Crystal Palace,1.6977,0.974181,0.5655,0.2501,0.1844,1.6977,0.974181,8.923076923076923,7.45,4.0,3.0,1.9465999999999999,0.8033,0.0,0.0,0.974181,1.6977
2020-07-12,Tottenham,Arsenal,1.81846,0.68991,0.6852,0.2064,0.1084,1.81846,0.68991,17.03846153846154,13.0625,4.0,6.0,2.262,0.5316,0.0,0.0,0.68991,1.81846
2020-07-12,Bournemouth,Leicester,2.54311,1.66084,0.6175,0.2228,0.1597,1.78195,1.66084,18.470588235294116,9.347826086956522,3.0,14.0,2.0753,0.7019,0.0,0.0,1.66084,2.54311
2020-07-13,Man United,Southampton,1.5033,1.8051,0.2591,0.3093,0.4316,1.5033,1.8051,13.578947368421053,8.833333333333334,9.0,9.0,1.0866,1.6040999999999999,0.0,0.0,1.8051,1.5033
2020-07-14,Chelsea,Norwich,3.05119,0.0631109,0.971,0.0274,0.0016,3.05119,0.0631109,7.966666666666667,27.6875,9.0,0.0,2.9404,0.0322,0.0,0.0,0.0631109,3.05119
2020-07-15,Burnley,Wolves,1.53435,1.2857,0.4308,0.3045,0.2647,0.773179,1.2857,7.730769230769231,22.5,6.0,3.0,1.5969,1.0986,0.0,0.0,1.2857,1.53435
2020-07-15,Man City,Bournemouth,0.82755,1.66635,0.1546,0.2441,0.6013,0.82755,1.66635,4.9,27.8125,8.0,11.0,0.7079,2.048,0.0,0.0,1.66635,0.82755
2020-07-15,Newcastle,Tottenham,1.05748,1.7498,0.159,0.2568,0.5842,1.05748,1.7498,17.733333333333334,11.74074074074074,5.0,7.0,0.7338,2.0094000000000003,0.0,0.0,1.7498,1.05748
2020-07-15,Arsenal,Liverpool,1.31516,2.2233,0.1866,0.2257,0.5877,1.31516,2.2233,17.0,4.793103448275862,4.0,12.0,0.7855,1.9888000000000001,0.0,0.0,2.2233,1.31516
2020-07-16,Everton,Aston Villa,0.944434,1.52021,0.1951,0.2819,0.523,0.944434,1.52021,7.36,12.863636363636363,6.0,6.0,0.8672,1.8509,0.0,0.0,1.52021,0.944434
2020-07-16,Leicester,Sheffield United,3.05752,0.660214,0.9014,0.0746,0.024,3.05752,0.660214,9.25,10.173913043478262,6.0,1.0,2.7788000000000004,0.1466,0.0,0.0,0.660214,3.05752
2020-07-16,Crystal Palace,Man United,0.572141,1.90448,0.0851,0.191,0.7239,0.572141,1.90448,11.65625,7.923076923076923,7.0,8.0,0.4463,2.3627,0.0,0.0,1.90448,0.572141
2020-07-16,Southampton,Brighton,2.33745,0.67264,0.7883,0.1493,0.0624,2.33745,0.67264,5.476190476190476,19.733333333333334,11.0,8.0,2.5141999999999998,0.33649999999999997,0.0,0.0,0.67264,2.33745
2020-07-17,West Ham,Watford,0.833995,1.03402,0.2662,0.3363,0.3975,0.833995,1.03402,9.714285714285714,5.2105263157894735,2.0,8.0,1.1349,1.5288000000000002,0.0,0.0,1.03402,0.833995
2020-07-18,Norwich,Burnley,0.576602,1.8233,0.0925,0.2089,0.6986,0.576602,1.8233,24.5,6.806451612903226,0.0,17.0,0.48639999999999994,2.3047,0.0,0.0,1.8233,0.576602
2020-07-19,Tottenham,Leicester,0.766922,1.20085,0.227,0.3092,0.4638,0.766922,1.20085,21.166666666666668,6.538461538461538,2.0,6.0,0.9902,1.7006,0.0,0.0,1.20085,0.766922
2020-07-19,Bournemouth,Southampton,0.583117,2.24527,0.0504,0.1363,0.8133,0.583117,1.48411,6.407407407407407,6.882352941176471,8.0,10.0,0.2875,2.5762,0.0,0.0,2.24527,0.583117
2020-07-20,Brighton,Newcastle,0.855896,0.929091,0.3094,0.3412,0.3494,0.855896,0.929091,6.730769230769231,15.428571428571429,4.0,3.0,1.2694,1.3894,0.0,0.0,0.929091,0.855896
2020-07-20,Sheffield United,Everton,0.468461,0.624814,0.2122,0.4242,0.3636,0.468461,0.624814,11.4,13.0625,5.0,3.0,1.0608,1.5150000000000001,0.0,0.0,0.624814,0.468461
2020-07-20,Wolves,Crystal Palace,1.48696,0.440119,0.7139,0.2176,0.0685,1.48696,0.440119,14.117647058823529,11.681818181818182,4.0,1.0,2.3593,0.42310000000000003,0.0,0.0,0.440119,1.48696
2020-07-21,Watford,Man City,0.131868,3.73814,0.0002,0.0069,0.9929,0.131868,2.82226,21.0,4.481481481481482,2.0,9.0,0.0075,2.9856,0.0,0.0,3.73814,0.131868
2020-07-21,Aston Villa,Arsenal,0.57408,0.737137,0.247,0.3967,0.3563,0.57408,0.737137,18.63157894736842,6.285714285714286,4.0,6.0,1.1377,1.4656,0.0,0.0,0.737137,0.57408
2020-07-22,Man United,West Ham,0.984161,1.29009,0.2391,0.325,0.4359,0.984161,0.528922,11.85,13.38888888888889,13.0,2.0,1.0423,1.6327,0.0,0.0,1.29009,0.984161
2020-07-22,Liverpool,Chelsea,1.45179,2.38205,0.1498,0.2219,0.6283,1.45179,2.38205,12.1,14.75,5.0,3.0,0.6713,2.1068,0.0,0.0,2.38205,1.45179
2020-07-26,Everton,Bournemouth,1.74699,1.46461,0.4243,0.3157,0.26,1.74699,0.703516,5.3478260869565215,13.5625,13.0,7.0,1.5886,1.0957,0.0,0.0,1.46461,1.74699
2020-07-26,Burnley,Brighton,1.44244,1.3696,0.3839,0.2779,0.3382,1.44244,1.3696,5.925925925925926,16.363636363636363,5.0,4.0,1.4296,1.2925,0.0,0.0,1.3696,1.44244
2020-07-26,Chelsea,Wolves,1.15938,0.164561,0.659,0.2977,0.0433,1.15938,0.164561,6.827586206896552,14.518518518518519,7.0,2.0,2.2747,0.4276,0.0,0.0,0.164561,1.15938
2020-07-26,Crystal Palace,Tottenham,0.988534,0.310302,0.5715,0.3333,0.0952,0.988534,0.310302,13.238095238095237,6.305555555555555,6.0,3.0,2.0478,0.6189,0.0,0.0,0.310302,0.988534
2020-07-26,Leicester,Man United,0.754668,1.41019,0.153,0.281,0.566,0.754668,0.649054,9.857142857142858,8.03225806451613,2.0,9.0,0.74,1.979,0.0,0.0,1.41019,0.754668
2020-07-26,Newcastle,Liverpool,0.339294,0.56818,0.1985,0.4726,0.3289,0.339294,0.56818,19.17391304347826,6.0,0.0,7.0,1.0681,1.4593000000000003,0.0,0.0,0.56818,0.339294
2020-07-26,Man City,Norwich,3.56749,0.786563,0.9055,0.0714,0.0231,3.56749,0.786563,6.6,31.0,37.0,2.0,2.7879,0.1407,0.0,0.0,0.786563,3.56749
2020-07-26,Southampton,Sheffield United,1.64306,1.41051,0.4064,0.2985,0.2951,0.881887,1.41051,6.8,17.608695652173914,10.0,1.0,1.5176999999999998,1.1838,0.0,0.0,1.41051,1.64306
2020-07-26,Arsenal,Watford,1.95282,3.9197,0.0736,0.1256,0.8008,1.19169,3.15853,16.416666666666668,11.32,11.0,11.0,0.3464,2.528,0.0,0.0,3.9197,1.95282
2020-07-26,West Ham,Aston Villa,0.781465,0.983594,0.2721,0.3463,0.3816,0.781465,0.983594,7.222222222222222,10.636363636363637,2.0,4.0,1.1626,1.4911,0.0,0.0,0.983594,0.781465
2020-09-12,Fulham,Arsenal,0.126327,2.16287,0.0037,0.0476,0.9487,0.126327,2.16287,32.69230769230769,21.928571428571427,0.0,11.0,0.0587,2.8937,0.0,0.0,2.16287,0.126327
2020-09-12,Crystal Palace,Southampton,1.39569,1.26267,0.3916,0.3022,0.3062,1.39569,1.26267,17.333333333333332,3.608695652173913,1.0,14.0,1.477,1.2208,0.0,0.0,1.26267,1.39569
2020-09-12,Liverpool,Leeds,3.15412,0.269813,0.9658,0.0296,0.0046,1.63179,0.269813,9.935483870967742,9.333333333333334,19.0,2.0,2.927,0.0434,0.0,0.0,0.269813,3.15412
2020-09-12,West Ham,Newcastle,0.861445,1.65911,0.1506,0.248,0.6014,0.861445,1.65911,6.407407407407407,24.181818181818183,5.0,10.0,0.6998,2.0522,0.0,0.0,1.65911,0.861445
2020-09-13,West Brom,Leicester,0.352997,2.95581,0.007,0.0358,0.9572,0.352997,1.43347,19.105263157894736,10.529411764705882,6.0,3.0,0.0568,2.9074,0.0,0.0,2.95581,0.352997
2020-09-13,Tottenham,Everton,0.822944,1.26793,0.22,0.2977,0.4823,0.822944,1.26793,11.333333333333334,16.263157894736842,9.0,5.0,0.9577,1.7446000000000002,0.0,0.0,1.26793,0.822944
2020-09-14,Brighton,Chelsea,1.44281,1.27062,0.3871,0.3153,0.2976,1.44281,0.509456,9.344827586206897,12.695652173913043,3.0,6.0,1.4766,1.2081,0.0,0.0,1.27062,1.44281
2020-09-14,Sheffield United,Wolves,0.949316,1.61307,0.1683,0.2906,0.5411,0.949316,1.61307,8.233333333333333,31.333333333333332,10.0,3.0,0.7955000000000001,1.9139,0.0,0.0,1.61307,0.949316
2020-09-19,Everton,West Brom,4.16254,0.315347,0.9973,0.0022,0.0005,4.16254,0.315347,9.095238095238095,41.5,6.0,6.0,2.9941,0.0037,0.0,0.0,0.315347,4.16254
2020-09-19,Leeds,Fulham,1.45254,1.55503,0.3157,0.3137,0.3706,0.691368,0.793862,7.617647058823529,9.423076923076923,5.0,4.0,1.2608,1.4255,0.0,0.0,1.55503,1.45254
2020-09-19,Man United,Crystal Palace,1.09737,1.91456,0.1695,0.2378,0.5927,1.09737,1.15339,3.3076923076923075,13.590909090909092,9.0,4.0,0.7463000000000001,2.0159000000000002,0.0,0.0,1.91456,1.09737
2020-09-19,Arsenal,West Ham,1.32902,2.06377,0.1916,0.2407,0.5677,1.32902,2.06377,12.764705882352942,18.26086956521739,16.0,4.0,0.8155,1.9438,0.0,0.0,2.06377,1.32902
2020-09-20,Southampton,Tottenham,2.27708,2.28004,0.3533,0.2765,0.3702,1.51591,2.28004,8.666666666666666,10.782608695652174,4.0,3.0,1.3364,1.3870999999999998,0.0,0.0,2.28004,2.27708
2020-09-20,Newcastle,Brighton,0.520678,1.8766,0.0459,0.1757,0.7784,0.520678,1.11546,11.952380952380953,10.842105263157896,3.0,3.0,0.3134,2.5109,0.0,0.0,1.8766,0.520678
2020-09-20,Chelsea,Liverpool,0.904183,2.25211,0.0572,0.195,0.7478,0.143014,2.25211,37.63636363636363,11.4375,1.0,13.0,0.36660000000000004,2.4384,0.0,0.0,2.25211,0.904183
2020-09-20,Leicester,Burnley,0.987365,1.52404,0.2291,0.2639,0.507,0.987365,1.52404,7.470588235294118,16.095238095238095,14.0,6.0,0.9512,1.7849,0.0,0.0,1.52404,0.987365
2020-09-21,Aston Villa,Sheffield United,0.80527,0.849709,0.2616,0.3753,0.3631,0.80527,0.0885404,4.45,17.642857142857142,17.0,2.0,1.1601,1.4646,0.0,0.0,0.849709,0.80527
2020-09-21,Wolves,Man City,0.727677,2.07651,0.0838,0.1706,0.7456,0.727677,1.31535,30.714285714285715,7.6,3.0,9.0,0.42200000000000004,2.4074,0.0,0.0,2.07651,0.727677
2020-09-26,Burnley,Southampton,0.347136,0.706632,0.1508,0.4188,0.4304,0.347136,0.706632,8.214285714285714,13.75,9.0,6.0,0.8712,1.71,0.0,0.0,0.706632,0.347136
2020-09-26,West Brom,Chelsea,0.911185,2.36046,0.0777,0.1726,0.7497,0.911185,2.36046,40.81818181818182,4.52,3.0,12.0,0.40570000000000006,2.4217000000000004,0.0,0.0,2.36046,0.911185
2020-09-26,Crystal Palace,Everton,0.443115,2.27189,0.0286,0.1089,0.8625,0.443115,1.51072,12.03448275862069,7.304347826086956,4.0,3.0,0.19469999999999998,2.6964000000000006,0.0,0.0,2.27189,0.443115
2020-09-26,Brighton,Man United,2.97659,1.57583,0.7204,0.1779,0.1017,2.21546,0.814659,6.638888888888889,11.125,10.0,6.0,2.3391,0.483,0.0,0.0,1.57583,2.97659
2020-09-27,Sheffield United,Leeds,1.53278,1.46641,0.3921,0.2709,0.337,1.53278,1.46641,11.551724137931034,8.941176470588236,11.0,2.0,1.4471999999999998,1.2819,0.0,0.0,1.46641,1.53278
2020-09-27,Tottenham,Newcastle,3.18765,0.942726,0.886,0.0894,0.0246,3.18765,0.181557,9.68421052631579,35.7,6.0,4.0,2.7474,0.1632,0.0,0.0,0.942726,3.18765
2020-09-27,Man City,Leicester,1.44633,2.86721,0.0894,0.1492,0.7614,1.44633,0.583704,5.333333333333333,25.083333333333332,5.0,3.0,0.4174,2.4334,0.0,0.0,2.86721,1.44633
2020-09-27,West Ham,Wolves,3.05703,0.385152,0.9395,0.0484,0.0121,3.05703,0.385152,21.764705882352942,8.185185185185185,1.0,4.0,2.8669000000000002,0.0847,0.0,0.0,0.385152,3.05703
2020-09-28,Fulham,Aston Villa,0.534675,2.03222,0.0665,0.1687,0.7648,0.534675,2.03222,5.958333333333333,9.303030303030303,5.0,10.0,0.36819999999999997,2.4631,0.0,0.0,2.03222,0.534675
2020-09-28,Liverpool,Arsenal,2.73834,1.17817,0.7546,0.1695,0.0759,2.73834,1.17817,8.827586206896552,35.857142857142854,11.0,3.0,2.4333000000000005,0.3972,0.0,0.0,1.17817,2.73834
2020-10-03,Chelsea,Crystal Palace,2.51433,0.103249,0.9641,0.034,0.0019,0.991996,0.103249,4.451612903225806,25.88235294117647,5.0,2.0,2.9262999999999995,0.0397,0.0,0.0,0.103249,2.51433
2020-10-03,Everton,Brighton,2.34034,1.16568,0.6864,0.2051,0.1085,2.34034,1.16568,9.06060606060606,9.166666666666666,10.0,7.0,2.2643,0.5306,0.0,0.0,1.16568,2.34034
2020-10-03,Leeds,Man City,2.56662,1.41533,0.6582,0.1825,0.1593,2.56662,1.41533,7.833333333333333,11.375,5.0,10.0,2.1571000000000002,0.6604,0.0,0.0,1.41533,2.56662
2020-10-03,Newcastle,Burnley,1.95629,0.438849,0.8267,0.1338,0.0395,1.19512,0.438849,20.75,9.416666666666666,4.0,10.0,2.6139,0.25229999999999997,0.0,0.0,0.438849,1.95629
2020-10-04,Aston Villa,Liverpool,3.07626,1.65705,0.6988,0.1605,0.1407,3.07626,1.65705,14.6,4.76,7.0,18.0,2.2569,0.5826,0.0,0.0,1.65705,3.07626
2020-10-04,Man United,Tottenham,0.873435,3.3017,0.0166,0.0804,0.903,0.112267,2.54054,19.875,6.676470588235294,3.0,8.0,0.13019999999999998,2.7894,0.0,0.0,3.3017,0.873435
2020-10-04,Wolves,Fulham,0.89359,0.969393,0.2918,0.3533,0.3549,0.89359,0.969393,14.590909090909092,21.214285714285715,2.0,6.0,1.2287,1.418,0.0,0.0,0.969393,0.89359
2020-10-04,Leicester,West Ham,0.456022,2.03227,0.0488,0.163,0.7882,0.456022,2.03227,7.318181818181818,34.18181818181818,2.0,3.0,0.3094,2.5276,0.0,0.0,2.03227,0.456022
2020-10-04,Southampton,West Brom,0.949079,0.161283,0.5842,0.3636,0.0522,0.949079,0.161283,5.09375,15.842105263157896,6.0,1.0,2.1162,0.5202,0.0,0.0,0.161283,0.949079
2020-10-04,Arsenal,Sheffield United,0.667131,0.144994,0.481,0.4495,0.0695,0.667131,0.144994,13.916666666666666,19.347826086956523,4.0,3.0,1.8925,0.658,0.0,0.0,0.144994,0.667131
2020-10-17,Everton,Liverpool,1.35998,2.49492,0.1599,0.1957,0.6444,1.35998,2.49492,14.1,8.72,2.0,13.0,0.6754,2.1289,0.0,0.0,2.49492,1.35998
2020-10-17,Chelsea,Southampton,1.98708,1.42348,0.5201,0.2782,0.2017,1.98708,1.42348,10.91304347826087,14.608695652173912,11.0,5.0,1.8385,0.8833,0.0,0.0,1.42348,1.98708
2020-10-17,Man City,Arsenal,1.43023,0.838322,0.5302,0.2829,0.1869,1.43023,0.838322,13.521739130434783,20.352941176470587,7.0,3.0,1.8735,0.8435999999999999,0.0,0.0,0.838322,1.43023
2020-10-17,Newcastle,Man United,0.867496,2.21729,0.0765,0.1952,0.7283,0.867496,1.45612,12.142857142857142,6.0588235294117645,3.0,12.0,0.42469999999999997,2.3800999999999997,0.0,0.0,2.21729,0.867496
2020-10-18,Leicester,Aston Villa,0.671595,0.873776,0.2525,0.3567,0.3908,0.671595,0.873776,8.75,9.217391304347826,4.0,7.0,1.1142,1.5291,0.0,0.0,0.873776,0.671595
2020-10-18,Tottenham,West Ham,1.77602,1.49992,0.4284,0.2958,0.2758,1.77602,1.49992,12.3,18.058823529411764,1.0,7.0,1.5810000000000002,1.1232,0.0,0.0,1.49992,1.77602
2020-10-18,Crystal Palace,Brighton,0.761169,1.0935,0.2443,0.3704,0.3853,0.0,1.0935,13.590909090909092,6.391304347826087,1.0,7.0,1.1033,1.5263,0.0,0.0,1.0935,0.761169
2020-10-18,Sheffield United,Fulham,1.66363,1.35611,0.4387,0.3183,0.243,0.902464,0.594945,15.173913043478262,12.705882352941176,1.0,1.0,1.6344,1.0473,0.0,0.0,1.35611,1.66363
2020-10-19,West Brom,Burnley,0.731692,1.08532,0.2211,0.3288,0.4501,0.731692,1.08532,8.25,13.31578947368421,3.0,2.0,0.9921,1.6791,0.0,0.0,1.08532,0.731692
2020-10-19,Leeds,Wolves,1.08332,0.618191,0.4733,0.3334,0.1933,1.08332,0.618191,5.5,12.0,14.0,2.0,1.7532999999999999,0.9133,0.0,0.0,0.618191,1.08332
2020-10-23,Aston Villa,Leeds,1.50125,2.37695,0.2041,0.2113,0.5846,1.50125,2.37695,13.235294117647058,3.6470588235294117,7.0,20.0,0.8236000000000001,1.9651,0.0,0.0,2.37695,1.50125
2020-10-24,West Ham,Man City,0.263739,0.892456,0.0966,0.3869,0.5165,0.263739,0.892456,20.3,13.083333333333334,2.0,13.0,0.6767000000000001,1.9364,0.0,0.0,0.892456,0.263739
2020-10-24,Fulham,Crystal Palace,1.05258,2.81049,0.0666,0.1314,0.802,1.05258,2.81049,6.241379310344827,21.533333333333335,8.0,9.0,0.33120000000000005,2.5374000000000003,0.0,0.0,2.81049,1.05258
2020-10-24,Man United,Chelsea,0.648427,0.219906,0.4197,0.4747,0.1056,0.648427,0.219906,22.058823529411764,14.681818181818182,6.0,1.0,1.7338,0.7915,0.0,0.0,0.219906,0.648427
2020-10-24,Liverpool,Sheffield United,2.40286,1.39788,0.6498,0.2161,0.1341,2.40286,0.636707,14.166666666666666,19.65,7.0,8.0,2.1655,0.6184,0.0,0.0,1.39788,2.40286
2020-10-25,Wolves,Newcastle,0.758626,0.253685,0.4507,0.4333,0.116,0.758626,0.253685,10.192307692307692,31.307692307692307,5.0,4.0,1.7854,0.7813000000000001,0.0,0.0,0.253685,0.758626
2020-10-25,Arsenal,Leicester,0.73944,0.736172,0.2978,0.379,0.3232,0.73944,0.736172,11.0,26.214285714285715,5.0,2.0,1.2724,1.3486,0.0,0.0,0.736172,0.73944
2020-10-25,Southampton,Everton,0.74151,0.287054,0.4409,0.4299,0.1292,0.74151,0.287054,13.875,11.685714285714285,6.0,6.0,1.7526,0.8175000000000001,0.0,0.0,0.287054,0.74151
2020-10-26,Brighton,West Brom,0.546807,0.295654,0.366,0.4803,0.1537,0.546807,0.295654,10.708333333333334,14.421052631578947,4.0,4.0,1.5782999999999998,0.9414,0.0,0.0,0.295654,0.546807
2020-10-26,Burnley,Tottenham,0.95045,0.797344,0.3729,0.3409,0.2862,0.95045,0.797344,14.869565217391305,9.777777777777779,4.0,6.0,1.4596,1.1995,0.0,0.0,0.797344,0.95045
2020-10-30,Wolves,Crystal Palace,1.34895,0.802767,0.509,0.293,0.198,1.34895,0.802767,13.851851851851851,16.714285714285715,8.0,4.0,1.82,0.887,0.0,0.0,0.802767,1.34895
2020-10-31,Sheffield United,Man City,0.687544,1.89643,0.0699,0.2127,0.7174,0.687544,1.89643,18.708333333333332,15.666666666666666,3.0,9.0,0.4224,2.3649,0.0,0.0,1.89643,0.687544
2020-10-31,Burnley,Chelsea,0.407341,1.23077,0.1035,0.2914,0.6051,0.407341,1.23077,16.923076923076923,8.956521739130435,1.0,12.0,0.6019,2.1067,0.0,0.0,1.23077,0.407341
2020-10-31,Liverpool,West Ham,1.56302,0.269048,0.7962,0.171,0.0328,0.801848,0.269048,6.913043478260869,35.38461538461539,12.0,0.0,2.5596,0.26940000000000003,0.0,0.0,0.269048,1.56302
2020-11-01,Man United,Arsenal,0.394113,0.998072,0.1004,0.3182,0.5814,0.394113,0.236903,17.647058823529413,11.851851851851851,10.0,7.0,0.6194,2.0624000000000002,0.0,0.0,0.998072,0.394113
2020-11-01,Aston Villa,Southampton,2.44855,1.00333,0.7378,0.172,0.0902,1.68738,1.00333,7.0,7.454545454545454,5.0,2.0,2.3854,0.4426,0.0,0.0,1.00333,2.44855
2020-11-01,Newcastle,Everton,2.6311,1.21805,0.7653,0.1563,0.0784,1.86993,1.21805,34.25,8.791666666666666,5.0,8.0,2.4522,0.39149999999999996,0.0,0.0,1.21805,2.6311
2020-11-01,Tottenham,Brighton,1.97236,0.324457,0.8592,0.1151,0.0257,1.21119,0.324457,9.566666666666666,14.785714285714286,3.0,7.0,2.6927,0.19219999999999998,0.0,0.0,0.324457,1.97236
2020-11-02,Leeds,Leicester,1.74822,3.07657,0.1116,0.1818,0.7066,1.74822,2.3154,6.739130434782608,36.9,7.0,5.0,0.5166,2.3016,0.0,0.0,3.07657,1.74822
2020-11-02,Fulham,West Brom,1.62247,0.482685,0.7108,0.2057,0.0835,1.62247,0.482685,12.478260869565217,5.054054054054054,4.0,3.0,2.3381,0.4562,0.0,0.0,0.482685,1.62247
2020-11-06,Brighton,Burnley,1.59022,0.326933,0.7227,0.2148,0.0625,1.59022,0.326933,10.045454545454545,13.85,16.0,2.0,2.3829,0.4023,0.0,0.0,0.326933,1.59022
2020-11-06,Southampton,Newcastle,0.985828,0.175633,0.5809,0.3577,0.0614,0.985828,0.175633,5.685714285714286,16.75,4.0,0.0,2.1004,0.5419,0.0,0.0,0.175633,0.985828
2020-11-07,Everton,Man United,0.376464,1.59642,0.069,0.2068,0.7242,0.376464,1.59642,12.7,12.26923076923077,9.0,7.0,0.41380000000000006,2.3794,0.0,0.0,1.59642,0.376464
2020-11-07,Crystal Palace,Leeds,1.30169,0.847913,0.4854,0.292,0.2226,1.30169,0.847913,20.705882352941178,4.108108108108108,8.0,6.0,1.7482,0.9598,0.0,0.0,0.847913,1.30169
2020-11-07,Chelsea,Sheffield United,2.87622,0.743967,0.8726,0.0989,0.0285,2.87622,0.743967,14.5,29.375,14.0,5.0,2.7167,0.1844,0.0,0.0,0.743967,2.87622
2020-11-07,West Ham,Fulham,1.42614,1.84922,0.2509,0.2638,0.4853,1.42614,1.08806,11.1,37.875,6.0,5.0,1.0165,1.7197,0.0,0.0,1.84922,1.42614
2020-11-08,Arsenal,Aston Villa,1.39037,1.98553,0.2332,0.2465,0.5203,1.39037,1.98553,11.266666666666667,13.791666666666666,6.0,16.0,0.9460999999999999,1.8074,0.0,0.0,1.98553,1.39037
2020-11-08,West Brom,Tottenham,0.799352,1.87063,0.1207,0.2169,0.6624,0.799352,1.87063,16.4375,7.473684210526316,6.0,4.0,0.579,2.2041,0.0,0.0,1.87063,0.799352
2020-11-08,Leicester,Wolves,2.0545,0.57936,0.8134,0.144,0.0426,0.532166,0.57936,14.8,26.1,1.0,6.0,2.5842,0.2718,0.0,0.0,0.57936,2.0545
2020-11-08,Man City,Liverpool,1.58487,1.18789,0.4692,0.3291,0.2017,0.823706,0.426723,11.115384615384615,30.25,4.0,8.0,1.7367,0.9341999999999999,0.0,0.0,1.18789,1.58487
2020-11-21,Man United,West Brom,2.42994,0.438646,0.8842,0.0918,0.024,1.66881,0.438646,7.620689655172414,10.8,20.0,2.0,2.7444,0.1638,0.0,0.0,0.438646,2.42994
2020-11-21,Tottenham,Man City,0.761142,1.66325,0.1445,0.2444,0.6111,0.761142,1.66325,14.75,6.56,2.0,9.0,0.6779,2.0777,0.0,0.0,1.66325,0.761142
2020-11-21,Newcastle,Chelsea,0.368286,1.81923,0.0513,0.1759,0.7728,0.368286,1.81923,29.533333333333335,7.294117647058823,3.0,8.0,0.3298,2.4943,0.0,0.0,1.81923,0.368286
2020-11-21,Aston Villa,Brighton,1.76514,1.50038,0.4473,0.2738,0.2789,1.76514,1.50038,18.357142857142858,12.235294117647058,6.0,4.0,1.6157,1.1105,0.0,0.0,1.50038,1.76514
2020-11-22,Fulham,Everton,1.87028,2.2508,0.2729,0.2637,0.4634,1.10911,2.2508,10.592592592592593,13.619047619047619,9.0,9.0,1.0824,1.6539,0.0,0.0,2.2508,1.87028
2020-11-22,Sheffield United,West Ham,0.692374,2.1142,0.0757,0.1728,0.7515,0.692374,2.1142,14.5,14.941176470588236,7.0,10.0,0.39990000000000003,2.4273,0.0,0.0,2.1142,0.692374
2020-11-22,Leeds,Arsenal,1.9617,0.710778,0.6937,0.2006,0.1057,1.9617,0.710778,6.884615384615385,15.6,11.0,4.0,2.2817000000000003,0.5177,0.0,0.0,0.710778,1.9617
2020-11-22,Liverpool,Leicester,3.77245,1.98397,0.7591,0.1383,0.1026,3.77245,1.98397,8.275862068965518,18.095238095238095,9.0,8.0,2.4156,0.44609999999999994,0.0,0.0,1.98397,3.77245
2020-11-23,Wolves,Southampton,1.57479,1.0785,0.4908,0.2832,0.226,1.57479,1.0785,12.407407407407407,12.368421052631579,5.0,10.0,1.7555999999999998,0.9612,0.0,0.0,1.0785,1.57479
2020-11-23,Burnley,Crystal Palace,1.75343,1.28331,0.4942,0.2612,0.2446,1.75343,1.28331,11.590909090909092,16.0,7.0,7.0,1.7437999999999998,0.995,0.0,0.0,1.28331,1.75343
2020-11-27,Crystal Palace,Newcastle,0.534893,1.27929,0.1382,0.2907,0.5711,0.534893,1.27929,16.90909090909091,7.472222222222222,12.0,4.0,0.7053,2.0040000000000004,0.0,0.0,1.27929,0.534893
2020-11-28,West Brom,Sheffield United,1.71644,3.36544,0.112,0.1416,0.7464,1.71644,3.36544,9.578947368421053,13.2,6.0,11.0,0.4776,2.3808,0.0,0.0,3.36544,1.71644
2020-11-28,Everton,Leeds,1.29229,3.11324,0.077,0.1377,0.7853,1.29229,3.11324,16.36842105263158,6.40625,6.0,12.0,0.36869999999999997,2.4936000000000003,0.0,0.0,3.11324,1.29229
2020-11-28,Brighton,Liverpool,2.30722,0.28109,0.9205,0.0683,0.0112,0.784881,0.28109,12.565217391304348,9.409090909090908,3.0,1.0,2.8297999999999996,0.10189999999999999,0.0,0.0,0.28109,2.30722
2020-11-28,Man City,Burnley,2.26129,0.419877,0.8292,0.1283,0.0425,2.26129,0.419877,8.4375,32.0,13.0,4.0,2.6159,0.2558,0.0,0.0,0.419877,2.26129
2020-11-29,Southampton,Man United,0.498783,2.47547,0.0381,0.1118,0.8501,0.498783,2.47547,10.62962962962963,11.964285714285714,0.0,9.0,0.22610000000000002,2.6621,0.0,0.0,2.47547,0.498783
2020-11-29,Chelsea,Tottenham,0.974755,0.22689,0.5514,0.3637,0.0849,0.974755,0.22689,9.875,32.333333333333336,4.0,4.0,2.0179,0.6184000000000001,0.0,0.0,0.22689,0.974755
2020-11-29,Arsenal,Wolves,1.1185,2.0069,0.1526,0.2366,0.6108,1.1185,2.0069,8.035714285714286,17.642857142857142,12.0,6.0,0.6944,2.069,0.0,0.0,2.0069,1.1185
2020-11-30,Leicester,Fulham,1.27814,2.03719,0.1823,0.2401,0.5776,1.27814,1.27602,5.666666666666667,17.454545454545453,9.0,7.0,0.7869999999999999,1.9729,0.0,0.0,2.03719,1.27814
2020-11-30,West Ham,Aston Villa,0.571633,2.39051,0.0322,0.1121,0.8557,0.571633,1.62934,12.565217391304348,13.090909090909092,2.0,8.0,0.2087,2.6792,0.0,0.0,2.39051,0.571633
2020-12-05,Burnley,Everton,0.730434,2.28139,0.0537,0.144,0.8023,0.730434,2.28139,16.391304347826086,7.5,6.0,10.0,0.3051,2.5509000000000004,0.0,0.0,2.28139,0.730434
2020-12-05,Man City,Fulham,3.26328,0.287444,0.9658,0.0301,0.0041,2.50211,0.287444,6.4,25.05,14.0,0.0,2.9275,0.0424,0.0,0.0,0.287444,3.26328
2020-12-05,West Ham,Man United,2.53006,1.78708,0.5546,0.2197,0.2257,2.53006,1.78708,17.47826086956522,13.25,5.0,6.0,1.8835,0.8968,0.0,0.0,1.78708,2.53006
2020-12-05,Chelsea,Leeds,4.89472,1.0277,0.9757,0.0189,0.0054,4.89472,1.0277,9.580645161290322,9.181818181818182,9.0,7.0,2.946,0.0351,0.0,0.0,1.0277,4.89472
2020-12-06,Liverpool,Wolves,1.59454,0.357753,0.7432,0.1988,0.058,1.59454,0.357753,17.846153846153847,20.666666666666668,9.0,1.0,2.4284,0.3728,0.0,0.0,0.357753,1.59454
2020-12-06,Tottenham,Arsenal,0.390629,0.595216,0.1973,0.4601,0.3426,0.390629,0.595216,19.75,5.1,1.0,11.0,1.052,1.4879,0.0,0.0,0.595216,0.390629
2020-12-06,West Brom,Crystal Palace,0.567234,1.68656,0.1028,0.2216,0.6756,0.567234,1.68656,15.235294117647058,12.28,7.0,14.0,0.53,2.2483999999999997,0.0,0.0,1.68656,0.567234
2020-12-06,Sheffield United,Leicester,0.290743,1.3904,0.0609,0.2424,0.6967,0.290743,1.3904,17.428571428571427,5.55,3.0,5.0,0.42510000000000003,2.3325,0.0,0.0,1.3904,0.290743
2020-12-07,Brighton,Southampton,2.03376,1.34801,0.5465,0.2771,0.1764,1.27259,0.586839,9.363636363636363,6.064516129032258,9.0,5.0,1.9165999999999999,0.8063,0.0,0.0,1.34801,2.03376
2020-12-11,Leeds,West Ham,1.56644,1.7851,0.3202,0.2674,0.4124,0.805276,1.7851,5.416666666666667,25.153846153846153,8.0,7.0,1.228,1.5046000000000002,0.0,0.0,1.7851,1.56644
2020-12-12,Wolves,Aston Villa,1.1356,1.26872,0.288,0.3207,0.3913,1.1356,0.507552,8.3,5.785714285714286,6.0,5.0,1.1846999999999999,1.4946,0.0,0.0,1.26872,1.1356
2020-12-12,Newcastle,West Brom,0.904163,0.57319,0.4254,0.3604,0.2142,0.904163,0.57319,25.4,11.5,5.0,4.0,1.6366,1.0030000000000001,0.0,0.0,0.57319,0.904163
2020-12-12,Man United,Man City,0.591617,1.28434,0.1496,0.2848,0.5656,0.591617,1.28434,16.045454545454547,18.526315789473685,5.0,11.0,0.7336,1.9816,0.0,0.0,1.28434,0.591617
2020-12-12,Everton,Chelsea,1.2216,1.00627,0.4004,0.3507,0.2489,0.460428,1.00627,18.75,4.12,2.0,6.0,1.5519,1.0974,0.0,0.0,1.00627,1.2216
2020-12-13,Arsenal,Burnley,1.85362,0.815375,0.6447,0.2211,0.1342,1.85362,0.815375,9.5,14.85,11.0,3.0,2.1552000000000002,0.6237,0.0,0.0,0.815375,1.85362
2020-12-13,Leicester,Brighton,1.64351,0.791673,0.6082,0.2453,0.1465,1.64351,0.791673,13.052631578947368,9.392857142857142,11.0,5.0,2.0698999999999996,0.6848,0.0,0.0,0.791673,1.64351
2020-12-13,Crystal Palace,Tottenham,1.84443,1.40792,0.4846,0.2605,0.2549,1.84443,1.40792,10.7,10.722222222222221,10.0,4.0,1.7143,1.0252000000000001,0.0,0.0,1.40792,1.84443
2020-12-13,Southampton,Sheffield United,2.27973,0.219115,0.8969,0.089,0.0141,2.27973,0.219115,5.222222222222222,13.214285714285714,7.0,1.0,2.7797,0.1313,0.0,0.0,0.219115,2.27973
2020-12-13,Fulham,Liverpool,1.72509,1.82445,0.3366,0.2847,0.3787,1.72509,1.06328,32.416666666666664,6.214285714285714,5.0,10.0,1.2945,1.4207999999999998,0.0,0.0,1.82445,1.72509
2020-12-15,Wolves,Chelsea,0.683783,1.56772,0.1287,0.2507,0.6206,0.683783,1.56772,19.692307692307693,7.827586206896552,4.0,6.0,0.6368,2.1125000000000003,0.0,0.0,1.56772,0.683783
2020-12-15,Man City,West Brom,2.58593,0.210243,0.9138,0.0742,0.012,2.58593,0.210243,6.928571428571429,35.0,16.0,0.0,2.8155999999999994,0.1102,0.0,0.0,0.210243,2.58593
2020-12-16,Liverpool,Tottenham,1.21783,1.5161,0.2781,0.2611,0.4608,1.21783,1.5161,7.352941176470588,18.047619047619047,18.0,0.0,1.0954000000000002,1.6435,0.0,0.0,1.5161,1.21783
2020-12-16,Fulham,Brighton,1.00448,0.462456,0.5269,0.337,0.1361,1.00448,0.462456,11.363636363636363,7.518518518518518,5.0,4.0,1.9177000000000002,0.7453000000000001,0.0,0.0,0.462456,1.00448
2020-12-16,West Ham,Crystal Palace,0.449469,1.09108,0.1279,0.3153,0.5568,0.449469,1.09108,12.1875,10.666666666666666,3.0,4.0,0.6990000000000001,1.9857,0.0,0.0,1.09108,0.449469
2020-12-16,Leeds,Newcastle,2.95137,1.44437,0.7302,0.1724,0.0974,2.95137,1.44437,4.208333333333333,15.6875,16.0,3.0,2.363,0.4646,0.0,0.0,1.44437,2.95137
2020-12-16,Arsenal,Southampton,0.661135,1.11296,0.1907,0.3312,0.4781,0.661135,1.11296,17.1,9.409090909090908,6.0,11.0,0.9033,1.7655,0.0,0.0,1.11296,0.661135
2020-12-16,Leicester,Everton,0.83883,1.51486,0.1305,0.2971,0.5724,0.83883,1.51486,6.964285714285714,26.692307692307693,6.0,3.0,0.6886,2.0143,0.0,0.0,1.51486,0.83883
2020-12-17,Aston Villa,Burnley,1.81142,0.316737,0.7678,0.1799,0.0523,1.81142,0.316737,5.285714285714286,5.774193548387097,9.0,1.0,2.4833,0.3368,0.0,0.0,0.316737,1.81142
2020-12-17,Sheffield United,Man United,1.23525,1.78667,0.2175,0.2633,0.5192,1.23525,1.78667,10.758620689655173,10.428571428571429,10.0,6.0,0.9158,1.8209,0.0,0.0,1.78667,1.23525
2020-12-19,Newcastle,Fulham,1.26725,1.10645,0.4058,0.3137,0.2805,0.506084,1.10645,14.526315789473685,16.9375,6.0,4.0,1.5311,1.1552000000000002,0.0,0.0,1.10645,1.26725
2020-12-19,Crystal Palace,Liverpool,0.489318,2.86902,0.0192,0.074,0.9068,0.489318,2.86902,22.761904761904763,7.25,4.0,9.0,0.1316,2.7944,0.0,0.0,2.86902,0.489318
2020-12-19,Southampton,Man City,0.586972,1.15599,0.161,0.3106,0.5284,0.586972,1.15599,12.142857142857142,13.083333333333334,7.0,8.0,0.7936,1.8958,0.0,0.0,1.15599,0.586972
2020-12-19,Everton,Arsenal,0.661744,1.25206,0.1508,0.2951,0.5541,0.661744,0.490894,31.3,13.470588235294118,1.0,11.0,0.7474999999999999,1.9574,0.0,0.0,1.25206,0.661744
2020-12-20,Tottenham,Leicester,0.945932,1.74772,0.1388,0.2862,0.575,0.945932,0.986554,9.476190476190476,11.782608695652174,5.0,13.0,0.7026,2.0111999999999997,0.0,0.0,1.74772,0.945932
2020-12-20,Man United,Leeds,4.77743,1.63467,0.9111,0.0538,0.0351,4.01626,1.63467,15.722222222222221,11.666666666666666,12.0,5.0,2.7870999999999997,0.15910000000000002,0.0,0.0,1.63467,4.77743
2020-12-20,Brighton,Sheffield United,2.90097,1.03713,0.8142,0.1309,0.0549,2.90097,1.03713,7.6,24.181818181818183,14.0,4.0,2.5735,0.2956,0.0,0.0,1.03713,2.90097
2020-12-20,West Brom,Aston Villa,0.0388442,2.61964,0.0007,0.023,0.9763,0.0388442,1.85847,14.31578947368421,8.352941176470589,1.0,12.0,0.0251,2.9518999999999997,0.0,0.0,2.61964,0.0388442
2020-12-21,Chelsea,West Ham,2.41157,0.277737,0.9248,0.0652,0.01,2.41157,0.277737,13.105263157894736,16.157894736842106,9.0,9.0,2.8396,0.09519999999999999,0.0,0.0,0.277737,2.41157
2020-12-21,Burnley,Wolves,1.20465,1.45722,0.2779,0.2962,0.4259,1.20465,0.696055,14.055555555555555,4.55,6.0,4.0,1.1299,1.5739,0.0,0.0,1.45722,1.20465
2020-12-26,Sheffield United,Everton,1.25106,0.568803,0.5874,0.2991,0.1135,1.25106,0.568803,10.766666666666667,11.166666666666666,3.0,8.0,2.0613,0.6396,0.0,0.0,0.568803,1.25106
2020-12-26,Man City,Newcastle,3.19575,0.200953,0.9721,0.0238,0.0041,3.19575,0.200953,13.7,27.38888888888889,18.0,2.0,2.9400999999999997,0.03610000000000001,0.0,0.0,0.200953,3.19575
2020-12-26,Arsenal,Chelsea,1.94485,2.25414,0.2853,0.2648,0.4499,1.18368,1.49304,16.125,8.777777777777779,6.0,7.0,1.1207,1.6145,0.0,0.0,2.25414,1.94485
2020-12-26,Leicester,Man United,1.0396,2.08423,0.1358,0.217,0.6472,1.0396,2.08423,10.333333333333334,9.258064516129032,1.0,6.0,0.6244,2.1586,0.0,0.0,2.08423,1.0396
2020-12-26,Aston Villa,Crystal Palace,4.58214,0.849086,0.9765,0.0188,0.0047,4.58214,0.849086,9.84,7.571428571428571,9.0,12.0,2.9483,0.0329,0.0,0.0,0.849086,4.58214
2020-12-26,Fulham,Southampton,0.781855,0.119709,0.5283,0.4211,0.0506,0.781855,0.119709,8.615384615384615,4.514285714285714,6.0,0.0,2.006,0.5729,0.0,0.0,0.119709,0.781855
2020-12-27,Leeds,Burnley,2.13271,1.54591,0.5321,0.2575,0.2104,1.37154,1.54591,10.214285714285714,11.954545454545455,6.0,10.0,1.8538000000000001,0.8887,0.0,0.0,1.54591,2.13271
2020-12-27,West Ham,Brighton,1.38877,1.50551,0.3232,0.2901,0.3867,1.38877,1.50551,18.5,10.421052631578947,6.0,5.0,1.2597,1.4502,0.0,0.0,1.50551,1.38877
2020-12-27,Liverpool,West Brom,1.45485,0.739845,0.5437,0.2912,0.1651,1.45485,0.739845,3.260869565217391,39.0,18.0,1.0,1.9223,0.7865,0.0,0.0,0.739845,1.45485
2020-12-27,Wolves,Tottenham,0.742598,0.408109,0.4091,0.4096,0.1813,0.742598,0.408109,6.634146341463414,16.72222222222222,5.0,5.0,1.6369,0.9535,0.0,0.0,0.408109,0.742598
2020-12-28,Crystal Palace,Leicester,0.321348,1.72132,0.0389,0.1668,0.7943,0.321348,0.960152,23.375,5.52,1.0,4.0,0.2835,2.5497,0.0,0.0,1.72132,0.321348
2020-12-28,Chelsea,Aston Villa,1.53701,0.730859,0.6007,0.2712,0.1281,1.53701,0.730859,5.142857142857143,16.94736842105263,8.0,6.0,2.0733,0.6555,0.0,0.0,0.730859,1.53701
2020-12-29,Man United,Wolves,1.48207,0.411046,0.7471,0.1978,0.0551,1.48207,0.411046,10.956521739130435,26.363636363636363,10.0,3.0,2.4391,0.3631,0.0,0.0,0.411046,1.48207
2020-12-29,West Brom,Leeds,0.43551,1.54225,0.0736,0.2468,0.6796,0.43551,1.54225,34.42857142857143,7.1875,1.0,13.0,0.4676,2.2856,0.0,0.0,1.54225,0.43551
2020-12-29,Brighton,Arsenal,0.799368,1.31394,0.1948,0.2845,0.5207,0.799368,1.31394,22.0,20.928571428571427,6.0,3.0,0.8689,1.8466,0.0,0.0,1.31394,0.799368
2020-12-29,Burnley,Sheffield United,0.973831,0.492578,0.5046,0.3332,0.1622,0.973831,0.492578,12.4,8.210526315789474,7.0,3.0,1.8470000000000002,0.8198000000000001,0.0,0.0,0.492578,0.973831
2020-12-29,Southampton,West Ham,0.670996,1.07246,0.1937,0.3418,0.4645,0.670996,1.07246,7.894736842105263,16.894736842105264,7.0,7.0,0.9229,1.7353,0.0,0.0,1.07246,0.670996
2020-12-30,Newcastle,Liverpool,0.817935,1.32047,0.2097,0.2881,0.5022,0.817935,1.32047,26.866666666666667,5.05,3.0,10.0,0.9172,1.7947,0.0,0.0,1.32047,0.817935
2021-01-01,Man United,Aston Villa,2.46473,1.56434,0.5885,0.2225,0.189,1.70357,1.56434,7.607142857142857,10.7,10.0,5.0,1.988,0.7895,0.0,0.0,1.56434,2.46473
2021-01-01,Everton,West Ham,0.371045,1.19713,0.0929,0.2811,0.626,0.371045,1.19713,11.222222222222221,17.4,5.0,4.0,0.5598000000000001,2.1591,0.0,0.0,1.19713,0.371045
2021-01-02,Brighton,Wolves,2.4228,1.81856,0.5295,0.2673,0.2032,1.66163,1.05739,7.2,24.642857142857142,12.0,1.0,1.8558,0.8768999999999999,0.0,0.0,1.81856,2.4228
2021-01-02,West Brom,Arsenal,0.869874,4.03429,0.0061,0.033,0.9609,0.869874,4.03429,16.73913043478261,16.1,4.0,7.0,0.0513,2.9156999999999997,0.0,0.0,4.03429,0.869874
2021-01-02,Tottenham,Leeds,2.5286,1.15626,0.7069,0.1737,0.1194,1.76744,1.15626,12.166666666666666,5.346153846153846,7.0,11.0,2.2944,0.5319,0.0,0.0,1.15626,2.5286
2021-01-02,Crystal Palace,Sheffield United,0.598888,0.323158,0.3625,0.4722,0.1653,0.598888,0.323158,12.541666666666666,6.678571428571429,5.0,7.0,1.5596999999999999,0.9681,0.0,0.0,0.323158,0.598888
2021-01-03,Newcastle,Leicester,0.264584,0.702081,0.12,0.433,0.447,0.264584,0.702081,13.521739130434783,6.310344827586207,1.0,6.0,0.7929999999999999,1.774,0.0,0.0,0.702081,0.264584
2021-01-03,Chelsea,Man City,0.691013,3.18063,0.0236,0.0772,0.8992,0.691013,3.18063,13.52,13.4,6.0,11.0,0.14800000000000002,2.7748,0.0,0.0,3.18063,0.691013
2021-01-04,Southampton,Liverpool,0.500436,1.37204,0.1159,0.2744,0.6097,0.500436,1.37204,19.36842105263158,5.967741935483871,2.0,21.0,0.6221,2.1035,0.0,0.0,1.37204,0.500436
2021-01-12,Sheffield United,Newcastle,2.01315,1.04745,0.6246,0.2342,0.1412,1.25198,1.04745,8.0,24.0,12.0,2.0,2.108,0.6577999999999999,0.0,0.0,1.04745,2.01315
2021-01-12,Wolves,Everton,0.852495,0.323445,0.4722,0.3951,0.1327,0.852495,0.323445,15.095238095238095,18.444444444444443,4.0,9.0,1.8117,0.7932,0.0,0.0,0.323445,0.852495
2021-01-12,Burnley,Man United,0.648582,1.23996,0.1875,0.3023,0.5102,0.648582,1.23996,10.92,8.722222222222221,5.0,15.0,0.8648,1.8329,0.0,0.0,1.23996,0.648582
2021-01-13,Man City,Brighton,2.90855,0.177084,0.9559,0.0392,0.0049,2.14738,0.177084,10.9,17.61904761904762,13.0,4.0,2.9069000000000003,0.053899999999999997,0.0,0.0,0.177084,2.90855
2021-01-13,Tottenham,Fulham,3.14372,1.05329,0.8342,0.1077,0.0581,3.14372,1.05329,8.32258064516129,9.34375,3.0,7.0,2.6103,0.28200000000000003,0.0,0.0,1.05329,3.14372
2021-01-14,Arsenal,Crystal Palace,0.368554,0.709634,0.1608,0.4365,0.4027,0.368554,0.709634,5.933333333333334,23.875,6.0,2.0,0.9189,1.6446,0.0,0.0,0.709634,0.368554
2021-01-16,Wolves,West Brom,1.94358,2.46332,0.244,0.2365,0.5195,1.94358,0.940987,6.764705882352941,17.11111111111111,5.0,7.0,0.9684999999999999,1.795,0.0,0.0,2.46332,1.94358
2021-01-16,Leeds,Brighton,0.245193,1.14424,0.0547,0.2547,0.6906,0.245193,1.14424,8.125,17.35,8.0,11.0,0.41879999999999995,2.3265000000000002,0.0,0.0,1.14424,0.245193
2021-01-16,West Ham,Burnley,1.73397,0.395668,0.7582,0.1885,0.0533,1.73397,0.395668,9.619047619047619,9.157894736842104,4.0,5.0,2.4631,0.3484,0.0,0.0,0.395668,1.73397
2021-01-16,Fulham,Chelsea,0.46126,1.37939,0.1163,0.2684,0.6153,0.46126,1.37939,20.19047619047619,6.583333333333333,6.0,13.0,0.6173,2.1143,0.0,0.0,1.37939,0.46126
2021-01-16,Leicester,Southampton,2.12019,0.378147,0.8242,0.1382,0.0376,2.12019,0.378147,9.821428571428571,9.521739130434783,9.0,5.0,2.6108,0.251,0.0,0.0,0.378147,2.12019
2021-01-17,Sheffield United,Tottenham,0.978133,1.28385,0.2638,0.2989,0.4373,0.978133,1.28385,12.821428571428571,10.38888888888889,5.0,8.0,1.0902999999999998,1.6108,0.0,0.0,1.28385,0.978133
2021-01-17,Liverpool,Man United,1.20205,1.18929,0.3456,0.308,0.3464,1.20205,1.18929,5.428571428571429,19.263157894736842,17.0,5.0,1.3448,1.3472,0.0,0.0,1.18929,1.20205
2021-01-17,Man City,Crystal Palace,0.961088,0.0515836,0.6417,0.3394,0.0189,0.961088,0.0515836,5.166666666666667,82.2,5.0,3.0,2.2645,0.3961,0.0,0.0,0.0515836,0.961088
2021-01-18,Arsenal,Newcastle,2.30744,0.168796,0.9022,0.0861,0.0117,2.30744,0.168796,9.0,27.857142857142858,13.0,2.0,2.7927,0.1212,0.0,0.0,0.168796,2.30744
2021-01-19,West Ham,West Brom,2.17512,0.464091,0.843,0.1265,0.0305,2.17512,0.464091,13.923076923076923,16.470588235294116,6.0,5.0,2.6555,0.218,0.0,0.0,0.464091,2.17512
2021-01-19,Leicester,Chelsea,1.1449,0.615727,0.514,0.3091,0.1769,1.1449,0.615727,18.045454545454547,8.545454545454545,9.0,7.0,1.8511,0.8397999999999999,0.0,0.0,0.615727,1.1449
2021-01-20,Man City,Aston Villa,3.34385,0.601768,0.933,0.0513,0.0157,2.58268,0.601768,8.235294117647058,22.285714285714285,21.0,3.0,2.8503000000000003,0.09839999999999999,0.0,0.0,0.601768,3.34385
2021-01-20,Fulham,Man United,0.753669,1.68401,0.1286,0.2406,0.6308,0.753669,1.68401,17.789473684210527,7.333333333333333,4.0,7.0,0.6264,2.133,0.0,0.0,1.68401,0.753669
2021-01-21,Liverpool,Burnley,1.64907,1.08059,0.4994,0.2767,0.2239,1.64907,0.319419,8.714285714285714,28.90909090909091,20.0,4.0,1.7749,0.9483999999999999,0.0,0.0,1.08059,1.64907
2021-01-23,Aston Villa,Newcastle,2.6026,0.400364,0.908,0.0743,0.0177,2.6026,0.400364,7.916666666666667,16.095238095238095,7.0,2.0,2.7983000000000002,0.1274,0.0,0.0,0.400364,2.6026
2021-01-26,Southampton,Arsenal,0.99504,2.4339,0.0733,0.1715,0.7552,0.99504,2.4339,6.68,16.3,1.0,7.0,0.3914,2.4371,0.0,0.0,2.4339,0.99504
2021-01-26,West Brom,Man City,0.568258,2.24838,0.0239,0.1323,0.8438,0.568258,2.24838,27.0,7.866666666666666,3.0,15.0,0.20400000000000001,2.6637,0.0,0.0,2.24838,0.568258
2021-01-26,Newcastle,Leeds,1.1364,0.785914,0.4368,0.3274,0.2358,1.1364,0.785914,10.25,5.3076923076923075,5.0,14.0,1.6378,1.0348000000000002,0.0,0.0,0.785914,1.1364
2021-01-26,Crystal Palace,West Ham,0.629033,3.30321,0.0139,0.0546,0.9315,0.629033,3.30321,11.6,14.578947368421053,12.0,5.0,0.0963,2.8491000000000004,0.0,0.0,3.30321,0.629033
2021-01-27,Burnley,Aston Villa,0.717681,2.70718,0.0368,0.112,0.8512,0.717681,2.70718,8.066666666666666,12.125,2.0,7.0,0.2224,2.6656,0.0,0.0,2.70718,0.717681
2021-01-27,Chelsea,Wolves,0.663324,0.63192,0.2961,0.395,0.3089,0.663324,0.63192,4.28125,79.33333333333333,6.0,1.0,1.2832999999999999,1.3217,0.0,0.0,0.63192,0.663324
2021-01-27,Brighton,Fulham,2.29129,0.513226,0.8321,0.1258,0.0421,2.29129,0.513226,6.852941176470588,8.555555555555555,12.0,2.0,2.6220999999999997,0.2521,0.0,0.0,0.513226,2.29129
2021-01-27,Everton,Leicester,0.474981,0.792045,0.2061,0.3883,0.4056,0.474981,0.792045,24.357142857142858,6.24,2.0,8.0,1.0066000000000002,1.6051000000000002,0.0,0.0,0.792045,0.474981
2021-01-27,Man United,Sheffield United,0.9931,0.689548,0.4096,0.3432,0.2472,0.9931,0.689548,5.684210526315789,17.115384615384617,11.0,3.0,1.572,1.0848,0.0,0.0,0.689548,0.9931
2021-01-28,Tottenham,Liverpool,0.104586,2.58798,0.001,0.0234,0.9756,0.104586,2.58798,14.80952380952381,14.56,0.0,11.0,0.0264,2.9502,0.0,0.0,2.58798,0.104586
2021-01-30,Southampton,Aston Villa,2.22557,0.795508,0.745,0.1783,0.0767,2.22557,0.795508,9.0625,10.538461538461538,17.0,4.0,2.4133,0.4084,0.0,0.0,0.795508,2.22557
2021-01-30,Man City,Sheffield United,1.53116,0.154537,0.8331,0.1503,0.0166,1.53116,0.154537,10.266666666666667,35.416666666666664,6.0,6.0,2.6496,0.2001,0.0,0.0,0.154537,1.53116
2021-01-30,Arsenal,Man United,0.747166,1.51332,0.1496,0.2491,0.6013,0.747166,1.51332,18.6875,11.55,2.0,8.0,0.6979,2.053,0.0,0.0,1.51332,0.747166
2021-01-30,Crystal Palace,Wolves,1.36877,0.450907,0.6637,0.252,0.0843,1.36877,0.450907,19.5,18.705882352941178,5.0,2.0,2.2431,0.5049,0.0,0.0,0.450907,1.36877
2021-01-30,Everton,Newcastle,0.966012,2.08832,0.1367,0.2001,0.6632,0.966012,2.08832,6.7,28.181818181818183,9.0,5.0,0.6102,2.1897,0.0,0.0,2.08832,0.966012
2021-01-30,West Brom,Fulham,0.994664,1.52044,0.2182,0.2867,0.4951,0.994664,1.52044,14.5,8.764705882352942,0.0,7.0,0.9413,1.772,0.0,0.0,1.52044,0.994664
2021-01-31,Chelsea,Burnley,1.4405,0.390714,0.6509,0.2679,0.0812,1.4405,0.390714,6.35,17.08695652173913,23.0,4.0,2.2206,0.5115000000000001,0.0,0.0,0.390714,1.4405
2021-01-31,Leicester,Leeds,1.73432,1.8141,0.3472,0.2628,0.39,1.73432,1.8141,8.178571428571429,7.233333333333333,6.0,4.0,1.3044,1.4327999999999999,0.0,0.0,1.8141,1.73432
2021-01-31,West Ham,Liverpool,0.883061,2.05809,0.0975,0.2051,0.6974,0.883061,2.05809,42.0,12.294117647058824,2.0,13.0,0.4976,2.2973,0.0,0.0,2.05809,0.883061
2021-01-31,Brighton,Tottenham,1.77386,0.372524,0.7747,0.1711,0.0542,1.77386,0.372524,9.451612903225806,12.125,21.0,6.0,2.4952,0.3337,0.0,0.0,0.372524,1.77386
2021-02-02,Sheffield United,West Brom,1.35804,1.61871,0.2481,0.3174,0.4345,1.35804,1.61871,5.0,17.823529411764707,12.0,2.0,1.0617,1.6209000000000002,0.0,0.0,1.61871,1.35804
2021-02-02,Wolves,Arsenal,1.56162,0.716265,0.6219,0.2553,0.1228,0.800456,0.716265,25.23076923076923,15.318181818181818,2.0,5.0,2.121,0.6237,0.0,0.0,0.716265,1.56162
2021-02-02,Man United,Southampton,5.0325,0.507893,0.9916,0.0075,0.0009,4.27133,0.507893,4.555555555555555,14.5,23.0,2.0,2.9823,0.0102,0.0,0.0,0.507893,5.0325
2021-02-02,Newcastle,Crystal Palace,1.90755,0.809312,0.6511,0.2222,0.1267,1.90755,0.809312,9.476190476190476,21.0,9.0,6.0,2.1755,0.6023000000000001,0.0,0.0,0.809312,1.90755
2021-02-03,Liverpool,Brighton,1.09518,1.18977,0.3094,0.3128,0.3778,1.09518,1.18977,10.714285714285714,29.083333333333332,11.0,1.0,1.241,1.4462,0.0,0.0,1.18977,1.09518
2021-02-03,Aston Villa,West Ham,0.741154,1.79064,0.1371,0.2225,0.6404,0.741154,1.79064,7.7272727272727275,17.266666666666666,7.0,6.0,0.6338,2.1437,0.0,0.0,1.79064,0.741154
2021-02-03,Fulham,Leicester,0.731288,1.71299,0.0773,0.2402,0.6825,0.731288,1.71299,7.666666666666667,19.0,10.0,6.0,0.47209999999999996,2.2877,0.0,0.0,1.71299,0.731288
2021-02-03,Burnley,Man City,0.0489155,2.12153,0.002,0.0706,0.9274,0.0489155,2.12153,31.214285714285715,11.923076923076923,5.0,12.0,0.0766,2.8528000000000002,0.0,0.0,2.12153,0.0489155
2021-02-03,Leeds,Everton,1.14303,1.91539,0.1702,0.2423,0.5875,1.14303,1.91539,5.612903225806452,14.55,10.0,2.0,0.7528999999999999,2.0048000000000004,0.0,0.0,1.91539,1.14303
2021-02-04,Tottenham,Chelsea,0.569446,2.393,0.0393,0.1251,0.8356,0.569446,1.63183,12.344827586206897,9.206896551724139,2.0,13.0,0.243,2.6319,0.0,0.0,2.393,0.569446
2021-02-06,Aston Villa,Arsenal,1.19792,0.679649,0.4986,0.3021,0.1993,1.19792,0.679649,20.6,6.136363636363637,5.0,14.0,1.7979,0.8999999999999999,0.0,0.0,0.679649,1.19792
2021-02-06,Burnley,Brighton,1.88934,0.612682,0.728,0.1852,0.0868,1.88934,0.612682,18.0,12.722222222222221,13.0,5.0,2.3692,0.4456,0.0,0.0,0.612682,1.88934
2021-02-06,Newcastle,Southampton,0.910553,1.43445,0.2193,0.2865,0.4942,0.910553,1.43445,18.0,2.8846153846153846,6.0,8.0,0.9443999999999999,1.7691,0.0,0.0,1.43445,0.910553
2021-02-06,Fulham,West Ham,1.60884,0.943539,0.5319,0.2729,0.1952,1.60884,0.943539,10.875,23.4,12.0,2.0,1.8686,0.8585,0.0,0.0,0.943539,1.60884
2021-02-06,Man United,Everton,1.71769,1.5571,0.4001,0.2778,0.3221,1.71769,1.5571,10.666666666666666,35.1,6.0,3.0,1.4781,1.2441,0.0,0.0,1.5571,1.71769
2021-02-07,Liverpool,Man City,1.17728,3.55196,0.0077,0.0419,0.9504,0.416109,2.79079,10.866666666666667,20.63157894736842,6.0,4.0,0.065,2.8931,0.0,0.0,3.55196,1.17728
2021-02-07,Sheffield United,Chelsea,0.623045,1.64144,0.0869,0.2349,0.6782,0.623045,0.880268,19.695652173913043,10.642857142857142,4.0,9.0,0.49560000000000004,2.2695000000000003,0.0,0.0,1.64144,0.623045
2021-02-07,Tottenham,West Brom,1.92997,0.698686,0.7001,0.2046,0.0953,1.92997,0.698686,7.681818181818182,24.357142857142858,10.0,3.0,2.3049,0.4905,0.0,0.0,0.698686,1.92997
2021-02-07,Wolves,Leicester,1.35506,0.632232,0.5741,0.2754,0.1505,1.35506,0.632232,14.826086956521738,7.470588235294118,7.0,10.0,1.9977,0.7269,0.0,0.0,0.632232,1.35506
2021-02-08,Leeds,Crystal Palace,2.64769,0.370278,0.9029,0.0772,0.0199,2.64769,0.370278,6.869565217391305,37.69230769230769,7.0,4.0,2.7859000000000003,0.13690000000000002,0.0,0.0,0.370278,2.64769
2021-02-13,Brighton,Aston Villa,2.33232,0.144036,0.9125,0.0777,0.0098,2.33232,0.144036,8.727272727272727,16.333333333333332,16.0,4.0,2.8152,0.1071,0.0,0.0,0.144036,2.33232
2021-02-13,Leicester,Liverpool,2.07383,1.68325,0.4663,0.2664,0.2673,2.07383,1.68325,13.478260869565217,7.566666666666666,2.0,12.0,1.6653,1.0683,0.0,0.0,1.68325,2.07383
2021-02-13,Crystal Palace,Burnley,0.645616,1.95502,0.0914,0.1803,0.7283,0.645616,1.95502,5.758620689655173,7.8,10.0,4.0,0.4545,2.3651999999999997,0.0,0.0,1.95502,0.645616
2021-02-13,Man City,Tottenham,2.46219,0.4235,0.8805,0.0952,0.0243,1.70102,0.4235,9.548387096774194,19.65,17.0,1.0,2.7367,0.1681,0.0,0.0,0.4235,2.46219
2021-02-14,Arsenal,Leeds,2.50614,0.77074,0.8375,0.123,0.0395,1.74497,0.77074,13.090909090909092,9.875,13.0,7.0,2.6355000000000004,0.2415,0.0,0.0,0.77074,2.50614
2021-02-14,Everton,Fulham,0.314075,2.55085,0.0068,0.0481,0.9451,0.314075,2.55085,13.136363636363637,11.766666666666667,1.0,9.0,0.06849999999999999,2.8834,0.0,0.0,2.55085,0.314075
2021-02-14,Southampton,Wolves,0.8536,1.09361,0.2361,0.3448,0.4191,0.8536,0.33244,11.523809523809524,15.368421052631579,6.0,3.0,1.0531000000000001,1.6020999999999999,0.0,0.0,1.09361,0.8536
2021-02-14,West Brom,Man United,0.945964,0.423885,0.5013,0.3551,0.1436,0.945964,0.423885,25.583333333333332,7.928571428571429,3.0,9.0,1.8589999999999998,0.7859,0.0,0.0,0.423885,0.945964
2021-02-15,Chelsea,Newcastle,2.5428,0.432603,0.8826,0.0951,0.0223,2.5428,0.432603,6.409090909090909,10.545454545454545,8.0,1.0,2.7429,0.162,0.0,0.0,0.432603,2.5428
2021-02-15,West Ham,Sheffield United,2.32735,0.926652,0.7379,0.1827,0.0794,1.56618,0.926652,17.571428571428573,14.470588235294118,2.0,9.0,2.3964000000000003,0.4209,0.0,0.0,0.926652,2.32735
2021-02-17,Burnley,Fulham,1.20642,0.594471,0.5452,0.2995,0.1553,1.20642,0.594471,10.56,12.857142857142858,5.0,4.0,1.9351000000000003,0.7654,0.0,0.0,0.594471,1.20642
2021-02-17,Everton,Man City,1.04664,1.23218,0.2781,0.3846,0.3373,1.04664,1.23218,27.0,10.176470588235293,2.0,9.0,1.2189,1.3965,0.0,0.0,1.23218,1.04664
2021-02-19,Wolves,Leeds,0.592049,2.4793,0.0445,0.1246,0.8309,0.592049,2.4793,9.851851851851851,7.7368421052631575,1.0,6.0,0.2581,2.6173,0.0,0.0,2.4793,0.592049
2021-02-20,Southampton,Chelsea,0.496603,1.44849,0.0713,0.2519,0.6768,0.496603,0.687319,16.928571428571427,4.171428571428572,0.0,10.0,0.4658,2.2822999999999998,0.0,0.0,1.44849,0.496603
2021-02-20,Burnley,West Brom,0.535153,1.71922,0.0492,0.1886,0.7622,0.535153,1.71922,4.44,19.0,3.0,4.0,0.3362,2.4752,0.0,0.0,1.71922,0.535153
2021-02-20,Liverpool,Everton,1.54046,2.01468,0.2479,0.2577,0.4944,1.54046,1.25352,6.5,21.055555555555557,14.0,1.0,1.0014,1.7409000000000001,0.0,0.0,2.01468,1.54046
2021-02-20,Fulham,Sheffield United,1.21006,0.977747,0.401,0.3167,0.2823,1.21006,0.977747,9.533333333333333,10.28125,7.0,2.0,1.5197,1.1636,0.0,0.0,0.977747,1.21006
2021-02-21,Man United,Newcastle,1.7256,0.341778,0.7921,0.1648,0.0431,0.964431,0.341778,6.388888888888889,22.352941176470587,10.0,1.0,2.5411,0.29410000000000003,0.0,0.0,0.341778,1.7256
2021-02-21,Arsenal,Man City,0.331188,2.08868,0.0335,0.1341,0.8324,0.331188,2.08868,16.77777777777778,16.526315789473685,6.0,7.0,0.2346,2.6313000000000004,0.0,0.0,2.08868,0.331188
2021-02-21,West Ham,Tottenham,1.09246,0.770706,0.4855,0.3432,0.1713,1.09246,0.770706,11.5,6.176470588235294,2.0,8.0,1.7996999999999999,0.8571,0.0,0.0,0.770706,1.09246
2021-02-21,Aston Villa,Leicester,1.7084,1.23852,0.4989,0.2797,0.2214,1.7084,1.23852,13.823529411764707,9.04,5.0,6.0,1.7764000000000002,0.9439,0.0,0.0,1.23852,1.7084
2021-02-22,Brighton,Crystal Palace,2.59204,0.179886,0.9263,0.0656,0.0081,2.59204,0.179886,5.695652173913044,38.7,13.0,0.0,2.8445,0.08990000000000001,0.0,0.0,0.179886,2.59204
2021-02-23,Leeds,Southampton,1.84753,1.47981,0.452,0.2588,0.2892,1.84753,1.47981,6.724137931034483,6.464285714285714,10.0,5.0,1.6148,1.1264,0.0,0.0,1.47981,1.84753
2021-02-27,Man City,West Ham,0.760574,1.92892,0.0637,0.1992,0.7371,0.760574,1.92892,11.95,22.125,5.0,2.0,0.3903,2.4105,0.0,0.0,1.92892,0.760574
2021-02-27,West Brom,Brighton,0.687091,3.12111,0.0135,0.0646,0.9219,0.687091,1.59881,14.272727272727273,3.8,2.0,10.0,0.1051,2.8303000000000003,0.0,0.0,3.12111,0.687091
2021-02-27,Leeds,Aston Villa,1.00106,0.876255,0.3618,0.3531,0.2851,1.00106,0.876255,4.45,11.4,6.0,1.0,1.4385,1.2084000000000001,0.0,0.0,0.876255,1.00106
2021-02-27,Newcastle,Wolves,1.9519,1.27827,0.539,0.2409,0.2201,1.9519,1.27827,5.970588235294118,12.823529411764707,6.0,5.0,1.8578999999999999,0.9012,0.0,0.0,1.27827,1.9519
2021-02-28,Chelsea,Man United,1.17294,0.35954,0.621,0.2899,0.0891,1.17294,0.35954,8.73076923076923,10.235294117647058,1.0,4.0,2.1529,0.5571999999999999,0.0,0.0,0.35954,1.17294
2021-02-28,Tottenham,Burnley,2.35788,0.603212,0.8138,0.1319,0.0543,2.35788,0.603212,21.363636363636363,12.352941176470589,4.0,7.0,2.5732999999999997,0.29479999999999995,0.0,0.0,0.603212,2.35788
2021-02-28,Sheffield United,Liverpool,0.777149,2.80551,0.0461,0.1081,0.8458,0.777149,2.80551,18.842105263157894,12.8,3.0,6.0,0.2464,2.6454999999999997,0.0,0.0,2.80551,0.777149
2021-02-28,Crystal Palace,Fulham,0.0880148,0.813134,0.0365,0.4295,0.534,0.0880148,0.813134,9.636363636363637,6.866666666666666,1.0,5.0,0.5389999999999999,2.0315000000000003,0.0,0.0,0.813134,0.0880148
2021-02-28,Leicester,Arsenal,0.533575,2.1065,0.0266,0.1097,0.8637,0.533575,1.34533,10.96,24.4,3.0,7.0,0.1895,2.7008,0.0,0.0,2.1065,0.533575
2021-03-01,Everton,Southampton,1.42054,0.665743,0.5895,0.2921,0.1184,1.42054,0.665743,10.185185185185185,8.03225806451613,5.0,3.0,2.0606,0.6473,0.0,0.0,0.665743,1.42054
2021-03-02,Man City,Wolves,3.26196,0.318824,0.9559,0.0369,0.0072,3.26196,0.318824,7.071428571428571,34.76923076923077,20.0,1.0,2.9046000000000003,0.0585,0.0,0.0,0.318824,3.26196
2021-03-03,Burnley,Leicester,1.26793,1.24109,0.365,0.297,0.338,1.26793,1.24109,18.833333333333332,9.5,7.0,6.0,1.392,1.311,0.0,0.0,1.24109,1.26793
2021-03-03,Sheffield United,Aston Villa,0.716254,1.44176,0.157,0.283,0.56,0.716254,1.44176,14.608695652173912,14.333333333333334,5.0,16.0,0.754,1.963,0.0,0.0,1.44176,0.716254
2021-03-03,Crystal Palace,Man United,0.742397,0.584016,0.3773,0.3779,0.2448,0.742397,0.584016,16.473684210526315,10.736842105263158,3.0,8.0,1.5098000000000003,1.1122999999999998,0.0,0.0,0.584016,0.742397
2021-03-04,West Brom,Everton,1.02038,1.40789,0.2458,0.2813,0.4729,1.02038,1.40789,16.57894736842105,11.80952380952381,7.0,8.0,1.0187,1.6999999999999997,0.0,0.0,1.40789,1.02038
2021-03-04,Fulham,Tottenham,1.1715,1.5519,0.2445,0.2814,0.4741,1.1715,1.5519,7.464285714285714,11.535714285714286,9.0,7.0,1.0149,1.7037,0.0,0.0,1.5519,1.1715
2021-03-04,Liverpool,Chelsea,0.247034,1.22635,0.0629,0.271,0.6661,0.247034,1.22635,11.96875,12.533333333333333,10.0,12.0,0.4597,2.2693,0.0,0.0,1.22635,0.247034
2021-03-06,Brighton,Leicester,0.75471,1.03801,0.2386,0.3338,0.4276,0.75471,1.03801,11.78125,7.5,11.0,7.0,1.0495999999999999,1.6166,0.0,0.0,1.03801,0.75471
2021-03-06,Aston Villa,Wolves,0.956392,2.15087,0.0783,0.1901,0.7316,0.956392,2.15087,9.08,12.666666666666666,1.0,0.0,0.425,2.3849,0.0,0.0,2.15087,0.956392
2021-03-06,Sheffield United,Southampton,0.908155,2.37386,0.0726,0.1717,0.7557,0.908155,1.6127,7.793103448275862,7.25,5.0,5.0,0.38949999999999996,2.4388,0.0,0.0,2.37386,0.908155
2021-03-06,Burnley,Arsenal,1.10374,2.53692,0.1026,0.1738,0.7236,1.10374,2.53692,31.09090909090909,11.055555555555555,5.0,8.0,0.4816,2.3446,0.0,0.0,2.53692,1.10374
2021-03-07,West Brom,Newcastle,1.46503,0.454577,0.6665,0.2392,0.0943,1.46503,0.454577,9.894736842105264,8.333333333333334,13.0,6.0,2.2386999999999997,0.5221,0.0,0.0,0.454577,1.46503
2021-03-07,Liverpool,Fulham,0.701764,1.37047,0.1574,0.2768,0.5658,0.701764,1.37047,10.0,20.58823529411765,5.0,2.0,0.7490000000000001,1.9742,0.0,0.0,1.37047,0.701764
2021-03-07,Man City,Man United,1.27561,2.11411,0.1821,0.2071,0.6108,1.27561,1.35294,8.153846153846153,24.857142857142858,13.0,4.0,0.7534000000000001,2.0395,0.0,0.0,2.11411,1.27561
2021-03-07,Tottenham,Crystal Palace,2.24159,0.559383,0.8314,0.1326,0.036,2.24159,0.559383,5.805555555555555,14.5,5.0,1.0,2.6268000000000002,0.24059999999999998,0.0,0.0,0.559383,2.24159
2021-03-08,Chelsea,Everton,2.57224,0.270757,0.9309,0.0583,0.0108,1.81107,0.270757,9.125,18.192307692307693,6.0,0.0,2.851,0.0907,0.0,0.0,0.270757,2.57224
2021-03-08,West Ham,Leeds,2.37556,1.34971,0.6568,0.2033,0.1399,1.45364,1.34971,14.347826086956522,6.409090909090909,2.0,11.0,2.1737,0.623,0.0,0.0,1.34971,2.37556
2021-03-10,Man City,Southampton,3.10503,1.60561,0.7399,0.1695,0.0906,3.10503,0.844439,20.733333333333334,18.391304347826086,10.0,5.0,2.3892,0.4413,0.0,0.0,1.60561,3.10503
2021-03-12,Newcastle,Aston Villa,0.873171,0.748665,0.3578,0.3501,0.2921,0.873171,0.748665,6.785714285714286,7.523809523809524,5.0,5.0,1.4235,1.2264000000000002,0.0,0.0,0.748665,0.873171
2021-03-13,Fulham,Man City,0.449499,2.72578,0.0073,0.0514,0.9413,0.449499,1.96461,10.151515151515152,8.625,7.0,6.0,0.0733,2.8753,0.0,0.0,2.72578,0.449499
2021-03-13,Everton,Burnley,1.69849,0.74852,0.6458,0.2217,0.1325,1.69849,0.74852,7.222222222222222,20.733333333333334,9.0,9.0,2.1591000000000005,0.6192,0.0,0.0,0.74852,1.69849
2021-03-13,Leeds,Chelsea,0.382957,0.971054,0.1358,0.3647,0.4995,0.382957,0.971054,10.357142857142858,7.96,3.0,12.0,0.7721,1.8632,0.0,0.0,0.971054,0.382957
2021-03-13,Crystal Palace,West Brom,1.30694,0.513439,0.6416,0.2594,0.099,0.545768,0.513439,9.181818181818182,5.379310344827586,2.0,8.0,2.1841999999999997,0.5564,0.0,0.0,0.513439,1.30694
2021-03-14,Southampton,Brighton,1.03495,0.895967,0.3796,0.3355,0.2849,1.03495,0.895967,16.11111111111111,7.878787878787879,7.0,2.0,1.4743,1.1902,0.0,0.0,0.895967,1.03495
2021-03-14,Leicester,Sheffield United,4.54571,0.0934777,0.9969,0.0028,0.0003,4.54571,0.0934777,6.115384615384615,22.5,12.0,2.0,2.9935,0.0037,0.0,0.0,0.0934777,4.54571
2021-03-14,Arsenal,Tottenham,1.56529,0.705566,0.6294,0.2781,0.0925,0.804116,0.705566,9.78125,14.1,10.0,4.0,2.1662999999999997,0.5556,0.0,0.0,0.705566,1.56529
2021-03-14,Man United,West Ham,1.70128,0.463737,0.7121,0.2097,0.0782,1.70128,0.463737,9.869565217391305,19.9375,12.0,6.0,2.346,0.44430000000000003,0.0,0.0,0.463737,1.70128
2021-03-15,Wolves,Liverpool,1.29175,1.0552,0.4272,0.2998,0.273,1.29175,1.0552,6.96969696969697,12.347826086956522,4.0,10.0,1.5814000000000001,1.1188,0.0,0.0,1.0552,1.29175
2021-03-19,Fulham,Leeds,1.47498,1.40706,0.3806,0.2745,0.3449,1.47498,1.40706,7.6,4.764705882352941,8.0,6.0,1.4163,1.3092,0.0,0.0,1.40706,1.47498
2021-03-20,Brighton,Newcastle,0.951921,0.100945,0.6071,0.3553,0.0376,0.951921,0.100945,7.633333333333334,26.63157894736842,8.0,1.0,2.1766,0.4681,0.0,0.0,0.100945,0.951921
2021-03-21,West Ham,Arsenal,2.50629,1.35217,0.6805,0.1962,0.1233,2.50629,1.35217,14.45,12.23076923076923,5.0,10.0,2.2377000000000002,0.5661,0.0,0.0,1.35217,2.50629
2021-03-21,Aston Villa,Tottenham,0.439681,1.72011,0.0436,0.1674,0.789,0.439681,0.958941,6.342105263157895,10.8,8.0,6.0,0.2982,2.5343999999999998,0.0,0.0,1.72011,0.439681
2021-04-03,Arsenal,Liverpool,0.161161,2.43732,0.0079,0.0691,0.923,0.161161,2.43732,19.52173913043478,7.5,1.0,14.0,0.0928,2.8381000000000003,0.0,0.0,2.43732,0.161161
2021-04-03,Leicester,Man City,0.284781,1.98438,0.0283,0.1346,0.8371,0.284781,1.98438,21.0,8.405405405405405,2.0,12.0,0.2195,2.6458999999999997,0.0,0.0,1.98438,0.284781
2021-04-03,Chelsea,West Brom,2.55917,1.38315,0.6651,0.1824,0.1525,2.55917,1.38315,6.185185185185185,15.523809523809524,12.0,6.0,2.1777,0.6399,0.0,0.0,1.38315,2.55917
2021-04-03,Leeds,Sheffield United,2.50597,0.867652,0.7805,0.1599,0.0596,2.50597,0.867652,11.31578947368421,9.185185185185185,9.0,4.0,2.5014,0.3387,0.0,0.0,0.867652,2.50597
2021-04-04,Southampton,Burnley,2.40272,1.50285,0.6005,0.2275,0.172,2.40272,0.741677,7.8125,10.19047619047619,14.0,7.0,2.029,0.7435,0.0,0.0,1.50285,2.40272
2021-04-04,Newcastle,Tottenham,3.30098,2.43683,0.597,0.225,0.178,3.30098,2.43683,15.6,8.1,7.0,7.0,2.016,0.759,0.0,0.0,2.43683,3.30098
2021-04-04,Aston Villa,Fulham,1.52229,1.52172,0.3485,0.2992,0.3523,1.52229,1.52172,7.166666666666667,10.0,4.0,3.0,1.3447,1.3561,0.0,0.0,1.52172,1.52229
2021-04-04,Man United,Brighton,1.73474,1.41071,0.4341,0.3034,0.2625,1.73474,1.41071,9.392857142857142,12.857142857142858,11.0,4.0,1.6057000000000001,1.0909,0.0,0.0,1.41071,1.73474
2021-04-05,Everton,Crystal Palace,2.53386,0.603749,0.8213,0.1246,0.0541,2.53386,0.603749,12.5,14.823529411764707,10.0,12.0,2.5885000000000002,0.2869,0.0,0.0,0.603749,2.53386
2021-04-05,Wolves,West Ham,1.95649,1.59694,0.4676,0.2413,0.2911,1.95649,1.59694,7.55,20.05263157894737,4.0,4.0,1.6441000000000001,1.1146,0.0,0.0,1.59694,1.95649
2021-04-09,Fulham,Wolves,0.733154,0.428134,0.4003,0.4043,0.1954,0.733154,0.428134,11.64,20.615384615384617,12.0,1.0,1.6052,0.9904999999999999,0.0,0.0,0.428134,0.733154
2021-04-10,Crystal Palace,Chelsea,0.602167,3.85472,0.004,0.0373,0.9587,0.602167,3.85472,22.25,8.466666666666667,0.0,7.0,0.0493,2.9134,0.0,0.0,3.85472,0.602167
2021-04-10,Liverpool,Aston Villa,2.14592,0.760621,0.7214,0.1886,0.09,2.14592,0.760621,5.6521739130434785,10.096774193548388,13.0,6.0,2.3528000000000002,0.4586,0.0,0.0,0.760621,2.14592
2021-04-10,Man City,Leeds,1.98825,0.17525,0.842,0.1385,0.0195,1.98825,0.17525,4.962962962962963,12.722222222222221,15.0,3.0,2.6645,0.197,0.0,0.0,0.17525,1.98825
2021-04-11,Burnley,Newcastle,1.84262,1.34279,0.4886,0.259,0.2524,1.84262,1.34279,9.11111111111111,14.153846153846153,13.0,3.0,1.7248,1.0162,0.0,0.0,1.34279,1.84262
2021-04-11,West Ham,Leicester,1.02408,1.17188,0.302,0.3279,0.3701,1.02408,1.17188,25.214285714285715,6.838709677419355,4.0,7.0,1.2339,1.4382000000000001,0.0,0.0,1.17188,1.02408
2021-04-11,Tottenham,Man United,0.921801,2.09737,0.0924,0.1919,0.7157,0.921801,2.09737,8.433333333333334,8.030303030303031,5.0,8.0,0.46909999999999996,2.339,0.0,0.0,2.09737,0.921801
2021-04-11,Sheffield United,Arsenal,0.315121,1.93838,0.032,0.1343,0.8337,0.315121,1.93838,21.941176470588236,22.923076923076923,3.0,10.0,0.2303,2.6354,0.0,0.0,1.93838,0.315121
2021-04-12,West Brom,Southampton,2.77089,1.5002,0.6857,0.1872,0.1271,2.00972,0.739026,7.666666666666667,5.0,12.0,9.0,2.2443,0.5685,0.0,0.0,1.5002,2.77089
2021-04-12,Brighton,Everton,1.16465,0.306287,0.5916,0.3146,0.0938,1.16465,0.306287,8.5,19.785714285714285,11.0,3.0,2.0894,0.596,0.0,0.0,0.306287,1.16465
2021-04-16,Everton,Tottenham,2.26022,1.4815,0.5766,0.2344,0.189,1.49905,1.4815,10.695652173913043,15.61111111111111,6.0,2.0,1.9642,0.8013999999999999,0.0,0.0,1.4815,2.26022
2021-04-17,Newcastle,West Ham,2.4314,2.06741,0.4656,0.2547,0.2797,2.4314,1.30624,19.0625,9.6875,1.0,3.0,1.6515,1.0937999999999999,0.0,0.0,2.06741,2.4314
2021-04-17,Wolves,Sheffield United,1.22604,0.295925,0.682,0.2514,0.0666,1.22604,0.295925,36.857142857142854,10.310344827586206,3.0,5.0,2.2974,0.45120000000000005,0.0,0.0,0.295925,1.22604
2021-04-18,Man United,Burnley,2.87455,0.959804,0.8479,0.1129,0.0392,2.87455,0.959804,9.75,13.818181818181818,13.0,5.0,2.6566,0.23049999999999998,0.0,0.0,0.959804,2.87455
2021-04-18,Arsenal,Fulham,2.85573,0.839128,0.8755,0.1066,0.0179,2.85573,0.0779587,6.916666666666667,16.6,10.0,3.0,2.7331,0.1603,0.0,0.0,0.839128,2.85573
2021-04-19,Leeds,Liverpool,2.59719,1.60043,0.6186,0.193,0.1884,2.59719,1.60043,9.222222222222221,12.142857142857142,10.0,13.0,2.0488,0.7582,0.0,0.0,1.60043,2.59719
2021-04-20,Chelsea,Brighton,0.807348,0.459568,0.4424,0.3754,0.1822,0.807348,0.459568,12.470588235294118,15.121212121212121,4.0,6.0,1.7026,0.9219999999999999,0.0,0.0,0.459568,0.807348
2021-04-21,Tottenham,Southampton,1.28824,1.06134,0.3738,0.3948,0.2314,0.527071,1.06134,7.206896551724138,18.8,11.0,2.0,1.5162,1.089,0.0,0.0,1.06134,1.28824
2021-04-21,Aston Villa,Man City,0.801733,1.5634,0.1609,0.2592,0.5799,0.801733,1.5634,25.142857142857142,15.0,4.0,17.0,0.7419,1.9989,0.0,0.0,1.5634,0.801733
2021-04-22,Leicester,West Brom,2.6712,0.277126,0.9217,0.0646,0.0137,2.6712,0.277126,4.75,20.36842105263158,9.0,4.0,2.8297,0.1057,0.0,0.0,0.277126,2.6712
2021-04-23,Arsenal,Everton,0.735767,0.529676,0.3705,0.4035,0.226,0.735767,0.529676,15.0,19.72222222222222,8.0,3.0,1.515,1.0815000000000001,0.0,0.0,0.529676,0.735767
2021-04-24,Liverpool,Newcastle,2.84708,0.860694,0.8163,0.1263,0.0574,2.84708,0.860694,6.757575757575758,37.5,11.0,5.0,2.5752,0.2985,0.0,0.0,0.860694,2.84708
2021-04-24,Sheffield United,Brighton,0.786324,2.06038,0.0692,0.1939,0.7369,0.786324,2.06038,12.32258064516129,6.15,4.0,10.0,0.40149999999999997,2.4046000000000003,0.0,0.0,2.06038,0.786324
2021-04-24,West Ham,Chelsea,0.267123,2.52059,0.0114,0.0683,0.9203,0.267123,2.52059,12.2,10.944444444444445,1.0,7.0,0.10250000000000001,2.8291999999999997,0.0,0.0,2.52059,0.267123
2021-04-25,Aston Villa,West Brom,2.65394,1.56764,0.6499,0.209,0.1411,1.89277,0.806474,4.944444444444445,16.142857142857142,11.0,3.0,2.1587,0.6323,0.0,0.0,1.56764,2.65394
2021-04-25,Leeds,Man United,0.216834,1.11635,0.0668,0.3229,0.6103,0.216834,1.11635,10.44,7.090909090909091,2.0,12.0,0.5233,2.1538,0.0,0.0,1.11635,0.216834
2021-04-25,Wolves,Burnley,0.351673,2.24049,0.022,0.0914,0.8866,0.351673,2.24049,8.058823529411764,11.541666666666666,0.0,3.0,0.15739999999999998,2.7512000000000003,0.0,0.0,2.24049,0.351673
2021-04-26,Leicester,Crystal Palace,1.23419,0.723112,0.4787,0.3373,0.184,1.23419,0.723112,4.481481481481482,17.529411764705884,12.0,1.0,1.7734,0.8893,0.0,0.0,0.723112,1.23419
2021-04-30,Southampton,Leicester,0.954057,2.51518,0.0622,0.1703,0.7675,0.192888,2.51518,21.75,3.9714285714285715,2.0,8.0,0.3569,2.4728,0.0,0.0,2.51518,0.954057
2021-05-01,Crystal Palace,Man City,0.361866,2.04443,0.0363,0.1388,0.8249,0.361866,2.04443,21.157894736842106,5.423076923076923,3.0,8.0,0.2477,2.6134999999999997,0.0,0.0,2.04443,0.361866
2021-05-01,Brighton,Leeds,2.52542,0.510874,0.8643,0.1069,0.0288,1.76428,0.510874,8.689655172413794,14.071428571428571,10.0,2.0,2.6997999999999998,0.1933,0.0,0.0,0.510874,2.52542
2021-05-01,Chelsea,Fulham,1.8433,0.290042,0.8231,0.1413,0.0356,1.8433,0.290042,11.48,12.347826086956522,10.0,9.0,2.6106000000000003,0.24810000000000001,0.0,0.0,0.290042,1.8433
2021-05-01,Everton,Aston Villa,1.223,1.58811,0.2579,0.2757,0.4664,1.223,1.58811,15.941176470588236,10.863636363636363,8.0,6.0,1.0494,1.6749,0.0,0.0,1.58811,1.223
2021-05-02,Tottenham,Sheffield United,2.26016,0.469026,0.8305,0.127,0.0425,2.26016,0.469026,7.695652173913044,30.875,7.0,6.0,2.6185,0.2545,0.0,0.0,0.469026,2.26016
2021-05-02,Newcastle,Arsenal,0.172988,1.78751,0.0241,0.1411,0.8348,0.172988,1.78751,29.09090909090909,12.9,0.0,7.0,0.2134,2.6455,0.0,0.0,1.78751,0.172988
2021-05-03,West Brom,Wolves,1.07133,0.844138,0.4226,0.3202,0.2572,1.07133,0.844138,8.96,8.15,5.0,8.0,1.5879999999999999,1.0917999999999999,0.0,0.0,0.844138,1.07133
2021-05-03,Burnley,West Ham,1.68312,2.42477,0.2109,0.2441,0.545,0.921949,2.42477,14.764705882352942,10.9375,4.0,7.0,0.8768,1.8791000000000002,0.0,0.0,2.42477,1.68312
2021-05-07,Leicester,Newcastle,2.315,2.87261,0.2655,0.2085,0.526,2.315,2.87261,4.793103448275862,16.27777777777778,9.0,3.0,1.005,1.7865,0.0,0.0,2.87261,2.315
2021-05-08,Liverpool,Southampton,2.26367,1.2289,0.6337,0.2173,0.149,2.26367,1.2289,11.0,20.3125,10.0,5.0,2.1184,0.6642999999999999,0.0,0.0,1.2289,2.26367
2021-05-08,Leeds,Tottenham,2.55216,1.03384,0.7578,0.1565,0.0857,2.55216,1.03384,5.2894736842105265,8.814814814814815,12.0,5.0,2.4299,0.41359999999999997,0.0,0.0,1.03384,2.55216
2021-05-08,Sheffield United,Crystal Palace,0.639325,2.25382,0.07,0.1595,0.7705,0.639325,2.25382,7.551724137931035,15.0,2.0,10.0,0.36950000000000005,2.4709999999999996,0.0,0.0,2.25382,0.639325
2021-05-08,Man City,Chelsea,1.79168,0.619724,0.7182,0.2005,0.0813,1.03051,0.619724,13.107142857142858,18.3,10.0,8.0,2.3550999999999997,0.4444,0.0,0.0,0.619724,1.79168
2021-05-09,Arsenal,West Brom,1.07042,1.83076,0.1771,0.242,0.5809,1.07042,1.83076,9.933333333333334,16.7,6.0,2.0,0.7733,1.9847,0.0,0.0,1.83076,1.07042
2021-05-09,West Ham,Everton,1.09704,1.56222,0.2139,0.3101,0.476,1.09704,1.56222,6.37037037037037,15.272727272727273,7.0,6.0,0.9518,1.7381,0.0,0.0,1.56222,1.09704
2021-05-09,Wolves,Brighton,1.1199,0.27571,0.6073,0.3084,0.0843,1.1199,0.27571,9.19047619047619,12.227272727272727,9.0,9.0,2.1303,0.5613,0.0,0.0,0.27571,1.1199
2021-05-09,Aston Villa,Man United,0.565472,1.88793,0.0706,0.1774,0.752,0.565472,1.1268,12.608695652173912,9.28,8.0,14.0,0.3892,2.4334000000000002,0.0,0.0,1.88793,0.565472
2021-05-10,Fulham,Burnley,0.778074,1.65831,0.1531,0.2403,0.6066,0.778074,1.65831,3.5238095238095237,10.4,14.0,11.0,0.6996,2.0601000000000003,0.0,0.0,1.65831,0.778074
2021-05-11,Man United,Leicester,0.212874,0.991522,0.0739,0.3307,0.5954,0.212874,0.991522,20.46153846153846,11.96551724137931,2.0,2.0,0.5524,2.1169000000000002,0.0,0.0,0.991522,0.212874
2021-05-11,Southampton,Crystal Palace,1.58872,1.32586,0.4176,0.3071,0.2753,1.58872,0.56469,5.565217391304348,12.310344827586206,5.0,8.0,1.5599,1.133,0.0,0.0,1.32586,1.58872
2021-05-12,Chelsea,Arsenal,1.56786,0.692043,0.5977,0.2762,0.1261,1.56786,0.692043,20.272727272727273,19.88888888888889,14.0,3.0,2.0693,0.6545,0.0,0.0,0.692043,1.56786
2021-05-13,Man United,Liverpool,1.71328,2.938,0.1547,0.173,0.6723,1.71328,2.938,12.8,9.862068965517242,8.0,6.0,0.6371,2.1899,0.0,0.0,2.938,1.71328
2021-05-13,Aston Villa,Everton,0.558976,0.975408,0.2001,0.3438,0.4561,0.558976,0.975408,16.5,14.904761904761905,5.0,8.0,0.9441,1.7121,0.0,0.0,0.975408,0.558976
2021-05-14,Newcastle,Man City,2.18312,1.477,0.5786,0.2559,0.1655,0.489363,1.477,47.55555555555556,2.914285714285714,2.0,13.0,1.9917,0.7524000000000001,0.0,0.0,1.477,2.18312
2021-05-15,Brighton,West Ham,0.922587,1.92378,0.1388,0.2215,0.6397,0.922587,1.92378,13.6,18.57894736842105,10.0,10.0,0.6379,2.1406,0.0,0.0,1.92378,0.922587
2021-05-15,Burnley,Leeds,1.41338,1.85654,0.2605,0.2571,0.4824,1.41338,1.85654,12.0,13.142857142857142,13.0,9.0,1.0386000000000002,1.7043,0.0,0.0,1.85654,1.41338
2021-05-15,Southampton,Fulham,2.29146,0.875957,0.7254,0.1717,0.1029,2.29146,0.875957,12.7,10.0,7.0,8.0,2.3479,0.48040000000000005,0.0,0.0,0.875957,2.29146
2021-05-16,Everton,Sheffield United,1.24609,1.391,0.2805,0.3451,0.3744,1.24609,1.391,9.65,14.428571428571429,12.0,5.0,1.1866,1.4683,0.0,0.0,1.391,1.24609
2021-05-16,Crystal Palace,Aston Villa,1.95285,1.2303,0.5805,0.2413,0.1782,1.95285,1.2303,7.038461538461538,7.823529411764706,9.0,13.0,1.9828000000000001,0.7758999999999999,0.0,0.0,1.2303,1.95285
2021-05-16,Tottenham,Wolves,3.13947,1.09206,0.8344,0.1112,0.0544,3.13947,1.09206,11.555555555555555,18.45,7.0,5.0,2.6144000000000003,0.2744,0.0,0.0,1.09206,3.13947
2021-05-16,West Brom,Liverpool,1.14202,2.07854,0.1776,0.2271,0.5953,1.14202,2.07854,21.857142857142858,4.052631578947368,3.0,20.0,0.7599,2.0130000000000003,0.0,0.0,2.07854,1.14202
2021-05-18,Southampton,Leeds,1.3084,1.58132,0.2758,0.2938,0.4304,1.3084,1.58132,7.193548387096774,6.193548387096774,8.0,7.0,1.1212,1.585,0.0,0.0,1.58132,1.3084
2021-05-18,Brighton,Man City,1.22824,1.07139,0.3705,0.3206,0.3089,1.22824,1.07139,7.392857142857143,18.3,14.0,1.0,1.4321,1.2473,0.0,0.0,1.07139,1.22824
2021-05-18,Man United,Fulham,0.92243,0.872643,0.3388,0.3338,0.3274,0.92243,0.872643,11.24,11.148148148148149,6.0,2.0,1.3502,1.316,0.0,0.0,0.872643,0.92243
2021-05-18,Chelsea,Leicester,2.86149,0.832596,0.8552,0.1094,0.0354,2.10032,0.832596,6.964285714285714,10.966666666666667,11.0,5.0,2.675,0.2156,0.0,0.0,0.832596,2.86149
2021-05-19,Burnley,Liverpool,0.837048,2.73316,0.0603,0.1284,0.8113,0.837048,2.73316,11.64,13.153846153846153,11.0,13.0,0.3093,2.5623,0.0,0.0,2.73316,0.837048
2021-05-19,Crystal Palace,Arsenal,0.998377,1.7945,0.1501,0.2421,0.6078,0.998377,1.7945,16.05263157894737,9.846153846153847,6.0,7.0,0.6924,2.0655,0.0,0.0,1.7945,0.998377
2021-05-19,West Brom,West Ham,1.10741,3.56991,0.0175,0.0659,0.9166,1.10741,2.80874,8.823529411764707,9.352941176470589,6.0,9.0,0.1184,2.8157,0.0,0.0,3.56991,1.10741
2021-05-19,Newcastle,Sheffield United,1.82508,0.882242,0.6308,0.2284,0.1408,1.82508,0.882242,19.2,18.58823529411765,3.0,5.0,2.1208,0.6508,0.0,0.0,0.882242,1.82508
2021-05-19,Everton,Wolves,0.670997,0.265526,0.4117,0.4584,0.1299,0.670997,0.265526,11.555555555555555,8.869565217391305,4.0,1.0,1.6935,0.8480999999999999,0.0,0.0,0.265526,0.670997
2021-05-19,Tottenham,Aston Villa,0.89279,1.63669,0.1764,0.26,0.5636,0.89279,1.63669,9.0,10.133333333333333,11.0,10.0,0.7892,1.9507999999999999,0.0,0.0,1.63669,0.89279
2021-05-23,West Ham,Southampton,1.98344,1.35179,0.5303,0.2337,0.236,1.98344,1.35179,17.764705882352942,6.166666666666667,2.0,10.0,1.8246,0.9417,0.0,0.0,1.35179,1.98344
2021-05-23,Aston Villa,Chelsea,0.980413,3.43414,0.0296,0.0819,0.8885,0.219244,3.43414,18.375,6.333333333333333,5.0,19.0,0.17070000000000002,2.7474,0.0,0.0,3.43414,0.980413
2021-05-23,Sheffield United,Burnley,0.420006,0.558508,0.2153,0.467,0.3177,0.420006,0.558508,8.653846153846153,9.352941176470589,4.0,10.0,1.1129,1.4201,0.0,0.0,0.558508,0.420006
2021-05-23,Wolves,Man United,0.701256,2.05229,0.0767,0.1725,0.7508,0.701256,1.29112,8.25,29.181818181818183,5.0,6.0,0.4026,2.4249,0.0,0.0,2.05229,0.701256
2021-05-23,Man City,Everton,2.88355,1.07258,0.7906,0.1483,0.0611,2.88355,0.297804,10.0,19.115384615384617,9.0,3.0,2.5201,0.3316,0.0,0.0,1.07258,2.88355
2021-05-23,Arsenal,Brighton,0.772904,0.193968,0.4749,0.4374,0.0877,0.772904,0.193968,17.333333333333332,18.941176470588236,13.0,4.0,1.8621,0.7005,0.0,0.0,0.193968,0.772904
2021-05-23,Leicester,Tottenham,1.82554,1.85229,0.3328,0.3403,0.3269,0.3032,1.85229,10.88888888888889,13.333333333333334,2.0,6.0,1.3387,1.3210000000000002,0.0,0.0,1.85229,1.82554
2021-05-23,Fulham,Newcastle,0.98902,1.60157,0.177,0.2746,0.5484,0.98902,0.840404,8.91304347826087,40.875,5.0,3.0,0.8055999999999999,1.9198,0.0,0.0,1.60157,0.98902
2021-05-23,Liverpool,Crystal Palace,2.20348,0.772317,0.7516,0.173,0.0754,2.20348,0.772317,5.391304347826087,16.75,17.0,1.0,2.4278000000000004,0.3992,0.0,0.0,0.772317,2.20348
2021-05-23,Leeds,West Brom,2.49009,1.02209,0.7524,0.1582,0.0894,1.72892,1.02209,4.269230769230769,14.0,9.0,8.0,2.4154,0.4264,0.0,0.0,1.02209,2.49009
2021-08-13,Brentford,Arsenal,1.88818,1.02385,0.6289,0.2287,0.1424,1.88818,1.02385,16.11111111111111,5.7727272727272725,7.0,10.0,2.1154,0.6559,0.0,0.0,1.02385,1.88818
2021-08-14,Man United,Leeds,1.64248,0.568342,0.6618,0.2327,0.1055,1.64248,0.568342,12.590909090909092,7.242424242424242,8.0,3.0,2.2181,0.5492,0.0,0.0,0.568342,1.64248
2021-08-14,Burnley,Brighton,1.79548,1.6853,0.3894,0.2877,0.3229,1.79548,1.6853,17.88888888888889,7.933333333333334,3.0,7.0,1.4559000000000002,1.2564000000000002,0.0,0.0,1.6853,1.79548
2021-08-14,Chelsea,Crystal Palace,1.18709,0.321701,0.6405,0.2822,0.0773,1.18709,0.321701,6.595238095238095,71.0,14.0,3.0,2.2037,0.5141,0.0,0.0,0.321701,1.18709
2021-08-14,Everton,Southampton,2.38863,0.580601,0.8359,0.1234,0.0407,2.38863,0.580601,6.869565217391305,5.592592592592593,4.0,6.0,2.6311,0.2455,0.0,0.0,0.580601,2.38863
2021-08-14,Leicester,Wolves,0.668082,1.32714,0.1683,0.275,0.5567,0.668082,1.32714,11.5,20.263157894736842,6.0,7.0,0.7799,1.9451,0.0,0.0,1.32714,0.668082
2021-08-14,Watford,Aston Villa,1.35036,1.13718,0.3877,0.3205,0.2918,1.35036,0.376011,14.428571428571429,6.5,4.0,6.0,1.4836,1.1959,0.0,0.0,1.13718,1.35036
2021-08-14,Norwich,Liverpool,1.3333,1.78728,0.2578,0.2601,0.4821,1.3333,1.78728,25.666666666666668,11.580645161290322,3.0,13.0,1.0334999999999999,1.7064,0.0,0.0,1.78728,1.3333
2021-08-15,Newcastle,West Ham,1.67926,3.00939,0.1222,0.1825,0.6953,1.67926,2.09241,24.5,11.619047619047619,5.0,10.0,0.5491,2.2684,0.0,0.0,3.00939,1.67926
2021-08-15,Tottenham,Man City,1.06014,2.10585,0.143,0.2222,0.6348,1.06014,2.10585,17.294117647058822,6.136363636363637,5.0,8.0,0.6512,2.1266000000000003,0.0,0.0,2.10585,1.06014
2021-08-21,Brighton,Watford,1.77896,0.407224,0.7795,0.1682,0.0523,1.77896,0.407224,12.666666666666666,25.866666666666667,7.0,6.0,2.5067,0.32509999999999994,0.0,0.0,0.407224,1.77896
2021-08-21,Leeds,Everton,0.966093,1.85713,0.1373,0.232,0.6307,0.966093,1.09596,5.428571428571429,17.0,4.0,6.0,0.6439,2.1241000000000003,0.0,0.0,1.85713,0.966093
2021-08-21,Crystal Palace,Brentford,0.606313,0.712439,0.2744,0.3907,0.3349,0.606313,0.712439,9.2,8.172413793103448,5.0,6.0,1.2139,1.3954,0.0,0.0,0.712439,0.606313
2021-08-21,Liverpool,Burnley,2.63945,0.690464,0.8118,0.1329,0.0553,2.63945,0.690464,7.0,12.727272727272727,8.0,3.0,2.5683,0.29879999999999995,0.0,0.0,0.690464,2.63945
2021-08-21,Man City,Norwich,2.43928,0.0250088,0.9626,0.0367,0.0007,2.43928,0.0250088,7.617647058823529,27.583333333333332,16.0,0.0,2.9245,0.0388,0.0,0.0,0.0250088,2.43928
2021-08-21,Aston Villa,Newcastle,1.18426,0.63163,0.5426,0.3163,0.1411,0.423091,0.63163,14.428571428571429,8.823529411764707,5.0,4.0,1.9441,0.7396,0.0,0.0,0.63163,1.18426
2021-08-22,Southampton,Man United,0.587526,2.26173,0.0446,0.1431,0.8123,0.587526,2.26173,8.870967741935484,9.066666666666666,3.0,11.0,0.27690000000000003,2.58,0.0,0.0,2.26173,0.587526
2021-08-22,Wolves,Tottenham,1.51127,1.72636,0.2871,0.276,0.4369,1.51127,0.965189,7.37037037037037,13.764705882352942,9.0,6.0,1.1373000000000002,1.5867,0.0,0.0,1.72636,1.51127
2021-08-22,Arsenal,Chelsea,0.630099,3.64132,0.0088,0.0395,0.9517,0.630099,3.64132,16.347826086956523,10.4,3.0,19.0,0.0659,2.8946,0.0,0.0,3.64132,0.630099
2021-08-23,West Ham,Leicester,2.28613,0.62676,0.7776,0.1655,0.0569,2.28613,0.62676,23.357142857142858,12.909090909090908,5.0,5.0,2.4983,0.3362,0.0,0.0,0.62676,2.28613
2021-08-28,West Ham,Crystal Palace,1.44748,1.67658,0.2841,0.2824,0.4335,1.44748,1.67658,11.185185185185185,8.894736842105264,11.0,6.0,1.1347,1.5829,0.0,0.0,1.67658,1.44748
2021-08-28,Liverpool,Chelsea,2.08462,0.573638,0.7743,0.1646,0.0611,1.32345,0.573638,7.275862068965517,28.09090909090909,6.0,4.0,2.4875,0.3479,0.0,0.0,0.573638,2.08462
2021-08-28,Brighton,Everton,0.701622,1.54868,0.1307,0.2493,0.62,0.701622,0.787544,7.0,14.25925925925926,9.0,3.0,0.6414,2.1092999999999997,0.0,0.0,1.54868,0.701622
2021-08-28,Newcastle,Southampton,1.19077,3.46036,0.0173,0.0763,0.9064,1.19077,2.69919,9.75,7.705882352941177,6.0,10.0,0.1282,2.7954999999999997,0.0,0.0,3.46036,1.19077
2021-08-28,Norwich,Leicester,1.44084,1.27371,0.3977,0.309,0.2933,0.679671,1.27371,10.96,8.772727272727273,2.0,3.0,1.5021,1.1889,0.0,0.0,1.27371,1.44084
2021-08-28,Man City,Arsenal,4.47273,0.116805,0.9943,0.0054,0.0003,4.47273,0.116805,5.055555555555555,52.142857142857146,14.0,0.0,2.9882999999999997,0.0063,0.0,0.0,0.116805,4.47273
2021-08-28,Aston Villa,Brentford,0.431464,1.13312,0.1214,0.3143,0.5643,0.431464,1.13312,13.2,8.291666666666666,2.0,8.0,0.6785,2.0072,0.0,0.0,1.13312,0.431464
2021-08-29,Burnley,Leeds,1.71102,1.52078,0.3969,0.3278,0.2753,1.71102,1.52078,14.416666666666666,8.133333333333333,2.0,9.0,1.5185,1.1537,0.0,0.0,1.52078,1.71102
2021-08-29,Tottenham,Watford,0.920963,0.596016,0.4144,0.361,0.2246,0.920963,0.596016,11.523809523809524,19.25,16.0,4.0,1.6041999999999998,1.0348,0.0,0.0,0.596016,0.920963
2021-08-29,Wolves,Man United,1.79575,0.944083,0.6025,0.267,0.1305,1.79575,0.944083,24.642857142857142,9.153846153846153,6.0,8.0,2.0745,0.6585000000000001,0.0,0.0,0.944083,1.79575
2021-09-11,Chelsea,Aston Villa,1.22153,1.17349,0.3501,0.3138,0.3361,1.22153,1.17349,9.894736842105264,9.870967741935484,3.0,6.0,1.3641,1.3221,0.0,0.0,1.17349,1.22153
2021-09-11,Watford,Wolves,0.185407,2.55922,0.0034,0.033,0.9636,0.185407,2.55922,14.047619047619047,7.225806451612903,3.0,7.0,0.0432,2.9238,0.0,0.0,2.55922,0.185407
2021-09-11,Southampton,West Ham,0.692135,0.725407,0.306,0.3717,0.3223,0.692135,0.725407,23.916666666666668,7.7,4.0,1.0,1.2896999999999998,1.3385999999999998,0.0,0.0,0.725407,0.692135
2021-09-11,Man United,Newcastle,2.77326,0.622042,0.8917,0.0845,0.0238,2.77326,0.622042,8.583333333333334,36.42857142857143,11.0,1.0,2.7596,0.1559,0.0,0.0,0.622042,2.77326
2021-09-11,Leicester,Man City,0.8001,2.75058,0.0524,0.1247,0.8229,0.8001,2.75058,77.75,9.461538461538462,6.0,14.0,0.28190000000000004,2.5934,0.0,0.0,2.75058,0.8001
2021-09-11,Arsenal,Norwich,2.68515,0.577292,0.8611,0.1008,0.0381,2.68515,0.577292,12.5,19.363636363636363,13.0,5.0,2.6841,0.2151,0.0,0.0,0.577292,2.68515
2021-09-11,Crystal Palace,Tottenham,2.89372,0.0775646,0.9872,0.012,0.0008,2.13255,0.0775646,6.035714285714286,12.761904761904763,7.0,1.0,2.9736,0.0144,0.0,0.0,0.0775646,2.89372
2021-09-11,Brentford,Brighton,0.729786,0.287902,0.4446,0.4316,0.1238,0.729786,0.287902,10.125,6.615384615384615,3.0,6.0,1.7654,0.8029999999999999,0.0,0.0,0.287902,0.729786
2021-09-12,Leeds,Liverpool,0.652514,4.4016,0.0071,0.024,0.9689,0.652514,4.4016,38.0,16.8,8.0,15.0,0.0453,2.9307,0.0,0.0,4.4016,0.652514
2021-09-13,Everton,Burnley,1.80386,1.82061,0.3516,0.2706,0.3778,1.80386,1.82061,11.9375,10.85,7.0,4.0,1.3254000000000001,1.404,0.0,0.0,1.82061,1.80386
2021-09-17,Newcastle,Leeds,1.17668,1.42995,0.2984,0.2732,0.4284,1.17668,1.42995,16.9,5.538461538461538,10.0,13.0,1.1684,1.5584000000000002,0.0,0.0,1.42995,1.17668
2021-09-18,Man City,Southampton,1.22451,0.490923,0.5597,0.297,0.1433,1.22451,0.490923,11.533333333333333,16.5,6.0,6.0,1.9761,0.7269000000000001,0.0,0.0,0.490923,1.22451
2021-09-18,Aston Villa,Everton,0.777716,0.755035,0.3236,0.365,0.3114,0.777716,0.755035,8.222222222222221,11.882352941176471,5.0,2.0,1.3357999999999999,1.2992,0.0,0.0,0.755035,0.777716
2021-09-18,Liverpool,Crystal Palace,2.76793,0.644168,0.8783,0.088,0.0337,2.76793,0.644168,5.166666666666667,20.333333333333332,8.0,8.0,2.7229,0.1891,0.0,0.0,0.644168,2.76793
2021-09-18,Burnley,Arsenal,0.775574,1.09928,0.2331,0.3205,0.4464,0.775574,1.09928,12.695652173913043,10.823529411764707,9.0,7.0,1.0198,1.6597,0.0,0.0,1.09928,0.775574
2021-09-18,Norwich,Watford,0.782665,2.42487,0.068,0.1477,0.7843,0.782665,2.42487,8.074074074074074,10.4,12.0,7.0,0.3517,2.5006,0.0,0.0,2.42487,0.782665
2021-09-18,Wolves,Brentford,1.02316,2.32741,0.0763,0.1796,0.7441,1.02316,1.56627,12.571428571428571,10.782608695652174,4.0,3.0,0.40850000000000003,2.4119,0.0,0.0,2.32741,1.02316
2021-09-19,Brighton,Leicester,1.47438,1.25373,0.4099,0.3102,0.2799,0.71321,1.25373,13.761904761904763,8.857142857142858,6.0,12.0,1.5399,1.1499,0.0,0.0,1.25373,1.47438
2021-09-19,West Ham,Man United,1.6671,1.8954,0.2947,0.3001,0.4052,0.905935,1.8954,16.8,12.555555555555555,7.0,7.0,1.1842000000000001,1.5157,0.0,0.0,1.8954,1.6671
2021-09-19,Tottenham,Chelsea,0.70567,2.5869,0.0491,0.1287,0.8222,0.70567,2.5869,14.9,9.3125,0.0,15.0,0.276,2.5953,0.0,0.0,2.5869,0.70567
2021-09-25,Leicester,Burnley,2.16233,0.428866,0.8072,0.1483,0.0445,2.16233,0.428866,9.076923076923077,14.08695652173913,17.0,9.0,2.5699,0.2818,0.0,0.0,0.428866,2.16233
2021-09-25,Leeds,West Ham,1.1967,1.98962,0.1991,0.2264,0.5745,1.1967,1.98962,13.642857142857142,20.333333333333332,8.0,5.0,0.8236999999999999,1.9499,0.0,0.0,1.98962,1.1967
2021-09-25,Everton,Norwich,2.26681,0.800903,0.7957,0.1591,0.0452,1.50564,0.800903,10.607142857142858,14.0,6.0,4.0,2.5462,0.29469999999999996,0.0,0.0,0.800903,2.26681
2021-09-25,Brentford,Liverpool,2.94058,2.25736,0.552,0.2087,0.2393,2.94058,2.25736,23.7,6.705882352941177,4.0,12.0,1.8647,0.9266,0.0,0.0,2.25736,2.94058
2021-09-25,Man United,Aston Villa,1.9251,1.57249,0.4531,0.2656,0.2813,1.16393,1.57249,6.277777777777778,9.409090909090908,5.0,6.0,1.6249,1.1095,0.0,0.0,1.57249,1.9251
2021-09-25,Chelsea,Man City,0.194202,1.69244,0.0287,0.1742,0.7971,0.194202,1.69244,21.4375,9.133333333333333,4.0,9.0,0.2603,2.5655,0.0,0.0,1.69244,0.194202
2021-09-25,Watford,Newcastle,0.904061,2.52338,0.0863,0.1454,0.7683,0.904061,2.52338,5.379310344827586,8.0,3.0,4.0,0.4043,2.4503,0.0,0.0,2.52338,0.904061
2021-09-26,Southampton,Wolves,0.909342,0.909833,0.3238,0.3319,0.3443,0.909342,0.909833,8.363636363636363,32.375,7.0,3.0,1.3033,1.3647999999999998,0.0,0.0,0.909833,0.909342
2021-09-26,Arsenal,Tottenham,1.44499,0.980166,0.4985,0.2844,0.2171,1.44499,0.980166,16.4,12.5,5.0,2.0,1.7799,0.9357,0.0,0.0,0.980166,1.44499
2021-09-27,Crystal Palace,Brighton,1.36836,0.649566,0.5996,0.2765,0.1239,0.607196,0.649566,17.38095238095238,11.043478260869565,4.0,5.0,2.0753,0.6482,0.0,0.0,0.649566,1.36836
2021-10-02,Man United,Everton,1.0496,1.32211,0.2749,0.2983,0.4268,1.0496,1.32211,8.133333333333333,19.8125,12.0,2.0,1.123,1.5787,0.0,0.0,1.32211,1.0496
2021-10-02,Burnley,Norwich,0.584725,0.673617,0.2597,0.406,0.3343,0.584725,0.673617,7.6923076923076925,16.166666666666668,6.0,9.0,1.1850999999999998,1.4089,0.0,0.0,0.673617,0.584725
2021-10-02,Chelsea,Southampton,3.79243,1.52634,0.8747,0.096,0.0293,3.79243,0.765173,7.291666666666667,9.472222222222221,12.0,4.0,2.7201000000000004,0.1839,0.0,0.0,1.52634,3.79243
2021-10-02,Leeds,Watford,1.57388,0.192794,0.775,0.1878,0.0372,1.57388,0.192794,6.75,13.857142857142858,9.0,4.0,2.5128000000000004,0.2994,0.0,0.0,0.192794,1.57388
2021-10-02,Wolves,Newcastle,1.15849,0.865217,0.4258,0.3526,0.2216,1.15849,0.865217,10.666666666666666,13.142857142857142,3.0,1.0,1.6300000000000001,1.0173999999999999,0.0,0.0,0.865217,1.15849
2021-10-02,Brighton,Arsenal,1.11551,0.36431,0.5517,0.3319,0.1164,1.11551,0.36431,8.75,30.125,9.0,7.0,1.987,0.6811,0.0,0.0,0.36431,1.11551
2021-10-03,Liverpool,Man City,0.949368,1.04319,0.3183,0.3225,0.3592,0.949368,1.04319,10.483870967741936,29.3,7.0,11.0,1.2774,1.4001000000000001,0.0,0.0,1.04319,0.949368
2021-10-03,West Ham,Brentford,1.37258,1.30098,0.3646,0.291,0.3444,1.37258,1.30098,6.0,13.428571428571429,8.0,1.0,1.3847999999999998,1.3241999999999998,0.0,0.0,1.30098,1.37258
2021-10-03,Crystal Palace,Leicester,1.1703,1.04322,0.369,0.3054,0.3256,1.1703,1.04322,6.8,9.323529411764707,13.0,1.0,1.4123999999999999,1.2822,0.0,0.0,1.04322,1.1703
2021-10-03,Tottenham,Aston Villa,1.78187,1.07395,0.5459,0.2622,0.1919,1.78187,1.07395,7.85,7.2727272727272725,11.0,11.0,1.8999000000000001,0.8379,0.0,0.0,1.07395,1.78187
2021-10-16,Watford,Liverpool,0.302302,3.65553,0.0022,0.0123,0.9855,0.302302,3.65553,45.09090909090909,4.88,5.0,10.0,0.0189,2.9688000000000003,0.0,0.0,3.65553,0.302302
2021-10-16,Aston Villa,Wolves,1.21276,2.19633,0.1447,0.2184,0.6369,1.21276,2.19633,12.6875,9.115384615384615,7.0,10.0,0.6525,2.1291,0.0,0.0,2.19633,1.21276
2021-10-16,Leicester,Man United,2.96611,1.02494,0.8373,0.1119,0.0508,2.96611,1.02494,13.285714285714286,12.346153846153847,10.0,4.0,2.6238,0.2643,0.0,0.0,1.02494,2.96611
2021-10-16,Man City,Burnley,2.15712,1.07719,0.6665,0.2235,0.11,2.15712,1.07719,8.529411764705882,23.466666666666665,18.0,6.0,2.223,0.5535,0.0,0.0,1.07719,2.15712
2021-10-16,Norwich,Brighton,1.16088,1.17572,0.3239,0.3312,0.3449,1.16088,1.17572,24.0,5.913043478260869,6.0,15.0,1.3029,1.3659,0.0,0.0,1.17572,1.16088
2021-10-16,Southampton,Leeds,1.83082,0.446173,0.7596,0.1866,0.0538,1.83082,0.446173,7.647058823529412,5.612903225806452,4.0,4.0,2.4654000000000003,0.348,0.0,0.0,0.446173,1.83082
2021-10-16,Brentford,Chelsea,1.62169,0.248256,0.7703,0.1904,0.0393,1.62169,0.248256,14.263157894736842,13.866666666666667,16.0,8.0,2.5013,0.3083,0.0,0.0,0.248256,1.62169
2021-10-17,Newcastle,Tottenham,0.645658,1.55008,0.1015,0.2551,0.6434,0.645658,1.55008,11.5625,9.15,3.0,10.0,0.5596,2.1853,0.0,0.0,1.55008,0.645658
2021-10-17,Everton,West Ham,0.854165,2.03034,0.1082,0.1977,0.6941,0.854165,2.03034,18.41176470588235,11.307692307692308,8.0,9.0,0.5223,2.2800000000000002,0.0,0.0,2.03034,0.854165
2021-10-18,Arsenal,Crystal Palace,1.7436,0.492239,0.7347,0.193,0.0723,1.7436,0.492239,16.894736842105264,21.384615384615383,10.0,3.0,2.3971,0.40990000000000004,0.0,0.0,0.492239,1.7436
2021-10-22,Arsenal,Aston Villa,3.4984,1.41088,0.8436,0.1087,0.0477,2.62648,1.41088,9.73913043478261,13.25,14.0,7.0,2.6395,0.2518,0.0,0.0,1.41088,3.4984
2021-10-23,Southampton,Burnley,1.42567,0.673195,0.5749,0.2845,0.1406,1.42567,0.673195,6.333333333333333,9.727272727272727,6.0,4.0,2.0092,0.7062999999999999,0.0,0.0,0.673195,1.42567
2021-10-23,Leeds,Wolves,1.71313,0.858644,0.6119,0.2536,0.1345,0.951964,0.858644,3.6,15.555555555555555,4.0,2.0,2.0893,0.6571,0.0,0.0,0.858644,1.71313
2021-10-23,Brighton,Man City,1.1695,3.57376,0.0199,0.0811,0.899,0.408335,3.57376,9.793103448275861,23.785714285714285,7.0,10.0,0.1408,2.7781000000000002,0.0,0.0,3.57376,1.1695
2021-10-23,Crystal Palace,Newcastle,2.25588,0.721813,0.7766,0.1673,0.0561,2.25588,0.721813,5.117647058823529,25.666666666666668,9.0,4.0,2.4970999999999997,0.3356,0.0,0.0,0.721813,2.25588
2021-10-23,Chelsea,Norwich,3.10509,0.267429,0.9608,0.0353,0.0039,2.34393,0.267429,6.888888888888889,18.166666666666668,10.0,0.0,2.9177,0.047,0.0,0.0,0.267429,3.10509
2021-10-23,Everton,Watford,1.84089,3.10344,0.1422,0.1764,0.6814,1.84089,3.10344,10.68421052631579,13.428571428571429,12.0,6.0,0.603,2.2206,0.0,0.0,3.10344,1.84089
2021-10-24,Man United,Liverpool,1.35584,4.04765,0.0288,0.0659,0.9053,1.35584,4.04765,60.714285714285715,8.23076923076923,7.0,13.0,0.1523,2.7818,0.0,0.0,4.04765,1.35584
2021-10-24,West Ham,Tottenham,1.73468,0.672198,0.6769,0.2235,0.0996,1.73468,0.672198,21.58823529411765,11.3,6.0,2.0,2.2542,0.5223,0.0,0.0,0.672198,1.73468
2021-10-24,Brentford,Leicester,1.16789,1.00254,0.3902,0.3246,0.2852,1.16789,1.00254,5.837837837837838,21.333333333333332,7.0,5.0,1.4951999999999999,1.1802000000000001,0.0,0.0,1.00254,1.16789
2021-10-30,Leicester,Arsenal,1.98801,1.10288,0.6172,0.2317,0.1511,1.98801,1.10288,9.105263157894736,24.933333333333334,9.0,5.0,2.0833,0.685,0.0,0.0,1.10288,1.98801
2021-10-30,Burnley,Brentford,2.72901,0.834312,0.8299,0.1193,0.0508,2.72901,0.834312,16.263157894736842,9.210526315789474,2.0,2.0,2.609,0.2717,0.0,0.0,0.834312,2.72901
2021-10-30,Liverpool,Brighton,1.39778,1.51032,0.3222,0.279,0.3988,1.39778,1.51032,11.826086956521738,26.4,11.0,4.0,1.2456,1.4754,0.0,0.0,1.51032,1.39778
2021-10-30,Man City,Crystal Palace,0.65739,1.05029,0.2045,0.3281,0.4674,0.65739,1.05029,7.2,16.68421052631579,12.0,5.0,0.9416,1.7303,0.0,0.0,1.05029,0.65739
2021-10-30,Newcastle,Chelsea,0.157616,2.16608,0.0067,0.0614,0.9319,0.157616,1.40491,21.066666666666666,3.8947368421052633,0.0,14.0,0.0815,2.8571,0.0,0.0,2.16608,0.157616
2021-10-30,Watford,Southampton,0.852556,1.90757,0.1184,0.2165,0.6651,0.852556,1.90757,10.038461538461538,7.052631578947368,4.0,11.0,0.5717,2.2118,0.0,0.0,1.90757,0.852556
2021-10-30,Tottenham,Man United,1.15787,1.38612,0.2873,0.3069,0.4058,1.15787,1.38612,7.172413793103448,10.275862068965518,3.0,9.0,1.1688,1.5243,0.0,0.0,1.38612,1.15787
2021-10-31,Norwich,Leeds,0.661887,1.16855,0.1855,0.3103,0.5042,0.661887,1.16855,8.727272727272727,4.285714285714286,2.0,5.0,0.8668,1.8229,0.0,0.0,1.16855,0.661887
2021-10-31,Aston Villa,West Ham,0.687551,2.66391,0.0209,0.0903,0.8888,0.687551,2.66391,22.75,6.869565217391305,3.0,4.0,0.153,2.7567000000000004,0.0,0.0,2.66391,0.687551
2021-11-01,Wolves,Everton,1.69344,1.69767,0.3571,0.2722,0.3707,1.69344,1.69767,8.5,13.464285714285714,6.0,7.0,1.3435,1.3842999999999999,0.0,0.0,1.69767,1.69344
2021-11-05,Southampton,Aston Villa,0.89818,0.536077,0.4546,0.3594,0.186,0.89818,0.536077,5.458333333333333,10.652173913043478,8.0,13.0,1.7231999999999998,0.9174,0.0,0.0,0.536077,0.89818
2021-11-06,Brighton,Newcastle,1.43123,0.227321,0.7823,0.1837,0.034,0.670063,0.227321,7.0344827586206895,20.3,6.0,1.0,2.5305999999999997,0.2857,0.0,0.0,0.227321,1.43123
2021-11-06,Crystal Palace,Wolves,2.65161,0.25416,0.9354,0.057,0.0076,2.65161,0.25416,6.419354838709677,16.047619047619047,10.0,2.0,2.8632,0.07980000000000001,0.0,0.0,0.25416,2.65161
2021-11-06,Man United,Man City,0.759561,2.04202,0.0837,0.1908,0.7255,0.759561,2.04202,23.470588235294116,10.304347826086957,0.0,8.0,0.44189999999999996,2.3672999999999997,0.0,0.0,2.04202,0.759561
2021-11-06,Brentford,Norwich,2.79229,1.15797,0.7832,0.1534,0.0634,2.79229,0.396837,6.782608695652174,14.722222222222221,11.0,4.0,2.503,0.3436,0.0,0.0,1.15797,2.79229
2021-11-06,Chelsea,Burnley,3.00585,0.674072,0.8798,0.0929,0.0273,3.00585,0.674072,13.6,15.904761904761905,16.0,5.0,2.7323000000000004,0.1748,0.0,0.0,0.674072,3.00585
2021-11-07,Arsenal,Watford,1.49208,0.491659,0.6791,0.2449,0.076,0.730909,0.491659,11.866666666666667,10.892857142857142,7.0,1.0,2.2822,0.4729,0.0,0.0,0.491659,1.49208
2021-11-07,Everton,Tottenham,0.597906,0.801798,0.2344,0.3843,0.3813,0.597906,0.801798,10.419354838709678,9.041666666666666,9.0,3.0,1.0875,1.5282,0.0,0.0,0.801798,0.597906
2021-11-07,Leeds,Leicester,1.96551,0.795292,0.7108,0.2078,0.0814,1.96551,0.795292,8.772727272727273,12.444444444444445,5.0,4.0,2.3402000000000003,0.452,0.0,0.0,0.795292,1.96551
2021-11-07,West Ham,Liverpool,1.25298,1.45641,0.3099,0.2842,0.4059,1.25298,1.45641,20.6,6.636363636363637,3.0,16.0,1.2139,1.5019,0.0,0.0,1.45641,1.25298
2021-11-20,Watford,Man United,2.73393,1.66794,0.6277,0.2073,0.165,1.97277,1.66794,13.037037037037036,24.4,7.0,9.0,2.0904000000000003,0.7023,0.0,0.0,1.66794,2.73393
2021-11-20,Liverpool,Arsenal,3.97374,0.268025,0.9941,0.0055,0.0004,3.97374,0.268025,6.774193548387097,28.133333333333333,13.0,0.0,2.9878,0.006699999999999999,0.0,0.0,0.268025,3.97374
2021-11-20,Wolves,West Ham,1.31903,0.436331,0.6132,0.2733,0.1135,1.31903,0.436331,21.692307692307693,11.714285714285714,5.0,7.0,2.1129,0.6138,0.0,0.0,0.436331,1.31903
2021-11-20,Norwich,Southampton,0.43778,1.13118,0.142,0.3171,0.5409,0.43778,1.13118,10.75,7.764705882352941,4.0,9.0,0.7430999999999999,1.9398,0.0,0.0,1.13118,0.43778
2021-11-20,Leicester,Chelsea,0.499504,2.57178,0.0208,0.1023,0.8769,0.499504,2.57178,10.0,8.869565217391305,1.0,8.0,0.1647,2.733,0.0,0.0,2.57178,0.499504
2021-11-20,Burnley,Crystal Palace,1.04224,1.74839,0.2089,0.2415,0.5496,1.04224,1.74839,11.782608695652174,17.875,5.0,9.0,0.8682000000000001,1.8903,0.0,0.0,1.74839,1.04224
2021-11-20,Aston Villa,Brighton,1.06946,0.582787,0.4855,0.336,0.1785,1.06946,0.582787,17.818181818181817,7.590909090909091,6.0,4.0,1.7925,0.8714999999999999,0.0,0.0,0.582787,1.06946
2021-11-20,Newcastle,Brentford,2.18388,1.23275,0.6076,0.2257,0.1667,2.18388,1.23275,7.7,7.65,8.0,6.0,2.0484999999999998,0.7258,0.0,0.0,1.23275,2.18388
2021-11-21,Man City,Everton,2.61302,0.266894,0.9179,0.0691,0.013,2.61302,0.266894,6.833333333333333,58.0,14.0,3.0,2.8228000000000004,0.1081,0.0,0.0,0.266894,2.61302
2021-11-21,Tottenham,Leeds,2.31744,1.46689,0.5951,0.2303,0.1746,2.31744,1.46689,9.59375,7.419354838709677,8.0,5.0,2.0156,0.7541,0.0,0.0,1.46689,2.31744
2021-11-27,Brighton,Leeds,1.90498,0.864829,0.6441,0.224,0.1319,1.90498,0.864829,9.238095238095237,6.837837837837838,13.0,6.0,2.1563000000000003,0.6196999999999999,0.0,0.0,0.864829,1.90498
2021-11-27,Liverpool,Southampton,3.07278,0.966132,0.8606,0.101,0.0384,3.07278,0.966132,9.61111111111111,15.217391304347826,14.0,2.0,2.6828000000000003,0.2162,0.0,0.0,0.966132,3.07278
2021-11-27,Norwich,Wolves,1.4047,0.297157,0.705,0.2329,0.0621,1.4047,0.297157,13.333333333333334,16.0,9.0,5.0,2.3478999999999997,0.4192,0.0,0.0,0.297157,1.4047
2021-11-27,Arsenal,Newcastle,2.84493,0.185383,0.9577,0.0369,0.0054,2.84493,0.185383,7.037037037037037,16.736842105263158,13.0,4.0,2.91,0.0531,0.0,0.0,0.185383,2.84493
2021-11-27,Crystal Palace,Aston Villa,0.962129,0.454305,0.5015,0.3502,0.1483,0.962129,0.454305,9.05,26.307692307692307,5.0,6.0,1.8546999999999998,0.7950999999999999,0.0,0.0,0.454305,0.962129
2021-11-28,Brentford,Everton,1.19813,0.968075,0.4215,0.329,0.2495,0.436957,0.968075,13.210526315789474,6.9655172413793105,3.0,9.0,1.5935,1.0775,0.0,0.0,0.968075,1.19813
2021-11-28,Leicester,Watford,2.16027,2.38383,0.332,0.2403,0.4277,2.16027,1.62266,11.8,5.0,8.0,4.0,1.2363,1.5234,0.0,0.0,2.38383,2.16027
2021-11-28,Man City,West Ham,2.72187,0.171763,0.9519,0.0432,0.0049,2.72187,0.171763,7.333333333333333,23.88235294117647,9.0,5.0,2.8989,0.0579,0.0,0.0,0.171763,2.72187
2021-11-28,Chelsea,Man United,2.34525,0.563367,0.8372,0.1357,0.0271,1.58408,0.563367,5.375,16.7,5.0,2.0,2.6473,0.21699999999999997,0.0,0.0,0.563367,2.34525
2021-11-30,Newcastle,Norwich,1.15636,1.51084,0.2596,0.3006,0.4398,0.395187,1.51084,36.625,4.923076923076923,2.0,8.0,1.0794,1.62,0.0,0.0,1.51084,1.15636
2021-11-30,Leeds,Crystal Palace,1.9818,0.707328,0.7505,0.1819,0.0676,1.22063,0.707328,3.8421052631578947,12.636363636363637,5.0,4.0,2.4334000000000002,0.3847,0.0,0.0,0.707328,1.9818
2021-12-01,Everton,Liverpool,0.512263,2.86067,0.0212,0.0752,0.9036,0.512263,2.86067,15.636363636363637,4.461538461538462,1.0,10.0,0.1388,2.786,0.0,0.0,2.86067,0.512263
2021-12-01,Aston Villa,Man City,0.772083,1.01897,0.2603,0.3452,0.3945,0.772083,1.01897,15.1,8.727272727272727,4.0,9.0,1.1260999999999999,1.5287,0.0,0.0,1.01897,0.772083
2021-12-01,Southampton,Leicester,1.91169,1.4401,0.4988,0.2516,0.2496,1.91169,1.4401,10.076923076923077,8.833333333333334,10.0,5.0,1.748,1.0004,0.0,0.0,1.4401,1.91169
2021-12-01,Wolves,Burnley,0.711691,0.195537,0.4555,0.4569,0.0876,0.711691,0.195537,7.0,14.0,5.0,6.0,1.8234,0.7197,0.0,0.0,0.195537,0.711691
2021-12-01,West Ham,Brighton,1.14679,1.2607,0.3108,0.3198,0.3694,1.14679,1.2607,13.375,3.5357142857142856,5.0,10.0,1.2522000000000002,1.428,0.0,0.0,1.2607,1.14679
2021-12-01,Watford,Chelsea,0.990877,0.908574,0.3546,0.3333,0.3121,0.990877,0.908574,6.9655172413793105,7.875,7.0,7.0,1.3971,1.2695999999999998,0.0,0.0,0.908574,0.990877
2021-12-02,Tottenham,Brentford,2.07248,0.225492,0.8964,0.09,0.0136,2.07248,0.225492,17.5,15.8125,6.0,7.0,2.7792,0.1308,0.0,0.0,0.225492,2.07248
2021-12-02,Man United,Arsenal,1.85597,1.16638,0.5558,0.2561,0.1881,1.0948,1.16638,14.85,11.647058823529411,9.0,4.0,1.9234999999999998,0.8204,0.0,0.0,1.16638,1.85597
2021-12-04,West Ham,Chelsea,2.0174,1.37049,0.5469,0.238,0.2151,1.25623,1.37049,12.6,9.45,4.0,13.0,1.8787000000000003,0.8833,0.0,0.0,1.37049,2.0174
2021-12-04,Newcastle,Burnley,1.70609,0.604599,0.6761,0.2236,0.1003,1.70609,0.604599,16.25,6.666666666666667,4.0,6.0,2.2519,0.5245,0.0,0.0,0.604599,1.70609
2021-12-04,Southampton,Brighton,1.34236,1.4872,0.3101,0.2802,0.4097,1.34236,1.4872,8.652173913043478,4.24,8.0,6.0,1.2105,1.5093,0.0,0.0,1.4872,1.34236
2021-12-04,Wolves,Liverpool,0.095167,2.42332,0.005,0.0531,0.9419,0.095167,2.42332,39.625,7.333333333333333,1.0,16.0,0.0681,2.8788,0.0,0.0,2.42332,0.095167
2021-12-04,Watford,Man City,0.675105,4.03223,0.0142,0.0375,0.9483,0.675105,4.03223,32.13333333333333,6.235294117647059,2.0,27.0,0.0801,2.8824,0.0,0.0,4.03223,0.675105
2021-12-05,Aston Villa,Leicester,1.84818,0.982614,0.6012,0.2298,0.169,1.84818,0.982614,13.5,4.076923076923077,7.0,12.0,2.0334,0.7368,0.0,0.0,0.982614,1.84818
2021-12-05,Tottenham,Norwich,2.00668,1.06562,0.6123,0.2365,0.1512,2.00668,1.06562,24.05263157894737,22.545454545454547,3.0,9.0,2.0734,0.6900999999999999,0.0,0.0,1.06562,2.00668
2021-12-05,Leeds,Brentford,1.41896,1.19959,0.4119,0.3026,0.2855,1.41896,1.19959,4.785714285714286,11.08695652173913,7.0,5.0,1.5383,1.1591,0.0,0.0,1.19959,1.41896
2021-12-05,Man United,Crystal Palace,0.870376,0.520593,0.4144,0.379,0.2066,0.870376,0.520593,7.0,14.866666666666667,13.0,3.0,1.6221999999999999,0.9988,0.0,0.0,0.520593,0.870376
2021-12-06,Everton,Arsenal,1.06108,1.05723,0.3397,0.3172,0.3431,1.06108,1.05723,15.434782608695652,9.0,5.0,8.0,1.3362999999999998,1.3465,0.0,0.0,1.05723,1.06108
2021-12-10,Brentford,Watford,1.82799,0.561554,0.7457,0.1892,0.0651,1.06682,0.561554,4.103448275862069,10.217391304347826,6.0,2.0,2.4263,0.38450000000000006,0.0,0.0,0.561554,1.82799
2021-12-11,Norwich,Man United,0.986107,2.09817,0.1146,0.1998,0.6856,0.986107,1.337,24.7,8.551724137931034,8.0,9.0,0.5436,2.2566,0.0,0.0,2.09817,0.986107
2021-12-11,Man City,Wolves,2.99915,0.0762839,0.9707,0.0277,0.0016,2.23799,0.0762839,6.25,47.42857142857143,23.0,1.0,2.9398,0.0325,0.0,0.0,0.0762839,2.99915
2021-12-11,Arsenal,Southampton,2.08429,0.502215,0.7915,0.1533,0.0552,2.08429,0.502215,21.375,20.0,7.0,2.0,2.5278,0.31889999999999996,0.0,0.0,0.502215,2.08429
2021-12-11,Chelsea,Leeds,2.74844,1.72934,0.6283,0.22,0.1517,1.2261,0.968172,7.0,11.722222222222221,8.0,1.0,2.1049,0.6751,0.0,0.0,1.72934,2.74844
2021-12-11,Liverpool,Aston Villa,2.71181,0.140573,0.9577,0.0381,0.0042,1.95064,0.140573,5.233333333333333,24.727272727272727,15.0,4.0,2.9112,0.0507,0.0,0.0,0.140573,2.71181
2021-12-12,Crystal Palace,Everton,2.09864,1.27556,0.5877,0.2329,0.1794,2.09864,1.27556,8.125,9.612903225806452,8.0,5.0,1.996,0.7711,0.0,0.0,1.27556,2.09864
2021-12-12,Burnley,West Ham,0.54801,0.998813,0.1882,0.3477,0.4641,0.54801,0.998813,11.411764705882353,7.176470588235294,3.0,8.0,0.9123,1.7400000000000002,0.0,0.0,0.998813,0.54801
2021-12-12,Leicester,Newcastle,2.05771,0.511934,0.8223,0.1348,0.0429,1.29654,0.511934,12.166666666666666,7.387096774193548,8.0,7.0,2.6016999999999997,0.2635,0.0,0.0,0.511934,2.05771
2021-12-14,Norwich,Aston Villa,0.502647,1.96261,0.0307,0.1634,0.8059,0.502647,1.96261,8.772727272727273,14.15,5.0,14.0,0.2555,2.5811,0.0,0.0,1.96261,0.502647
2021-12-14,Man City,Leeds,3.31349,0.227498,0.9625,0.0336,0.0039,3.31349,0.227498,11.65,27.0,14.0,2.0,2.9211,0.04529999999999999,0.0,0.0,0.227498,3.31349
2021-12-15,Brighton,Wolves,1.20118,1.11736,0.3704,0.3352,0.2944,1.20118,1.11736,6.333333333333333,17.933333333333334,2.0,3.0,1.4464,1.2184,0.0,0.0,1.11736,1.20118
2021-12-15,Crystal Palace,Southampton,1.49244,0.625183,0.6182,0.2522,0.1296,1.49244,0.625183,5.333333333333333,6.358974358974359,4.0,2.0,2.1068,0.641,0.0,0.0,0.625183,1.49244
2021-12-15,Arsenal,West Ham,2.81482,0.338855,0.9307,0.0568,0.0125,2.05365,0.338855,9.090909090909092,13.444444444444445,13.0,0.0,2.8489,0.09430000000000001,0.0,0.0,0.338855,2.81482
2021-12-16,Chelsea,Everton,3.20239,0.627528,0.9086,0.0747,0.0167,3.20239,0.627528,5.066666666666666,25.235294117647058,14.0,0.0,2.8005,0.1248,0.0,0.0,0.627528,3.20239
2021-12-16,Liverpool,Newcastle,2.93912,0.2064,0.9714,0.0264,0.0022,2.93912,0.2064,5.12,35.3,14.0,2.0,2.9406000000000003,0.033,0.0,0.0,0.2064,2.93912
2021-12-18,Leeds,Arsenal,1.31408,3.69008,0.0393,0.0919,0.8688,0.55291,3.69008,14.125,7.483870967741935,7.0,14.0,0.2098,2.6982999999999997,0.0,0.0,3.69008,1.31408
2021-12-19,Tottenham,Liverpool,2.79777,1.54944,0.6918,0.1901,0.1181,2.79777,1.54944,21.181818181818183,6.638888888888889,11.0,13.0,2.2655000000000003,0.5444,0.0,0.0,1.54944,2.79777
2021-12-19,Wolves,Chelsea,0.321371,0.793952,0.1252,0.4072,0.4676,0.321371,0.793952,33.5,10.416666666666666,4.0,11.0,0.7828,1.81,0.0,0.0,0.793952,0.321371
2021-12-19,Newcastle,Man City,0.174208,3.64686,0.0004,0.0108,0.9888,0.174208,3.64686,23.263157894736842,9.588235294117647,5.0,11.0,0.012,2.9772000000000003,0.0,0.0,3.64686,0.174208
2021-12-26,Aston Villa,Chelsea,0.474029,2.8285,0.0139,0.0557,0.9304,0.474029,1.30616,23.0,9.233333333333333,6.0,14.0,0.0974,2.8468999999999998,0.0,0.0,2.8285,0.474029
2021-12-26,Man City,Leicester,3.82869,2.43425,0.7058,0.1626,0.1316,2.30635,2.43425,8.958333333333334,43.0,12.0,6.0,2.28,0.5574,0.0,0.0,2.43425,3.82869
2021-12-26,Norwich,Arsenal,0.154212,2.87539,0.0023,0.0273,0.9704,0.154212,2.11422,13.88,9.5625,1.0,10.0,0.0342,2.9385,0.0,0.0,2.87539,0.154212
2021-12-26,Tottenham,Crystal Palace,2.82148,0.178324,0.9536,0.0398,0.0066,2.82148,0.178324,5.666666666666667,14.0,15.0,2.0,2.9006000000000003,0.0596,0.0,0.0,0.178324,2.82148
2021-12-26,West Ham,Southampton,1.53745,1.35643,0.4011,0.312,0.2869,1.53745,0.595257,9.555555555555555,9.363636363636363,10.0,2.0,1.5153,1.1727,0.0,0.0,1.35643,1.53745
2021-12-26,Brighton,Brentford,0.943363,1.10342,0.2916,0.3151,0.3933,0.943363,1.10342,10.32,12.631578947368421,7.0,7.0,1.1899,1.4949999999999999,0.0,0.0,1.10342,0.943363
2021-12-27,Newcastle,Man United,1.26586,1.75587,0.232,0.2848,0.4832,1.26586,1.75587,14.181818181818182,5.588235294117647,5.0,4.0,0.9808000000000001,1.7344,0.0,0.0,1.75587,1.26586
2021-12-28,Southampton,Tottenham,0.353043,2.80917,0.0137,0.062,0.9243,0.353043,2.048,8.142857142857142,7.642857142857143,0.0,10.0,0.1031,2.8348999999999998,0.0,0.0,2.80917,0.353043
2021-12-28,Leicester,Liverpool,0.615892,2.72682,0.0217,0.0898,0.8885,0.615892,1.86362,18.583333333333332,6.0,6.0,22.0,0.1549,2.7552999999999996,0.0,0.0,2.72682,0.615892
2021-12-28,Watford,West Ham,1.0143,2.84084,0.0603,0.121,0.8187,1.0143,2.07967,9.043478260869565,4.724137931034483,3.0,6.0,0.3019,2.5771,0.0,0.0,2.84084,1.0143
2021-12-28,Crystal Palace,Norwich,2.38978,0.594134,0.8296,0.1241,0.0463,1.62862,0.594134,10.894736842105264,11.142857142857142,8.0,5.0,2.6129,0.263,0.0,0.0,0.594134,2.38978
2021-12-29,Brentford,Man City,0.238829,1.01763,0.0672,0.2944,0.6384,0.238829,1.01763,13.090909090909092,5.090909090909091,3.0,6.0,0.496,2.2096,0.0,0.0,1.01763,0.238829
2021-12-29,Chelsea,Brighton,0.763458,0.78663,0.3109,0.3696,0.3195,0.763458,0.78663,9.222222222222221,12.625,10.0,11.0,1.3023,1.3281,0.0,0.0,0.78663,0.763458
2021-12-30,Man United,Burnley,1.80776,0.871738,0.6178,0.2285,0.1537,1.80776,0.871738,20.2,11.857142857142858,6.0,6.0,2.0819,0.6896,0.0,0.0,0.871738,1.80776
2022-01-01,Arsenal,Man City,0.836949,1.94623,0.0951,0.2126,0.6923,0.836949,1.18506,13.12,7.0,4.0,8.0,0.4979,2.2895000000000003,0.0,0.0,1.94623,0.836949
2022-01-01,Watford,Tottenham,0.303514,1.93752,0.0346,0.1376,0.8278,0.303514,1.93752,31.77777777777778,5.64,0.0,20.0,0.2414,2.621,0.0,0.0,1.93752,0.303514
2022-01-01,Crystal Palace,West Ham,2.69204,2.23146,0.4861,0.2291,0.2848,2.69204,1.47029,10.2,9.823529411764707,11.0,4.0,1.6874,1.0835000000000001,0.0,0.0,2.23146,2.69204
2022-01-02,Brentford,Aston Villa,0.501329,1.13821,0.1502,0.318,0.5318,0.501329,1.13821,8.1,12.941176470588236,4.0,6.0,0.7686,1.9134000000000002,0.0,0.0,1.13821,0.501329
2022-01-02,Everton,Brighton,1.82698,1.48397,0.4435,0.2906,0.2659,1.06581,1.48397,11.31578947368421,8.08695652173913,5.0,8.0,1.6211,1.0883,0.0,0.0,1.48397,1.82698
2022-01-02,Leeds,Burnley,2.04186,0.960493,0.642,0.2279,0.1301,2.04186,0.960493,6.166666666666667,8.619047619047619,8.0,2.0,2.1539,0.6182,0.0,0.0,0.960493,2.04186
2022-01-02,Chelsea,Liverpool,1.389,1.78897,0.26,0.2659,0.4741,1.389,1.78897,8.833333333333334,12.36,8.0,4.0,1.0459,1.6882000000000001,0.0,0.0,1.78897,1.389
2022-01-03,Man United,Wolves,0.768752,0.840925,0.2979,0.3534,0.3487,0.768752,0.840925,14.058823529411764,14.11111111111111,3.0,7.0,1.2470999999999999,1.3995,0.0,0.0,0.840925,0.768752
2022-01-11,Southampton,Brentford,1.59306,0.621466,0.6476,0.2451,0.1073,1.59306,0.621466,8.576923076923077,9.777777777777779,1.0,3.0,2.1879,0.5670000000000001,0.0,0.0,0.621466,1.59306
2022-01-12,West Ham,Norwich,2.89217,0.343347,0.9379,0.0507,0.0114,2.89217,0.343347,9.55,28.5,12.0,4.0,2.8644,0.0849,0.0,0.0,0.343347,2.89217
2022-01-14,Brighton,Crystal Palace,2.18053,0.509681,0.8253,0.1462,0.0285,1.41937,0.509681,5.321428571428571,24.583333333333332,11.0,4.0,2.6221,0.23170000000000002,0.0,0.0,0.509681,2.18053
2022-01-15,Man City,Chelsea,0.901703,0.613757,0.3931,0.3805,0.2264,0.901703,0.613757,13.347826086956522,16.9,6.0,2.0,1.5598,1.0597,0.0,0.0,0.613757,0.901703
2022-01-15,Newcastle,Watford,1.03855,1.49623,0.245,0.2696,0.4854,1.03855,1.49623,7.34375,10.238095238095237,4.0,7.0,1.0046,1.7258,0.0,0.0,1.49623,1.03855
2022-01-15,Norwich,Everton,1.00153,0.541027,0.5033,0.3336,0.1631,1.00153,0.541027,12.1,5.346153846153846,4.0,7.0,1.8435000000000001,0.8229,0.0,0.0,0.541027,1.00153
2022-01-15,Wolves,Southampton,2.29917,0.91728,0.763,0.1674,0.0696,1.538,0.91728,9.48,12.846153846153847,4.0,8.0,2.4564000000000004,0.3762,0.0,0.0,0.91728,2.29917
2022-01-15,Aston Villa,Man United,1.82784,1.35378,0.4953,0.2638,0.2409,1.82784,1.35378,14.368421052631579,10.655172413793103,12.0,4.0,1.7497,0.9864999999999999,0.0,0.0,1.35378,1.82784
2022-01-16,Liverpool,Brentford,3.49099,0.376656,0.9546,0.0376,0.0078,3.49099,0.376656,8.823529411764707,15.15,11.0,5.0,2.9013999999999998,0.061,0.0,0.0,0.376656,3.49099
2022-01-16,West Ham,Leeds,2.3549,2.26884,0.3868,0.2689,0.3443,2.3549,2.26884,9.36,8.45,9.0,6.0,1.4292999999999998,1.3017999999999998,0.0,0.0,2.26884,2.3549
2022-01-18,Brighton,Chelsea,0.747557,0.572994,0.3731,0.382,0.2449,0.747557,0.572994,14.217391304347826,13.125,13.0,11.0,1.5013,1.1167,0.0,0.0,0.572994,0.747557
2022-01-19,Brentford,Man United,2.081,2.05969,0.3775,0.2449,0.3776,2.081,2.05969,10.52,12.0625,8.0,6.0,1.3774000000000002,1.3777,0.0,0.0,2.05969,2.081
2022-01-19,Leicester,Tottenham,1.95031,4.24711,0.0659,0.1079,0.8262,1.95031,4.24711,29.5,16.130434782608695,6.0,11.0,0.3056,2.5865,0.0,0.0,4.24711,1.95031
2022-01-21,Watford,Norwich,1.30606,0.925212,0.4434,0.3179,0.2387,1.30606,0.925212,5.090909090909091,8.25,9.0,2.0,1.6481000000000001,1.034,0.0,0.0,0.925212,1.30606
2022-01-22,Everton,Aston Villa,1.2384,0.860245,0.453,0.3178,0.2292,1.2384,0.860245,6.620689655172414,4.875,1.0,5.0,1.6768,1.0054,0.0,0.0,0.860245,1.2384
2022-01-22,Brentford,Wolves,0.742573,0.218211,0.4573,0.444,0.0987,0.742573,0.218211,10.08695652173913,15.933333333333334,6.0,2.0,1.8158999999999998,0.7401,0.0,0.0,0.218211,0.742573
2022-01-22,Leeds,Newcastle,1.12992,1.15904,0.3454,0.3061,0.3485,1.12992,1.15904,6.105263157894737,13.210526315789474,11.0,9.0,1.3423,1.3516,0.0,0.0,1.15904,1.12992
2022-01-22,Man United,West Ham,1.75857,0.238027,0.876,0.11,0.014,1.75857,0.238027,12.052631578947368,11.84,12.0,3.0,2.738,0.152,0.0,0.0,0.238027,1.75857
2022-01-22,Southampton,Man City,1.00222,1.62907,0.1829,0.298,0.5191,1.00222,1.62907,20.941176470588236,4.9,1.0,17.0,0.8467,1.8553000000000002,0.0,0.0,1.62907,1.00222
2022-01-23,Chelsea,Tottenham,1.04212,0.328818,0.5568,0.3318,0.1114,1.04212,0.328818,5.645161290322581,16.956521739130434,4.0,4.0,2.0021999999999998,0.6659999999999999,0.0,0.0,0.328818,1.04212
2022-01-23,Arsenal,Burnley,1.35507,0.388963,0.6339,0.2698,0.0963,1.35507,0.388963,6.0,24.785714285714285,11.0,5.0,2.1715,0.5587,0.0,0.0,0.388963,1.35507
2022-01-23,Crystal Palace,Liverpool,1.62615,1.49697,0.3937,0.2946,0.3117,1.62615,0.735802,10.88888888888889,13.571428571428571,5.0,11.0,1.4757,1.2296999999999998,0.0,0.0,1.49697,1.62615
2022-01-23,Leicester,Brighton,1.70979,1.19738,0.5104,0.2678,0.2218,1.70979,1.19738,16.72222222222222,10.217391304347826,10.0,8.0,1.799,0.9332,0.0,0.0,1.19738,1.70979
2022-02-05,Burnley,Watford,0.765905,0.933965,0.2769,0.346,0.3771,0.765905,0.933965,8.31578947368421,9.19047619047619,5.0,9.0,1.1766999999999999,1.4773,0.0,0.0,0.933965,0.765905
2022-02-08,West Ham,Watford,0.905143,0.335474,0.533,0.3591,0.1079,0.905143,0.335474,7.7368421052631575,22.8,9.0,5.0,1.9581000000000002,0.6828,0.0,0.0,0.335474,0.905143
2022-02-08,Newcastle,Everton,2.68732,0.823607,0.8331,0.1233,0.0436,2.68732,0.823607,6.948717948717949,5.32,3.0,1.0,2.6226,0.2541,0.0,0.0,0.823607,2.68732
2022-02-08,Burnley,Man United,0.772721,1.83387,0.1167,0.2366,0.6467,0.772721,1.83387,12.19047619047619,7.625,5.0,14.0,0.5867,2.1767000000000003,0.0,0.0,1.83387,0.772721
2022-02-09,Norwich,Crystal Palace,0.296411,1.22883,0.0558,0.2461,0.6981,0.296411,0.467662,17.52173913043478,4.62962962962963,2.0,3.0,0.4135,2.3404000000000003,0.0,0.0,1.22883,0.296411
2022-02-09,Tottenham,Southampton,1.74286,1.73293,0.3729,0.2694,0.3577,1.74286,1.73293,10.842105263157896,9.48,4.0,7.0,1.3881000000000001,1.3425000000000002,0.0,0.0,1.73293,1.74286
2022-02-09,Man City,Brentford,1.98246,0.461305,0.7981,0.1558,0.0461,1.22129,0.461305,5.2,16.470588235294116,11.0,3.0,2.5501000000000005,0.29410000000000003,0.0,0.0,0.461305,1.98246
2022-02-09,Aston Villa,Leeds,1.5013,2.52914,0.1454,0.2112,0.6434,1.5013,2.52914,13.857142857142858,9.866666666666667,2.0,8.0,0.6474,2.1414,0.0,0.0,2.52914,1.5013
2022-02-10,Wolves,Arsenal,0.641359,1.45247,0.104,0.2477,0.6483,0.641359,1.45247,9.052631578947368,15.75,2.0,9.0,0.5597,2.1926,0.0,0.0,1.45247,0.641359
2022-02-10,Liverpool,Leicester,2.72997,0.544954,0.8752,0.0992,0.0256,2.72997,0.544954,4.523809523809524,23.666666666666668,12.0,5.0,2.7248,0.176,0.0,0.0,0.544954,2.72997
2022-02-12,Norwich,Man City,0.356755,4.44653,0.0008,0.0051,0.9941,0.356755,3.46024,39.111111111111114,9.235294117647058,5.0,21.0,0.007500000000000001,2.9874,0.0,0.0,4.44653,0.356755
2022-02-12,Watford,Brighton,0.532979,1.80456,0.0579,0.1835,0.7586,0.532979,1.80456,10.8,5.703703703703703,5.0,5.0,0.35719999999999996,2.4593000000000003,0.0,0.0,1.80456,0.532979
2022-02-12,Everton,Leeds,2.58561,0.242668,0.938,0.0539,0.0081,2.58561,0.242668,11.148148148148149,6.043478260869565,10.0,4.0,2.8679,0.0782,0.0,0.0,0.242668,2.58561
2022-02-12,Brentford,Crystal Palace,1.97576,0.49802,0.8021,0.1551,0.0428,1.97576,0.49802,9.08,5.7,7.0,5.0,2.5614,0.2835,0.0,0.0,0.49802,1.97576
2022-02-12,Man United,Southampton,2.99207,0.677386,0.9063,0.0701,0.0236,2.99207,0.677386,10.608695652173912,9.068965517241379,8.0,7.0,2.789,0.1409,0.0,0.0,0.677386,2.99207
2022-02-13,Burnley,Liverpool,1.16081,1.95722,0.1124,0.2695,0.6181,1.16081,1.95722,13.62962962962963,8.1,1.0,6.0,0.6067,2.1237999999999997,0.0,0.0,1.95722,1.16081
2022-02-13,Newcastle,Aston Villa,0.527571,0.455206,0.2938,0.4633,0.2429,0.527571,0.455206,6.757575757575758,3.9615384615384617,2.0,5.0,1.3447,1.192,0.0,0.0,0.455206,0.527571
2022-02-13,Tottenham,Wolves,0.838197,1.87026,0.1087,0.2126,0.6787,0.838197,1.87026,9.68,18.38888888888889,8.0,4.0,0.5387,2.2487,0.0,0.0,1.87026,0.838197
2022-02-13,Leicester,West Ham,1.40693,0.745068,0.5533,0.2898,0.1569,0.645761,0.745068,11.318181818181818,15.857142857142858,3.0,7.0,1.9497,0.7605,0.0,0.0,0.745068,1.40693
2022-02-15,Man United,Brighton,2.74936,1.26179,0.7164,0.1755,0.1081,2.74936,1.26179,12.48,9.36,8.0,4.0,2.3247,0.4998,0.0,0.0,1.26179,2.74936
2022-02-19,Man City,Tottenham,2.31773,2.00235,0.4423,0.2534,0.3043,1.55656,2.00235,8.541666666666666,62.0,22.0,2.0,1.5803000000000003,1.1663000000000001,0.0,0.0,2.00235,2.31773
2022-02-19,Southampton,Everton,2.72851,0.19991,0.9461,0.0472,0.0067,2.72851,0.19991,5.884615384615385,9.88888888888889,9.0,8.0,2.8855000000000004,0.0673,0.0,0.0,0.19991,2.72851
2022-02-19,Crystal Palace,Chelsea,0.624023,1.12339,0.1768,0.3128,0.5104,0.624023,1.12339,14.5,5.696969696969697,3.0,7.0,0.8432,1.8439999999999999,0.0,0.0,1.12339,0.624023
2022-02-19,Liverpool,Norwich,3.15449,0.66975,0.8884,0.0846,0.027,3.15449,0.66975,7.681818181818182,25.428571428571427,21.0,5.0,2.7498,0.1656,0.0,0.0,0.66975,3.15449
2022-02-19,Aston Villa,Watford,1.0267,1.82051,0.1601,0.2347,0.6052,1.0267,1.82051,9.0,21.857142857142858,18.0,4.0,0.715,2.0503,0.0,0.0,1.82051,1.0267
2022-02-19,Arsenal,Brentford,1.52247,0.640726,0.5994,0.2707,0.1299,1.52247,0.640726,7.304347826086956,24.1,3.0,4.0,2.0689,0.6603999999999999,0.0,0.0,0.640726,1.52247
2022-02-19,West Ham,Newcastle,0.847948,0.932574,0.3023,0.3338,0.3639,0.847948,0.932574,23.4,12.0625,7.0,9.0,1.2407,1.4255,0.0,0.0,0.932574,0.847948
2022-02-19,Brighton,Burnley,0.44587,0.821228,0.1732,0.3904,0.4364,0.44587,0.821228,5.15,13.695652173913043,6.0,2.0,0.9099999999999999,1.6996000000000002,0.0,0.0,0.821228,0.44587
2022-02-20,Leeds,Man United,1.74476,2.60999,0.1986,0.2134,0.588,1.74476,2.60999,5.133333333333334,8.310344827586206,6.0,12.0,0.8092,1.9773999999999998,0.0,0.0,2.60999,1.74476
2022-02-20,Wolves,Leicester,0.472777,1.55048,0.0684,0.2026,0.729,0.472777,1.55048,26.0,7.64,4.0,8.0,0.4078,2.3895999999999997,0.0,0.0,1.55048,0.472777
2022-02-23,Burnley,Tottenham,1.55576,0.691655,0.6341,0.2428,0.1231,1.55576,0.691655,12.1,9.5,3.0,11.0,2.1451,0.6121,0.0,0.0,0.691655,1.55576
2022-02-23,Watford,Crystal Palace,1.71917,0.818403,0.6465,0.2321,0.1214,1.71917,0.818403,26.76923076923077,10.92,4.0,2.0,2.1715999999999998,0.5962999999999999,0.0,0.0,0.818403,1.71917
2022-02-23,Liverpool,Leeds,5.3303,0.141547,0.9989,0.0009,0.0002,3.80797,0.141547,11.272727272727273,25.58823529411765,13.0,3.0,2.9976000000000003,0.0015,0.0,0.0,0.141547,5.3303
2022-02-24,Arsenal,Wolves,2.50961,1.10934,0.6983,0.1833,0.1184,2.50961,1.10934,9.26923076923077,12.857142857142858,23.0,2.0,2.2782,0.5385,0.0,0.0,1.10934,2.50961
2022-02-25,Southampton,Norwich,3.08863,0.424877,0.9377,0.0517,0.0106,3.08863,0.424877,9.380952380952381,15.714285714285714,9.0,4.0,2.8648,0.0835,0.0,0.0,0.424877,3.08863
2022-02-26,Brighton,Aston Villa,0.627107,1.3027,0.1398,0.2854,0.5748,0.627107,1.3027,6.28,16.7,5.0,4.0,0.7048,2.0098,0.0,0.0,1.3027,0.627107
2022-02-26,Everton,Man City,0.770819,1.93422,0.0832,0.2007,0.7161,0.770819,1.93422,16.136363636363637,6.0,6.0,10.0,0.4503,2.3489999999999998,0.0,0.0,1.93422,0.770819
2022-02-26,Man United,Watford,2.41457,0.437185,0.8563,0.11,0.0337,2.41457,0.437185,9.11111111111111,15.380952380952381,11.0,1.0,2.6788999999999996,0.2111,0.0,0.0,0.437185,2.41457
2022-02-26,Leeds,Tottenham,1.89569,2.47025,0.2622,0.2219,0.5159,1.89569,2.47025,7.945945945945946,17.916666666666668,16.0,10.0,1.0085,1.7696,0.0,0.0,2.47025,1.89569
2022-02-26,Brentford,Newcastle,0.494232,2.25373,0.0526,0.1455,0.8019,0.494232,2.25373,11.619047619047619,5.631578947368421,5.0,8.0,0.3033,2.5512,0.0,0.0,2.25373,0.494232
2022-02-26,Crystal Palace,Burnley,1.03765,0.255988,0.6096,0.3126,0.0778,1.03765,0.255988,21.625,8.333333333333334,7.0,2.0,2.1414,0.546,0.0,0.0,0.255988,1.03765
2022-02-27,West Ham,Wolves,1.62241,0.892018,0.5753,0.2599,0.1648,1.62241,0.892018,13.192307692307692,31.0,14.0,7.0,1.9858000000000002,0.7543,0.0,0.0,0.892018,1.62241
2022-03-01,Burnley,Leicester,1.04214,1.79558,0.1832,0.2556,0.5612,1.04214,1.79558,8.0,7.9523809523809526,6.0,7.0,0.8051999999999999,1.9392000000000003,0.0,0.0,1.79558,1.04214
2022-03-05,Liverpool,West Ham,2.18865,1.33829,0.584,0.2236,0.1924,2.18865,1.33829,10.555555555555555,34.0,13.0,3.0,1.9755999999999998,0.8008,0.0,0.0,1.33829,2.18865
2022-03-05,Norwich,Brentford,0.77334,2.22064,0.0623,0.1576,0.7801,0.77334,0.698303,7.421052631578948,9.48,5.0,5.0,0.34450000000000003,2.4979,0.0,0.0,2.22064,0.77334
2022-03-05,Newcastle,Brighton,1.58028,1.64995,0.3317,0.3001,0.3682,1.58028,1.64995,17.58823529411765,7.388888888888889,2.0,12.0,1.2952,1.4047,0.0,0.0,1.64995,1.58028
2022-03-05,Wolves,Crystal Palace,0.710865,2.53759,0.0251,0.1048,0.8701,0.710865,1.77642,4.818181818181818,14.8,8.0,9.0,0.1801,2.7151,0.0,0.0,2.53759,0.710865
2022-03-05,Aston Villa,Southampton,2.85379,1.32947,0.7295,0.1611,0.1094,2.85379,1.32947,16.88888888888889,8.227272727272727,12.0,4.0,2.3496,0.48929999999999996,0.0,0.0,1.32947,2.85379
2022-03-05,Leicester,Leeds,0.359129,2.14389,0.0357,0.1297,0.8346,0.359129,2.14389,11.619047619047619,11.208333333333334,6.0,12.0,0.2368,2.6335,0.0,0.0,2.14389,0.359129
2022-03-05,Burnley,Chelsea,0.849232,2.2868,0.0457,0.1645,0.7898,0.849232,2.2868,16.133333333333333,10.0,4.0,6.0,0.3016,2.5338999999999996,0.0,0.0,2.2868,0.849232
2022-03-06,Watford,Arsenal,1.29603,1.00457,0.4352,0.2822,0.2826,1.29603,1.00457,15.333333333333334,7.193548387096774,6.0,10.0,1.5877999999999999,1.1300000000000001,0.0,0.0,1.00457,1.29603
2022-03-06,Man City,Man United,2.74434,0.361782,0.9161,0.0698,0.0141,2.74434,0.361782,6.433333333333334,22.80952380952381,15.0,6.0,2.8181,0.1121,0.0,0.0,0.361782,2.74434
2022-03-07,Tottenham,Everton,3.24279,0.208263,0.9667,0.0292,0.0041,3.24279,0.208263,9.928571428571429,21.428571428571427,13.0,2.0,2.9293,0.0415,0.0,0.0,0.208263,3.24279
2022-03-10,Leeds,Aston Villa,0.194028,1.2729,0.0501,0.2776,0.6723,0.194028,1.2729,6.542857142857143,11.85,1.0,8.0,0.4279,2.2945,0.0,0.0,1.2729,0.194028
2022-03-10,Wolves,Watford,1.55037,0.498696,0.6761,0.232,0.0919,1.55037,0.498696,9.0,31.2,5.0,4.0,2.2603000000000004,0.5077,0.0,0.0,0.498696,1.55037
2022-03-10,Southampton,Newcastle,1.79835,0.812233,0.6582,0.2201,0.1217,1.79835,0.812233,8.11111111111111,14.636363636363637,8.0,5.0,2.1947,0.5851999999999999,0.0,0.0,0.812233,1.79835
2022-03-10,Norwich,Chelsea,0.965723,2.1308,0.1051,0.2256,0.6693,0.204554,2.1308,27.933333333333334,10.5,2.0,17.0,0.5409,2.2335000000000003,0.0,0.0,2.1308,0.965723
2022-03-12,Brentford,Burnley,1.82002,0.825311,0.6573,0.2307,0.112,1.05885,0.825311,12.23076923076923,16.866666666666667,4.0,7.0,2.2026,0.5667,0.0,0.0,0.825311,1.82002
2022-03-12,Man United,Tottenham,1.0181,1.62374,0.181,0.2835,0.5355,1.0181,0.862572,27.0,11.380952380952381,5.0,12.0,0.8264999999999999,1.8900000000000001,0.0,0.0,1.62374,1.0181
2022-03-12,Brighton,Liverpool,0.629316,2.48312,0.0461,0.129,0.8249,0.629316,1.72195,11.529411764705882,9.923076923076923,4.0,15.0,0.2673,2.6037,0.0,0.0,2.48312,0.629316
2022-03-13,Chelsea,Newcastle,1.07072,0.246037,0.6359,0.2889,0.0752,1.07072,0.246037,4.0,14.666666666666666,6.0,1.0,2.1966,0.5145,0.0,0.0,0.246037,1.07072
2022-03-13,Everton,Wolves,0.397268,0.712135,0.1826,0.4282,0.3892,0.397268,0.712135,17.428571428571427,9.125,4.0,3.0,0.9760000000000001,1.5958,0.0,0.0,0.712135,0.397268
2022-03-13,Leeds,Norwich,3.11755,1.40148,0.7975,0.1353,0.0672,3.11755,1.40148,5.555555555555555,11.777777777777779,10.0,12.0,2.5278,0.3369,0.0,0.0,1.40148,3.11755
2022-03-13,Southampton,Watford,1.25696,1.29385,0.3447,0.301,0.3543,1.25696,1.29385,6.555555555555555,13.823529411764707,5.0,5.0,1.3351,1.3639,0.0,0.0,1.29385,1.25696
2022-03-13,West Ham,Aston Villa,1.58468,1.05391,0.5163,0.2757,0.208,1.58468,1.05391,16.25,14.647058823529411,9.0,7.0,1.8246,0.8996999999999999,0.0,0.0,1.05391,1.58468
2022-03-13,Arsenal,Leicester,2.93665,0.54911,0.9049,0.0764,0.0187,2.17548,0.54911,22.625,16.473684210526315,9.0,6.0,2.7911,0.1325,0.0,0.0,0.54911,2.93665
2022-03-14,Crystal Palace,Man City,0.474002,2.04021,0.0494,0.1491,0.8015,0.474002,2.04021,32.36363636363637,4.290322580645161,6.0,14.0,0.2973,2.5536000000000003,0.0,0.0,2.04021,0.474002
2022-03-16,Brighton,Tottenham,1.04171,2.05196,0.1605,0.2169,0.6226,1.04171,2.05196,10.612903225806452,17.0,6.0,4.0,0.6984,2.0847,0.0,0.0,2.05196,1.04171
2022-03-16,Arsenal,Liverpool,0.534265,1.27681,0.0976,0.2918,0.6106,0.534265,1.27681,16.25,11.68,1.0,4.0,0.5846,2.1236,0.0,0.0,1.27681,0.534265
2022-03-17,Everton,Newcastle,0.708809,0.75803,0.3027,0.379,0.3183,0.708809,0.75803,10.636363636363637,7.176470588235294,4.0,10.0,1.2871000000000001,1.3339,0.0,0.0,0.75803,0.708809
2022-03-18,Wolves,Leeds,1.24075,2.82103,0.0922,0.1545,0.7533,1.24075,2.82103,13.6,8.366666666666667,8.0,6.0,0.43110000000000004,2.4144,0.0,0.0,2.82103,1.24075
2022-03-19,Aston Villa,Arsenal,0.309375,1.14522,0.0769,0.2868,0.6363,0.309375,1.14522,21.571428571428573,13.666666666666666,3.0,11.0,0.5175,2.1957,0.0,0.0,1.14522,0.309375
2022-03-20,Leicester,Brentford,1.27865,1.72466,0.252,0.2548,0.4932,1.27865,1.72466,11.043478260869565,15.2,6.0,12.0,1.0108000000000001,1.7344,0.0,0.0,1.72466,1.27865
2022-03-20,Tottenham,West Ham,2.54795,0.644964,0.8351,0.1195,0.0454,2.54795,0.644964,19.705882352941178,24.733333333333334,5.0,3.0,2.6248,0.25570000000000004,0.0,0.0,0.644964,2.54795
2022-04-02,Liverpool,Watford,2.23651,0.753307,0.7652,0.1699,0.0649,1.47534,0.753307,4.769230769230769,28.142857142857142,7.0,3.0,2.4655,0.3646,0.0,0.0,0.753307,2.23651
2022-04-02,Wolves,Aston Villa,1.62151,1.91256,0.2791,0.2878,0.4331,1.62151,1.15139,12.181818181818182,12.090909090909092,4.0,8.0,1.1251,1.5871,0.0,0.0,1.91256,1.62151
2022-04-02,Leeds,Southampton,1.50715,2.06387,0.2164,0.2597,0.5239,1.50715,2.06387,6.476190476190476,19.846153846153847,18.0,11.0,0.9089,1.8314000000000001,0.0,0.0,2.06387,1.50715
2022-04-02,Chelsea,Brentford,1.29014,2.43422,0.1611,0.188,0.6509,1.29014,2.43422,7.529411764705882,20.2,10.0,7.0,0.6713,2.1407000000000003,0.0,0.0,2.43422,1.29014
2022-04-02,Burnley,Man City,0.0591223,1.62008,0.009,0.1616,0.8294,0.0591223,1.62008,30.333333333333332,12.0,0.0,12.0,0.1886,2.6498,0.0,0.0,1.62008,0.0591223
2022-04-02,Brighton,Norwich,2.38297,0.494112,0.8485,0.1194,0.0321,1.6218,0.494112,6.208333333333333,16.9,14.0,4.0,2.6649000000000003,0.2157,0.0,0.0,0.494112,2.38297
2022-04-02,Man United,Leicester,0.902127,1.07638,0.2852,0.3279,0.3869,0.902127,1.07638,14.894736842105264,12.192307692307692,7.0,4.0,1.1835,1.4886000000000001,0.0,0.0,1.07638,0.902127
2022-04-03,Tottenham,Newcastle,3.6081,0.538152,0.9481,0.0412,0.0107,3.6081,0.538152,13.4375,27.133333333333333,7.0,2.0,2.8855,0.0733,0.0,0.0,0.538152,3.6081
2022-04-03,West Ham,Everton,1.49657,0.657846,0.6251,0.2475,0.1274,1.49657,0.657846,29.571428571428573,24.846153846153847,6.0,9.0,2.1228,0.6297,0.0,0.0,0.657846,1.49657
2022-04-04,Crystal Palace,Arsenal,1.39707,1.05199,0.4606,0.3009,0.2385,0.635906,1.05199,22.375,5.555555555555555,1.0,8.0,1.6827,1.0164,0.0,0.0,1.05199,1.39707
2022-04-06,Burnley,Everton,2.24439,2.31574,0.3419,0.2811,0.377,2.24439,0.793435,3.8181818181818183,5.7272727272727275,12.0,6.0,1.3068,1.4121000000000001,0.0,0.0,2.31574,2.24439
2022-04-08,Newcastle,Wolves,1.43878,0.306867,0.755,0.1963,0.0487,0.677611,0.306867,28.333333333333332,10.318181818181818,5.0,1.0,2.4613,0.34240000000000004,0.0,0.0,0.306867,1.43878
2022-04-09,Everton,Man United,0.357295,0.762357,0.1532,0.4059,0.4409,0.357295,0.762357,18.6875,6.0,1.0,15.0,0.8654999999999999,1.7286,0.0,0.0,0.762357,0.357295
2022-04-09,Watford,Leeds,1.07422,0.895612,0.3941,0.3534,0.2525,1.07422,0.895612,6.857142857142857,4.5,2.0,2.0,1.5357,1.1109,0.0,0.0,0.895612,1.07422
2022-04-09,Southampton,Chelsea,0.564726,4.39683,0.0014,0.0138,0.9848,0.564726,4.39683,24.470588235294116,6.208333333333333,2.0,14.0,0.018,2.9682,0.0,0.0,4.39683,0.564726
2022-04-09,Arsenal,Brighton,2.35153,0.596106,0.8228,0.1343,0.0429,2.35153,0.596106,6.5,9.571428571428571,12.0,6.0,2.6027,0.263,0.0,0.0,0.596106,2.35153
2022-04-09,Aston Villa,Tottenham,1.48712,0.983601,0.4892,0.2806,0.2302,1.48712,0.983601,10.96551724137931,15.142857142857142,12.0,5.0,1.7482,0.9712000000000001,0.0,0.0,0.983601,1.48712
2022-04-10,Man City,Liverpool,1.34647,1.29983,0.3523,0.2984,0.3493,1.34647,1.29983,16.625,18.85,7.0,7.0,1.3553,1.3463,0.0,0.0,1.29983,1.34647
2022-04-10,Brentford,West Ham,1.85534,0.244824,0.8373,0.1364,0.0263,1.85534,0.244824,32.45454545454545,20.5,14.0,3.0,2.6483000000000003,0.2153,0.0,0.0,0.244824,1.85534
2022-04-10,Leicester,Crystal Palace,0.879235,1.52767,0.1683,0.2787,0.553,0.879235,0.675821,10.757575757575758,16.15,4.0,6.0,0.7836000000000001,1.9377000000000002,0.0,0.0,1.52767,0.879235
2022-04-10,Norwich,Burnley,1.6723,1.44652,0.4191,0.2754,0.3055,1.6723,1.44652,13.583333333333334,6.578947368421052,5.0,5.0,1.5326999999999997,1.1919,0.0,0.0,1.44652,1.6723
2022-04-16,Tottenham,Brighton,0.58624,0.711155,0.2559,0.4088,0.3353,0.58624,0.711155,9.892857142857142,10.6,5.0,4.0,1.1765,1.4147,0.0,0.0,0.711155,0.58624
2022-04-16,Watford,Brentford,1.50381,2.12457,0.2041,0.2595,0.5364,1.50381,2.12457,7.2592592592592595,9.68421052631579,6.0,4.0,0.8718000000000001,1.8687,0.0,0.0,2.12457,1.50381
2022-04-16,Southampton,Arsenal,1.04007,1.35002,0.2731,0.3173,0.4096,1.04007,1.35002,25.166666666666668,7.636363636363637,4.0,12.0,1.1366,1.5461,0.0,0.0,1.35002,1.04007
2022-04-16,Man United,Norwich,1.66737,1.79754,0.3489,0.2449,0.4062,1.66737,1.79754,10.590909090909092,14.15,19.0,12.0,1.2915999999999999,1.4634999999999998,0.0,0.0,1.79754,1.66737
2022-04-17,West Ham,Burnley,2.79175,1.88137,0.6115,0.2322,0.1563,2.79175,1.1202,14.777777777777779,16.176470588235293,12.0,4.0,2.0667000000000004,0.7011,0.0,0.0,1.88137,2.79175
2022-04-17,Newcastle,Leicester,2.54294,0.541084,0.895,0.0821,0.0229,2.54294,0.541084,12.607142857142858,3.3448275862068964,4.0,7.0,2.7671,0.1508,0.0,0.0,0.541084,2.54294
2022-04-19,Liverpool,Man United,2.25967,0.110227,0.915,0.0774,0.0076,2.25967,0.110227,11.944444444444445,30.05263157894737,14.0,3.0,2.8224,0.1002,0.0,0.0,0.110227,2.25967
2022-04-20,Man City,Brighton,1.52844,0.117354,0.7751,0.2009,0.024,1.52844,0.117354,8.36,19.833333333333332,11.0,3.0,2.5262,0.27290000000000003,0.0,0.0,0.117354,1.52844
2022-04-20,Newcastle,Crystal Palace,0.767855,0.432788,0.4098,0.4012,0.189,0.767855,0.432788,14.148148148148149,5.393939393939394,5.0,4.0,1.6306,0.9682,0.0,0.0,0.432788,0.767855
2022-04-20,Everton,Leicester,1.68819,0.786333,0.6266,0.2378,0.1356,1.68819,0.786333,15.73913043478261,7.3478260869565215,6.0,12.0,2.1176000000000004,0.6446000000000001,0.0,0.0,0.786333,1.68819
2022-04-20,Chelsea,Arsenal,0.593801,1.87331,0.0793,0.1879,0.7328,0.593801,1.11214,8.473684210526315,16.476190476190474,11.0,6.0,0.4258,2.3863,0.0,0.0,1.87331,0.593801
2022-04-21,Burnley,Southampton,2.14743,1.31837,0.585,0.2289,0.1861,2.14743,1.31837,15.6,9.882352941176471,4.0,4.0,1.9838999999999998,0.7872,0.0,0.0,1.31837,2.14743
2022-04-23,Arsenal,Man United,2.54173,2.04244,0.51,0.2479,0.2421,1.78057,1.28127,15.266666666666667,17.625,7.0,3.0,1.7779,0.9742000000000001,0.0,0.0,2.04244,2.54173
2022-04-23,Norwich,Newcastle,0.657661,1.87558,0.0832,0.1983,0.7185,0.657661,1.87558,11.25925925925926,10.142857142857142,6.0,8.0,0.44789999999999996,2.3538,0.0,0.0,1.87558,0.657661
2022-04-23,Man City,Watford,3.68,0.42632,0.9691,0.0259,0.005,2.91883,0.42632,4.0,25.133333333333333,20.0,0.0,2.9332,0.0409,0.0,0.0,0.42632,3.68
2022-04-23,Leicester,Aston Villa,0.235635,0.593202,0.1237,0.487,0.3893,0.235635,0.593202,4.56,25.53846153846154,4.0,5.0,0.8581,1.6549,0.0,0.0,0.593202,0.235635
2022-04-23,Brentford,Tottenham,1.3153,0.517755,0.5837,0.2863,0.13,1.3153,0.517755,14.875,14.357142857142858,5.0,6.0,2.0374,0.6763,0.0,0.0,0.517755,1.3153
2022-04-24,Brighton,Southampton,1.87343,0.926764,0.6878,0.2058,0.1064,1.87343,0.926764,6.818181818181818,8.125,5.0,7.0,2.2691999999999997,0.525,0.0,0.0,0.926764,1.87343
2022-04-24,Liverpool,Everton,1.70397,0.424961,0.734,0.2012,0.0648,1.70397,0.424961,3.6,29.153846153846153,15.0,2.0,2.4032,0.39559999999999995,0.0,0.0,0.424961,1.70397
2022-04-24,Chelsea,West Ham,2.34959,0.388975,0.8626,0.1106,0.0268,1.58842,0.388975,9.647058823529411,27.0,13.0,4.0,2.6984,0.191,0.0,0.0,0.388975,2.34959
2022-04-24,Burnley,Wolves,1.27298,0.592902,0.5697,0.2862,0.1441,1.27298,0.592902,12.642857142857142,6.4,5.0,14.0,1.9952999999999999,0.7185,0.0,0.0,0.592902,1.27298
2022-04-25,Crystal Palace,Leeds,1.61656,0.374044,0.7322,0.2035,0.0643,1.61656,0.374044,5.628571428571429,6.121951219512195,7.0,3.0,2.4001,0.3964,0.0,0.0,0.374044,1.61656
2022-04-28,Man United,Chelsea,0.618456,2.46868,0.0457,0.1281,0.8262,0.618456,2.46868,22.46153846153846,7.375,8.0,12.0,0.2652,2.6067,0.0,0.0,2.46868,0.618456
2022-04-30,Newcastle,Liverpool,0.115353,2.73435,0.0014,0.0238,0.9748,0.115353,2.73435,14.545454545454545,3.6666666666666665,1.0,10.0,0.028,2.9482,0.0,0.0,2.73435,0.115353
2022-04-30,Wolves,Brighton,0.525912,2.90679,0.0198,0.0584,0.9218,0.525912,1.38446,16.75,12.347826086956522,5.0,6.0,0.11780000000000002,2.8237999999999994,0.0,0.0,2.90679,0.525912
2022-04-30,Watford,Burnley,0.785742,1.37022,0.1972,0.2778,0.525,0.785742,1.37022,8.222222222222221,8.625,6.0,11.0,0.8694,1.8528000000000002,0.0,0.0,1.37022,0.785742
2022-04-30,Southampton,Crystal Palace,0.650256,0.756217,0.284,0.3733,0.3427,0.650256,0.756217,10.666666666666666,10.642857142857142,5.0,5.0,1.2252999999999998,1.4014,0.0,0.0,0.756217,0.650256
2022-04-30,Aston Villa,Norwich,2.31192,0.352212,0.8501,0.1195,0.0304,2.31192,0.352212,9.129032258064516,14.214285714285714,9.0,6.0,2.6698,0.2107,0.0,0.0,0.352212,2.31192
2022-04-30,Leeds,Man City,1.03608,3.01431,0.0594,0.1226,0.818,1.03608,3.01431,23.375,16.5,3.0,12.0,0.3008,2.5765999999999996,0.0,0.0,3.01431,1.03608
2022-05-01,West Ham,Arsenal,0.451976,0.964564,0.166,0.3572,0.4768,0.451976,0.964564,17.5,16.63157894736842,3.0,4.0,0.8552,1.7876,0.0,0.0,0.964564,0.451976
2022-05-01,Everton,Chelsea,1.11712,1.21141,0.3188,0.3054,0.3758,1.11712,1.21141,17.136363636363637,4.4375,5.0,11.0,1.2618,1.4328000000000003,0.0,0.0,1.21141,1.11712
2022-05-01,Tottenham,Leicester,1.65338,0.274133,0.757,0.195,0.048,1.65338,0.274133,13.96551724137931,11.047619047619047,10.0,2.0,2.4659999999999997,0.339,0.0,0.0,0.274133,1.65338
2022-05-02,Man United,Brentford,1.84111,0.681425,0.7204,0.1998,0.0798,1.07994,0.681425,15.615384615384615,39.45454545454545,5.0,9.0,2.361,0.43920000000000003,0.0,0.0,0.681425,1.84111
2022-05-07,Crystal Palace,Watford,2.49142,0.255373,0.9269,0.0629,0.0102,1.73025,0.255373,7.529411764705882,12.52,7.0,1.0,2.8436,0.0935,0.0,0.0,0.255373,2.49142
2022-05-07,Chelsea,Wolves,1.82098,1.6842,0.4094,0.259,0.3316,1.05981,1.6842,9.636363636363637,18.3125,10.0,3.0,1.4872,1.2538,0.0,0.0,1.6842,1.82098
2022-05-07,Burnley,Aston Villa,1.31028,1.81256,0.2284,0.2801,0.4915,1.31028,1.81256,9.25,13.894736842105264,4.0,5.0,0.9653,1.7546,0.0,0.0,1.81256,1.31028
2022-05-07,Brentford,Southampton,3.68223,0.988574,0.9076,0.0664,0.026,3.68223,0.988574,8.458333333333334,9.3125,11.0,5.0,2.7891999999999997,0.1444,0.0,0.0,0.988574,3.68223
2022-05-07,Brighton,Man United,2.82636,0.930715,0.8485,0.1119,0.0396,2.82636,0.930715,12.23076923076923,11.733333333333333,18.0,5.0,2.6574,0.23070000000000002,0.0,0.0,0.930715,2.82636
2022-05-07,Liverpool,Tottenham,1.0481,0.982635,0.3415,0.3248,0.3337,1.0481,0.982635,6.3,22.333333333333332,13.0,6.0,1.3493000000000002,1.3259,0.0,0.0,0.982635,1.0481
2022-05-08,Man City,Newcastle,4.05613,0.995099,0.9449,0.0407,0.0144,4.05613,0.995099,8.352941176470589,28.0,17.0,3.0,2.8754,0.0839,0.0,0.0,0.995099,4.05613
2022-05-08,Arsenal,Leeds,2.7227,0.696785,0.8509,0.1136,0.0355,2.7227,0.696785,8.821428571428571,20.4,14.0,3.0,2.6662999999999997,0.2201,0.0,0.0,0.696785,2.7227
2022-05-08,Leicester,Everton,1.47479,1.55635,0.3328,0.281,0.3862,1.47479,1.55635,7.555555555555555,22.533333333333335,10.0,4.0,1.2793999999999999,1.4396,0.0,0.0,1.55635,1.47479
2022-05-08,Norwich,West Ham,0.77895,3.25894,0.0105,0.0483,0.9412,0.77895,2.49777,22.57894736842105,16.642857142857142,5.0,10.0,0.07980000000000001,2.8718999999999997,0.0,0.0,3.25894,0.77895
2022-05-10,Aston Villa,Liverpool,1.44726,1.75417,0.2466,0.3355,0.4179,1.44726,1.75417,20.214285714285715,6.392857142857143,3.0,13.0,1.0753,1.5892,0.0,0.0,1.75417,1.44726
2022-05-11,Leeds,Chelsea,0.499789,1.46853,0.1113,0.2727,0.616,0.499789,1.46853,21.347826086956523,9.846153846153847,0.0,9.0,0.6066,2.1207,0.0,0.0,1.46853,0.499789
2022-05-11,Leicester,Norwich,2.57058,1.21966,0.7056,0.1875,0.1069,2.57058,1.21966,7.642857142857143,37.0,13.0,3.0,2.3043,0.5082,0.0,0.0,1.21966,2.57058
2022-05-11,Watford,Everton,0.232236,0.812193,0.0908,0.4161,0.4931,0.232236,0.812193,18.642857142857142,10.392857142857142,3.0,6.0,0.6885000000000001,1.8954,0.0,0.0,0.812193,0.232236
2022-05-11,Wolves,Man City,0.411857,3.39304,0.006,0.0354,0.9586,0.411857,3.39304,36.2,9.25,6.0,13.0,0.0534,2.9112,0.0,0.0,3.39304,0.411857
2022-05-12,Tottenham,Arsenal,3.42522,0.387446,0.9603,0.0337,0.006,2.66405,0.387446,10.523809523809524,35.3,9.0,4.0,2.9146,0.0517,0.0,0.0,0.387446,3.42522
2022-05-15,Leeds,Brighton,2.22282,2.25898,0.3793,0.226,0.3947,2.22282,2.25898,6.76,13.928571428571429,10.0,12.0,1.3639000000000001,1.4101,0.0,0.0,2.25898,2.22282
2022-05-15,Aston Villa,Crystal Palace,0.799443,1.39009,0.1488,0.2957,0.5555,0.799443,1.39009,13.727272727272727,8.785714285714286,3.0,5.0,0.7421,1.9622000000000002,0.0,0.0,1.39009,0.799443
2022-05-15,Watford,Leicester,2.58968,2.27297,0.4551,0.2287,0.3162,2.58968,2.27297,18.72222222222222,8.85,4.0,8.0,1.5939999999999999,1.1772999999999998,0.0,0.0,2.27297,2.58968
2022-05-15,Everton,Brentford,2.69589,1.81626,0.6124,0.1977,0.1899,1.93472,1.81626,27.545454545454547,5.857142857142857,5.0,7.0,2.0349000000000004,0.7674000000000001,0.0,0.0,1.81626,2.69589
2022-05-15,Wolves,Norwich,0.999066,1.53212,0.2166,0.2746,0.5088,0.999066,1.53212,13.466666666666667,22.384615384615383,5.0,0.0,0.9243999999999999,1.8010000000000002,0.0,0.0,1.53212,0.999066
2022-05-15,Tottenham,Burnley,2.39449,0.629888,0.8218,0.1317,0.0465,1.63332,0.629888,9.058823529411764,16.136363636363637,9.0,7.0,2.5970999999999997,0.2712,0.0,0.0,0.629888,2.39449
2022-05-15,West Ham,Man City,1.0088,2.14723,0.1188,0.2122,0.669,1.0088,1.38606,36.714285714285715,6.769230769230769,3.0,19.0,0.5686,2.2192000000000003,0.0,0.0,2.14723,1.0088
2022-05-16,Newcastle,Arsenal,1.68299,0.492454,0.7075,0.2077,0.0848,1.68299,0.492454,7.260869565217392,11.142857142857142,9.0,5.0,2.3302,0.4621,0.0,0.0,0.492454,1.68299
2022-05-17,Southampton,Liverpool,0.121506,1.19178,0.032,0.2996,0.6684,0.121506,1.19178,19.0,7.75,3.0,12.0,0.39559999999999995,2.3047999999999997,0.0,0.0,1.19178,0.121506
2022-05-19,Aston Villa,Burnley,0.996403,1.63117,0.1754,0.2434,0.5812,0.996403,0.870001,7.071428571428571,20.0,12.0,5.0,0.7696000000000001,1.9870000000000003,0.0,0.0,1.63117,0.996403
2022-05-19,Chelsea,Leicester,1.61996,0.0417972,0.835,0.1584,0.0066,1.61996,0.0417972,8.88,36.166666666666664,11.0,0.0,2.6633999999999998,0.17820000000000003,0.0,0.0,0.0417972,1.61996
2022-05-19,Everton,Crystal Palace,0.813157,1.6023,0.1151,0.2604,0.6245,0.813157,1.6023,13.55,7.117647058823529,4.0,3.0,0.6057,2.1339,0.0,0.0,1.6023,0.813157
2022-05-22,Arsenal,Everton,4.35597,1.08601,0.963,0.0318,0.0052,3.5948,1.08601,4.8,49.666666666666664,11.0,5.0,2.9208,0.0474,0.0,0.0,1.08601,4.35597
2022-05-22,Brentford,Leeds,0.844985,1.47786,0.169,0.2727,0.5583,0.844985,0.716686,9.80952380952381,13.1,4.0,4.0,0.7797000000000001,1.9476,0.0,0.0,1.47786,0.844985
2022-05-22,Brighton,West Ham,1.67774,0.268845,0.7693,0.1843,0.0464,1.67774,0.268845,17.285714285714285,16.642857142857142,21.0,4.0,2.4922,0.3235,0.0,0.0,0.268845,1.67774
2022-05-22,Burnley,Newcastle,1.49164,1.74291,0.276,0.2986,0.4254,1.49164,0.981739,21.0,7.473684210526316,6.0,4.0,1.1266,1.5748,0.0,0.0,1.74291,1.49164
2022-05-22,Chelsea,Watford,2.59231,0.575755,0.8571,0.1059,0.037,2.59231,0.575755,6.375,30.071428571428573,14.0,3.0,2.6772,0.21689999999999998,0.0,0.0,0.575755,2.59231
2022-05-22,Crystal Palace,Man United,0.354618,0.782005,0.1466,0.4028,0.4506,0.354618,0.782005,15.5,5.888888888888889,4.0,5.0,0.8426,1.7546,0.0,0.0,0.782005,0.354618
2022-05-22,Leicester,Southampton,3.42058,1.05141,0.9057,0.0717,0.0226,3.42058,0.290242,12.4375,12.6,7.0,5.0,2.7887999999999997,0.1395,0.0,0.0,1.05141,3.42058
2022-05-22,Liverpool,Wolves,3.19385,1.11708,0.8332,0.1119,0.0549,3.19385,1.11708,10.28,33.36363636363637,24.0,4.0,2.6115,0.27659999999999996,0.0,0.0,1.11708,3.19385
2022-05-22,Man City,Aston Villa,3.3209,0.247841,0.9766,0.0197,0.0037,3.3209,0.247841,7.294117647058823,23.5,22.0,1.0,2.9495,0.0308,0.0,0.0,0.247841,3.3209
2022-05-22,Norwich,Tottenham,0.310789,3.815,0.002,0.0157,0.9823,0.310789,3.815,16.791666666666668,17.071428571428573,6.0,12.0,0.021699999999999997,2.9625999999999997,0.0,0.0,3.815,0.310789
2022-08-05,Crystal Palace,Arsenal,1.20637,1.43601,0.2864,0.2912,0.4224,1.20637,1.43601,10.25,12.678571428571429,8.0,13.0,1.1503999999999999,1.5583999999999998,0.0,0.0,1.43601,1.20637
2022-08-06,Fulham,Liverpool,1.26822,2.34111,0.1225,0.2133,0.6642,0.507047,2.34111,18.473684210526315,6.333333333333333,4.0,11.0,0.5808,2.2058999999999997,0.0,0.0,2.34111,1.26822
2022-08-06,Bournemouth,Aston Villa,0.588341,0.488895,0.3213,0.4397,0.239,0.588341,0.488895,11.68,6.608695652173913,3.0,11.0,1.4036,1.1566999999999998,0.0,0.0,0.488895,0.588341
2022-08-06,Leeds,Wolves,0.88917,1.10119,0.2798,0.3166,0.4036,0.88917,1.10119,9.285714285714286,10.647058823529411,5.0,9.0,1.156,1.5274,0.0,0.0,1.10119,0.88917
2022-08-06,Newcastle,Nott'm Forest,1.8591,0.235825,0.8023,0.1695,0.0282,1.8591,0.235825,6.08,13.333333333333334,24.0,2.0,2.5764000000000005,0.2541,0.0,0.0,0.235825,1.8591
2022-08-06,Tottenham,Southampton,1.6172,0.386546,0.7002,0.2209,0.0789,1.6172,0.386546,5.7,15.545454545454545,12.0,7.0,2.3215,0.4576,0.0,0.0,0.386546,1.6172
2022-08-06,Everton,Chelsea,0.541983,1.92315,0.06,0.1717,0.7683,0.541983,1.16198,12.0,6.1923076923076925,3.0,7.0,0.3517,2.4766,0.0,0.0,1.92315,0.541983
2022-08-07,Man United,Brighton,1.42103,1.7289,0.281,0.269,0.45,1.42103,1.7289,10.090909090909092,9.961538461538462,7.0,5.0,1.112,1.6190000000000002,0.0,0.0,1.7289,1.42103
2022-08-07,Leicester,Brentford,0.455695,0.931067,0.1615,0.3491,0.4894,0.455695,0.931067,17.705882352941178,22.214285714285715,5.0,3.0,0.8336000000000001,1.8173,0.0,0.0,0.931067,0.455695
2022-08-07,West Ham,Man City,0.246188,2.58739,0.0083,0.0551,0.9366,0.246188,1.82623,26.0,25.5,2.0,11.0,0.08,2.8649,0.0,0.0,2.58739,0.246188
2022-08-13,Brentford,Man United,1.38785,0.896038,0.4929,0.2947,0.2124,1.38785,0.896038,20.4,6.6923076923076925,3.0,11.0,1.7733999999999999,0.9319,0.0,0.0,0.896038,1.38785
2022-08-13,Arsenal,Leicester,3.0107,0.690679,0.8878,0.0853,0.0269,3.0107,0.690679,10.333333333333334,14.0,10.0,5.0,2.7487000000000004,0.16599999999999998,0.0,0.0,0.690679,3.0107
2022-08-13,Wolves,Fulham,0.975375,1.08813,0.2638,0.3644,0.3718,0.975375,0.326966,11.733333333333333,14.714285714285714,1.0,2.0,1.1558,1.4798000000000002,0.0,0.0,1.08813,0.975375
2022-08-13,Aston Villa,Everton,2.66696,1.37507,0.7131,0.1861,0.1008,2.66696,1.37507,9.304347826086957,18.615384615384617,13.0,4.0,2.3254,0.4885,0.0,0.0,1.37507,2.66696
2022-08-13,Man City,Bournemouth,1.69064,0.123946,0.8105,0.1721,0.0174,1.69064,0.123946,12.157894736842104,51.166666666666664,11.0,0.0,2.6035999999999997,0.2243,0.0,0.0,0.123946,1.69064
2022-08-13,Brighton,Newcastle,1.60835,0.183952,0.791,0.1797,0.0293,1.60835,0.183952,6.291666666666667,9.294117647058824,15.0,2.0,2.5527,0.2676,0.0,0.0,0.183952,1.60835
2022-08-13,Southampton,Leeds,1.40906,1.99694,0.2126,0.2674,0.52,1.40906,1.99694,13.263157894736842,4.852941176470588,4.0,9.0,0.9052,1.8274000000000001,0.0,0.0,1.99694,1.40906
2022-08-14,Nott'm Forest,West Ham,1.9717,2.08634,0.3469,0.2571,0.396,1.9717,1.32517,10.8125,8.2,4.0,7.0,1.2978,1.4451,0.0,0.0,2.08634,1.9717
2022-08-14,Chelsea,Tottenham,1.83945,1.58708,0.4329,0.2553,0.3118,1.83945,1.58708,6.655172413793103,12.285714285714286,12.0,2.0,1.554,1.1907,0.0,0.0,1.58708,1.83945
2022-08-15,Liverpool,Crystal Palace,2.23596,1.64468,0.5129,0.231,0.2561,2.23596,1.64468,3.4146341463414633,41.27272727272727,20.0,2.0,1.7697,0.9993,0.0,0.0,1.64468,2.23596
2022-08-20,Bournemouth,Arsenal,0.211335,1.71081,0.0283,0.1571,0.8146,0.211335,1.71081,15.652173913043478,8.72,1.0,8.0,0.242,2.6008999999999998,0.0,0.0,1.71081,0.211335
2022-08-20,Leicester,Southampton,0.242948,1.24155,0.0592,0.2702,0.6706,0.242948,1.24155,4.806451612903226,15.761904761904763,5.0,4.0,0.4478,2.282,0.0,0.0,1.24155,0.242948
2022-08-20,Fulham,Brentford,2.89934,1.59352,0.7051,0.1816,0.1133,2.89934,1.59352,9.625,11.153846153846153,7.0,8.0,2.2969,0.5215,0.0,0.0,1.59352,2.89934
2022-08-20,Crystal Palace,Aston Villa,2.91137,0.803828,0.865,0.0964,0.0386,2.00662,0.803828,13.944444444444445,7.411764705882353,8.0,3.0,2.6914,0.2122,0.0,0.0,0.803828,2.91137
2022-08-20,Tottenham,Wolves,1.46608,0.686123,0.593,0.2565,0.1505,1.46608,0.686123,11.6,20.642857142857142,8.0,6.0,2.0355,0.708,0.0,0.0,0.686123,1.46608
2022-08-20,Everton,Nott'm Forest,1.43408,0.918315,0.5009,0.2717,0.2274,1.43408,0.918315,18.615384615384617,15.785714285714286,8.0,1.0,1.7744,0.9539,0.0,0.0,0.918315,1.43408
2022-08-21,Leeds,Chelsea,2.20971,0.692492,0.8405,0.1271,0.0324,2.20971,0.692492,8.5625,4.633333333333334,1.0,7.0,2.6486,0.2243,0.0,0.0,0.692492,2.20971
2022-08-21,West Ham,Brighton,0.768634,1.82645,0.1043,0.2129,0.6828,0.768634,1.06528,26.1,18.857142857142858,6.0,2.0,0.5258,2.2613,0.0,0.0,1.82645,0.768634
2022-08-21,Newcastle,Man City,2.2127,3.67382,0.1483,0.1574,0.6943,2.2127,3.67382,12.068965517241379,6.777777777777778,9.0,9.0,0.6023,2.2403,0.0,0.0,3.67382,2.2127
2022-08-22,Man United,Liverpool,2.01764,1.52301,0.4942,0.2493,0.2565,2.01764,1.52301,17.7,6.578947368421052,8.0,16.0,1.7319,1.0188000000000001,0.0,0.0,1.52301,2.01764
2022-08-27,Liverpool,Bournemouth,4.86035,0.180991,0.9985,0.0014,0.0001,4.86035,0.180991,8.88888888888889,29.583333333333332,18.0,4.0,2.9969,0.0017000000000000001,0.0,0.0,0.180991,4.86035
2022-08-27,Man City,Crystal Palace,2.3853,0.091976,0.9376,0.057,0.0054,2.3853,0.091976,6.904761904761905,56.0,18.0,1.0,2.8698,0.0732,0.0,0.0,0.091976,2.3853
2022-08-27,Chelsea,Leicester,1.74916,1.96023,0.3295,0.2616,0.4089,1.74916,1.96023,11.24,21.5,3.0,10.0,1.2501,1.4883,0.0,0.0,1.96023,1.74916
2022-08-27,Arsenal,Fulham,2.47427,0.926007,0.7576,0.165,0.0774,2.47427,0.926007,5.421052631578948,14.863636363636363,17.0,1.0,2.4378,0.3972,0.0,0.0,0.926007,2.47427
2022-08-27,Brentford,Everton,2.28391,1.65465,0.5416,0.2321,0.2263,2.28391,1.65465,11.5,17.4,9.0,7.0,1.8569,0.911,0.0,0.0,1.65465,2.28391
2022-08-27,Brighton,Leeds,1.60986,1.14874,0.4733,0.2893,0.2374,1.60986,1.14874,12.35,5.5,6.0,5.0,1.7092,1.0015,0.0,0.0,1.14874,1.60986
2022-08-27,Southampton,Man United,1.35887,1.34359,0.3237,0.3356,0.3407,1.35887,1.34359,12.5625,8.333333333333334,11.0,11.0,1.3067,1.3577,0.0,0.0,1.34359,1.35887
2022-08-28,Aston Villa,West Ham,0.304555,0.334589,0.1929,0.5741,0.233,0.304555,0.334589,13.5,17.55,4.0,3.0,1.1528,1.2731000000000001,0.0,0.0,0.334589,0.304555
2022-08-28,Wolves,Newcastle,1.13248,1.93362,0.1904,0.2345,0.5751,1.13248,1.93362,18.923076923076923,9.461538461538462,3.0,13.0,0.8057000000000001,1.9597999999999998,0.0,0.0,1.93362,1.13248
2022-08-28,Nott'm Forest,Tottenham,0.801369,2.44473,0.0753,0.1383,0.7864,0.801369,1.68356,9.724137931034482,15.11111111111111,11.0,6.0,0.3642,2.4975,0.0,0.0,2.44473,0.801369
2022-08-30,Fulham,Brighton,1.07093,1.75359,0.1682,0.2629,0.5689,1.07093,0.992416,14.090909090909092,6.6,7.0,4.0,0.7675,1.9695999999999998,0.0,0.0,1.75359,1.07093
2022-08-30,Crystal Palace,Brentford,0.777363,1.61808,0.1616,0.2398,0.5986,0.777363,1.61808,13.0,14.473684210526315,1.0,8.0,0.7246,2.0356,0.0,0.0,1.61808,0.777363
2022-08-30,Southampton,Chelsea,1.44086,1.5047,0.3329,0.2916,0.3755,1.44086,1.5047,12.125,3.4074074074074074,3.0,7.0,1.2903,1.4181000000000001,0.0,0.0,1.5047,1.44086
2022-08-30,Leeds,Everton,1.04551,1.17189,0.3025,0.3131,0.3844,1.04551,1.17189,5.857142857142857,13.64,9.0,3.0,1.2206,1.4663,0.0,0.0,1.17189,1.04551
2022-08-31,West Ham,Tottenham,1.52267,0.723285,0.5865,0.2581,0.1554,1.52267,0.723285,28.25,18.9,3.0,6.0,2.0176,0.7243,0.0,0.0,0.723285,1.52267
2022-08-31,Liverpool,Newcastle,1.76119,0.643546,0.6785,0.2216,0.0999,1.76119,0.643546,9.916666666666666,21.235294117647058,13.0,2.0,2.2571,0.5213,0.0,0.0,0.643546,1.76119
2022-08-31,Bournemouth,Wolves,0.362035,1.53246,0.0649,0.2238,0.7113,0.362035,1.53246,17.61111111111111,6.833333333333333,7.0,14.0,0.4185,2.3577000000000004,0.0,0.0,1.53246,0.362035
2022-08-31,Arsenal,Aston Villa,2.79971,0.297168,0.9316,0.0579,0.0105,2.79971,0.297168,9.882352941176471,14.631578947368421,18.0,3.0,2.8527,0.08940000000000001,0.0,0.0,0.297168,2.79971
2022-08-31,Man City,Nott'm Forest,3.83759,0.729752,0.9435,0.0444,0.0121,3.83759,0.729752,6.391304347826087,46.4,13.0,1.0,2.8749,0.0807,0.0,0.0,0.729752,3.83759
2022-09-01,Leicester,Man United,0.615266,1.09969,0.1672,0.3399,0.4929,0.615266,1.09969,12.0,22.941176470588236,2.0,11.0,0.8414999999999999,1.8186,0.0,0.0,1.09969,0.615266
2022-09-03,Everton,Liverpool,1.39169,1.38617,0.373,0.2708,0.3562,1.39169,1.38617,23.09090909090909,6.083333333333333,10.0,12.0,1.3898,1.3394,0.0,0.0,1.38617,1.39169
2022-09-03,Newcastle,Crystal Palace,2.90672,0.920595,0.8161,0.1241,0.0598,2.90672,0.920595,6.303030303030303,11.866666666666667,10.0,4.0,2.5724,0.3035,0.0,0.0,0.920595,2.90672
2022-09-03,Nott'm Forest,Bournemouth,1.32895,0.905041,0.488,0.3058,0.2062,0.567779,0.905041,13.647058823529411,15.6875,6.0,10.0,1.7698,0.9244000000000001,0.0,0.0,0.905041,1.32895
2022-09-03,Tottenham,Fulham,2.67823,0.381556,0.9103,0.072,0.0177,2.67823,0.381556,12.052631578947368,16.22222222222222,16.0,1.0,2.8029,0.1251,0.0,0.0,0.381556,2.67823
2022-09-03,Wolves,Southampton,1.10039,1.20838,0.3189,0.3149,0.3662,1.10039,1.20838,9.368421052631579,7.517241379310345,8.0,12.0,1.2716,1.4135,0.0,0.0,1.20838,1.10039
2022-09-03,Brentford,Leeds,2.7485,1.796,0.6119,0.2192,0.1689,1.98734,1.796,6.7,3.3548387096774195,5.0,9.0,2.0549,0.7259,0.0,0.0,1.796,2.7485
2022-09-03,Chelsea,West Ham,0.707333,1.4196,0.1001,0.2892,0.6107,0.707333,1.4196,9.647058823529411,23.357142857142858,4.0,1.0,0.5895,2.1213,0.0,0.0,1.4196,0.707333
2022-09-03,Aston Villa,Man City,0.279392,1.92143,0.029,0.1347,0.8363,0.279392,1.92143,43.90909090909091,13.545454545454545,2.0,12.0,0.2217,2.6436,0.0,0.0,1.92143,0.279392
2022-09-04,Man United,Arsenal,2.02904,1.42238,0.5287,0.2353,0.236,2.02904,1.42238,16.066666666666666,8.444444444444445,5.0,16.0,1.8214,0.9433,0.0,0.0,1.42238,2.02904
2022-09-04,Brighton,Leicester,2.73166,1.06549,0.7719,0.1533,0.0748,1.97049,1.06549,11.84,45.0,10.0,4.0,2.4690000000000003,0.37770000000000004,0.0,0.0,1.06549,2.73166
2022-09-16,Aston Villa,Southampton,1.34365,0.218302,0.7544,0.2115,0.0341,1.34365,0.218302,5.948717948717949,8.04,6.0,2.0,2.4747,0.31379999999999997,0.0,0.0,0.218302,1.34365
2022-09-16,Nott'm Forest,Fulham,1.41541,1.3496,0.3774,0.2812,0.3414,1.41541,1.3496,16.105263157894736,12.11111111111111,2.0,2.0,1.4134000000000002,1.3054000000000001,0.0,0.0,1.3496,1.41541
2022-09-17,Wolves,Man City,0.310995,1.4242,0.0615,0.2244,0.7141,0.310995,1.4242,18.217391304347824,14.333333333333334,4.0,8.0,0.4089,2.3667,0.0,0.0,1.4242,0.310995
2022-09-17,Newcastle,Bournemouth,1.54758,0.976948,0.5126,0.303,0.1844,0.786407,0.976948,4.241379310344827,20.357142857142858,18.0,5.0,1.8407999999999998,0.8562000000000001,0.0,0.0,0.976948,1.54758
2022-09-17,Tottenham,Leicester,1.98619,1.59449,0.4664,0.2515,0.2821,1.98619,0.833326,21.214285714285715,17.11111111111111,6.0,10.0,1.6507,1.0978,0.0,0.0,1.59449,1.98619
2022-09-18,Brentford,Arsenal,0.54011,1.32021,0.1394,0.2865,0.5741,0.54011,1.32021,11.541666666666666,10.055555555555555,3.0,9.0,0.7047,2.0088,0.0,0.0,1.32021,0.54011
2022-09-18,Everton,West Ham,0.39773,0.655351,0.1859,0.4494,0.3647,0.39773,0.655351,15.461538461538462,11.380952380952381,3.0,2.0,1.0071,1.5435,0.0,0.0,0.655351,0.39773
2022-10-01,West Ham,Wolves,1.03934,0.575988,0.4659,0.3317,0.2024,1.03934,0.575988,21.384615384615383,20.2,4.0,10.0,1.7294,0.9389,0.0,0.0,0.575988,1.03934
2022-10-01,Southampton,Everton,1.95961,1.99979,0.3591,0.245,0.3959,1.95961,1.99979,9.238095238095237,14.4375,12.0,4.0,1.3222999999999998,1.4327,0.0,0.0,1.99979,1.95961
2022-10-01,Fulham,Newcastle,0.683701,4.67198,0.0008,0.0059,0.9933,0.683701,4.67198,32.18181818181818,8.166666666666666,5.0,17.0,0.0083,2.9858,0.0,0.0,4.67198,0.683701
2022-10-01,Liverpool,Brighton,2.1515,2.36567,0.3275,0.2387,0.4338,2.1515,2.36567,12.95,17.333333333333332,13.0,7.0,1.2212,1.5401,0.0,0.0,2.36567,2.1515
2022-10-01,Bournemouth,Brentford,0.758128,1.046,0.2475,0.3269,0.4256,0.758128,1.046,19.0625,7.64,6.0,9.0,1.0694,1.6037,0.0,0.0,1.046,0.758128
2022-10-01,Arsenal,Tottenham,2.48403,1.5027,0.6233,0.2347,0.142,2.48403,0.741526,10.38888888888889,18.46153846153846,12.0,2.0,2.1046,0.6607,0.0,0.0,1.5027,2.48403
2022-10-01,Crystal Palace,Chelsea,0.70987,1.25506,0.1777,0.3084,0.5139,0.70987,1.25506,17.0,7.8076923076923075,2.0,12.0,0.8415,1.8501,0.0,0.0,1.25506,0.70987
2022-10-02,Man City,Man United,3.01103,1.71335,0.6839,0.1915,0.1246,3.01103,0.952176,15.157894736842104,19.57894736842105,17.0,5.0,2.2432,0.5653,0.0,0.0,1.71335,3.01103
2022-10-02,Leeds,Aston Villa,0.298626,1.89645,0.0342,0.1457,0.8201,0.298626,1.89645,13.333333333333334,9.583333333333334,6.0,12.0,0.2483,2.6060000000000003,0.0,0.0,1.89645,0.298626
2022-10-03,Leicester,Nott'm Forest,1.2497,1.22169,0.3618,0.2848,0.3534,1.2497,1.22169,10.03448275862069,21.53846153846154,7.0,4.0,1.3701999999999999,1.345,0.0,0.0,1.22169,1.2497
2022-10-08,Bournemouth,Leicester,1.14891,1.18125,0.3192,0.3312,0.3496,1.14891,1.18125,37.55555555555556,8.678571428571429,7.0,8.0,1.2888,1.38,0.0,0.0,1.18125,1.14891
2022-10-08,Chelsea,Wolves,2.43092,0.748449,0.7831,0.143,0.0739,2.43092,0.748449,11.291666666666666,39.125,11.0,4.0,2.4922999999999997,0.36469999999999997,0.0,0.0,0.748449,2.43092
2022-10-08,Man City,Southampton,2.73536,0.101148,0.942,0.0531,0.0049,2.73536,0.101148,15.133333333333333,26.736842105263158,12.0,0.0,2.8790999999999998,0.0678,0.0,0.0,0.101148,2.73536
2022-10-08,Newcastle,Brentford,2.44631,1.13466,0.7371,0.1881,0.0748,2.44631,0.373493,7.7272727272727275,9.15,9.0,4.0,2.3994,0.4125,0.0,0.0,1.13466,2.44631
2022-10-08,Brighton,Tottenham,0.899735,0.771641,0.3516,0.3567,0.2917,0.899735,0.771641,14.333333333333334,14.166666666666666,15.0,6.0,1.4115000000000002,1.2318,0.0,0.0,0.771641,0.899735
2022-10-09,Everton,Man United,0.365844,1.82612,0.0485,0.1658,0.7857,0.365844,1.82612,19.88235294117647,8.782608695652174,7.0,8.0,0.3113,2.5229,0.0,0.0,1.82612,0.365844
2022-10-09,Arsenal,Liverpool,2.81968,0.765151,0.8957,0.0875,0.0168,2.05851,0.765151,16.764705882352942,10.875,14.0,4.0,2.7746,0.1379,0.0,0.0,0.765151,2.81968
2022-10-09,Crystal Palace,Leeds,1.65194,1.06564,0.5257,0.2625,0.2118,1.65194,1.06564,7.105263157894737,6.368421052631579,5.0,10.0,1.8395999999999997,0.8978999999999999,0.0,0.0,1.06564,1.65194
2022-10-09,West Ham,Fulham,3.43676,0.549848,0.9548,0.0369,0.0083,2.67559,0.549848,30.77777777777778,17.933333333333334,7.0,5.0,2.9013,0.0618,0.0,0.0,0.549848,3.43676
2022-10-10,Nott'm Forest,Aston Villa,0.221346,0.657187,0.1074,0.4655,0.4271,0.221346,0.657187,25.272727272727273,7.136363636363637,0.0,9.0,0.7877000000000001,1.7468,0.0,0.0,0.657187,0.221346
2022-10-14,Brentford,Brighton,1.90636,2.15668,0.308,0.27,0.422,1.1452,2.15668,13.0,3.96,8.0,14.0,1.194,1.536,0.0,0.0,2.15668,1.90636
2022-10-15,Leicester,Crystal Palace,0.973426,0.346808,0.5272,0.3513,0.1215,0.973426,0.346808,7.7105263157894735,24.357142857142858,13.0,1.0,1.9328999999999998,0.7158,0.0,0.0,0.346808,0.973426
2022-10-15,Fulham,Bournemouth,1.61738,1.62829,0.3546,0.2867,0.3587,0.856206,1.62829,8.25,14.95,8.0,4.0,1.3505,1.3628,0.0,0.0,1.62829,1.61738
2022-10-15,Wolves,Nott'm Forest,1.22368,1.24761,0.3039,0.378,0.3181,0.462512,0.486443,10.5,9.6,5.0,3.0,1.2896999999999998,1.3323,0.0,0.0,1.24761,1.22368
2022-10-15,Tottenham,Everton,2.49409,0.560039,0.8457,0.1223,0.032,1.73292,0.560039,12.5,25.071428571428573,8.0,0.0,2.6594,0.2183,0.0,0.0,0.560039,2.49409
2022-10-16,Liverpool,Man City,1.9992,0.911493,0.6548,0.2089,0.1363,1.9992,0.911493,28.5,12.578947368421053,6.0,17.0,2.1733000000000002,0.6178,0.0,0.0,0.911493,1.9992
2022-10-16,Southampton,West Ham,0.524479,1.70727,0.0936,0.2206,0.6858,0.524479,1.70727,18.0,11.23076923076923,2.0,8.0,0.5014,2.278,0.0,0.0,1.70727,0.524479
2022-10-16,Man United,Newcastle,1.41606,0.78815,0.5506,0.278,0.1714,1.41606,0.78815,9.0,13.277777777777779,8.0,9.0,1.9298,0.7922,0.0,0.0,0.78815,1.41606
2022-10-16,Leeds,Arsenal,2.02232,0.821757,0.6846,0.2144,0.101,1.26115,0.821757,12.142857142857142,10.473684210526315,8.0,5.0,2.2681999999999998,0.5174000000000001,0.0,0.0,0.821757,2.02232
2022-10-16,Aston Villa,Chelsea,2.44542,1.23643,0.6794,0.1924,0.1282,2.44542,1.23643,14.037037037037036,13.533333333333333,6.0,5.0,2.2306,0.5770000000000001,0.0,0.0,1.23643,2.44542
2022-10-18,Brighton,Nott'm Forest,2.10188,0.195003,0.8805,0.104,0.0155,2.10188,0.195003,7.764705882352941,20.0,15.0,1.0,2.7455,0.1505,0.0,0.0,0.195003,2.10188
2022-10-18,Crystal Palace,Wolves,1.25617,0.857837,0.4633,0.2981,0.2386,1.25617,0.857837,7.7272727272727275,8.366666666666667,8.0,8.0,1.688,1.0139,0.0,0.0,0.857837,1.25617
2022-10-19,Bournemouth,Southampton,0.810452,1.23878,0.213,0.2994,0.4876,0.810452,1.23878,11.761904761904763,13.65,8.0,6.0,0.9384,1.7622,0.0,0.0,1.23878,0.810452
2022-10-19,Brentford,Chelsea,1.45228,0.557405,0.6519,0.2453,0.1028,1.45228,0.557405,16.705882352941178,10.5,7.0,14.0,2.201,0.5537,0.0,0.0,0.557405,1.45228
2022-10-19,Newcastle,Everton,1.13393,0.0609567,0.6685,0.3125,0.019,1.13393,0.0609567,9.576923076923077,10.9,8.0,5.0,2.318,0.3695,0.0,0.0,0.0609567,1.13393
2022-10-19,Liverpool,West Ham,2.24066,2.48649,0.3183,0.2359,0.4458,2.24066,1.72532,12.76,26.714285714285715,8.0,4.0,1.1908,1.5733,0.0,0.0,2.48649,2.24066
2022-10-19,Man United,Tottenham,1.70973,0.658526,0.6423,0.2415,0.1162,1.70973,0.658526,18.41176470588235,18.357142857142858,10.0,7.0,2.1683999999999997,0.5901000000000001,0.0,0.0,0.658526,1.70973
2022-10-20,Leicester,Leeds,0.655249,1.19464,0.1801,0.3123,0.5076,0.655249,1.19464,10.678571428571429,8.7,4.0,5.0,0.8526,1.8351000000000002,0.0,0.0,1.19464,0.655249
2022-10-20,Fulham,Aston Villa,2.892,0.711487,0.8816,0.0849,0.0335,2.13083,0.711487,11.266666666666667,18.6,8.0,2.0,2.7297000000000002,0.1854,0.0,0.0,0.711487,2.892
2022-10-22,Chelsea,Man United,1.20238,0.730935,0.5149,0.3177,0.1674,0.441206,0.730935,16.0,16.307692307692307,3.0,8.0,1.8624,0.8199,0.0,0.0,0.730935,1.20238
2022-10-22,Man City,Brighton,1.86239,0.52863,0.7596,0.18,0.0604,1.10122,0.52863,12.0,13.588235294117647,14.0,5.0,2.4588000000000005,0.36119999999999997,0.0,0.0,0.52863,1.86239
2022-10-22,Nott'm Forest,Liverpool,2.50163,2.19752,0.4594,0.2303,0.3103,2.50163,2.19752,24.8,5.45,6.0,13.0,1.6084999999999998,1.1612,0.0,0.0,2.19752,2.50163
2022-10-22,Everton,Crystal Palace,1.93396,0.597167,0.7649,0.1702,0.0649,1.93396,0.597167,9.655172413793103,8.583333333333334,5.0,4.0,2.4649,0.3649,0.0,0.0,0.597167,1.93396
2022-10-23,Aston Villa,Brentford,3.45617,1.00462,0.9111,0.0678,0.0211,2.695,1.00462,7.172413793103448,7.363636363636363,9.0,3.0,2.8011,0.1311,0.0,0.0,1.00462,3.45617
2022-10-23,Leeds,Fulham,1.96384,2.47512,0.2725,0.2214,0.5061,1.96384,2.47512,6.033333333333333,14.68421052631579,8.0,3.0,1.0389000000000002,1.7397,0.0,0.0,2.47512,1.96384
2022-10-23,Southampton,Arsenal,0.622653,1.57897,0.1135,0.2527,0.6338,0.622653,1.57897,21.066666666666666,9.565217391304348,7.0,8.0,0.5932,2.1541,0.0,0.0,1.57897,0.622653
2022-10-23,Wolves,Leicester,1.61785,0.989075,0.5134,0.2724,0.2142,1.61785,0.989075,24.714285714285715,19.529411764705884,11.0,5.0,1.8126,0.915,0.0,0.0,0.989075,1.61785
2022-10-23,Tottenham,Newcastle,1.56513,1.1294,0.4711,0.2735,0.2554,1.56513,1.1294,8.5,15.055555555555555,7.0,11.0,1.6868,1.0397,0.0,0.0,1.1294,1.56513
2022-10-24,West Ham,Bournemouth,1.97715,0.730443,0.7246,0.2045,0.0709,1.21598,0.730443,11.318181818181818,15.68421052631579,7.0,4.0,2.3783,0.4172,0.0,0.0,0.730443,1.97715
2022-10-29,Bournemouth,Tottenham,0.887533,2.1946,0.1026,0.1995,0.6979,0.887533,2.1946,20.5625,18.4,3.0,10.0,0.5073,2.2932,0.0,0.0,2.1946,0.887533
2022-10-29,Leicester,Man City,0.693597,0.703827,0.3111,0.381,0.3079,0.693597,0.703827,31.875,14.941176470588236,2.0,14.0,1.3143,1.3047,0.0,0.0,0.703827,0.693597
2022-10-29,Brentford,Wolves,1.29257,0.557605,0.5841,0.2769,0.139,1.29257,0.557605,5.84,12.722222222222221,6.0,2.0,2.0292,0.6939,0.0,0.0,0.557605,1.29257
2022-10-29,Brighton,Chelsea,2.881,1.07554,0.8126,0.1331,0.0543,2.881,1.07554,22.692307692307693,12.5,5.0,8.0,2.5709,0.296,0.0,0.0,1.07554,2.881
2022-10-29,Crystal Palace,Southampton,1.00384,1.35803,0.2594,0.3006,0.44,1.00384,1.35803,11.608695652173912,7.3,7.0,8.0,1.0788,1.6206,0.0,0.0,1.35803,1.00384
2022-10-29,Newcastle,Aston Villa,4.18808,0.270814,0.9905,0.0086,0.0009,3.42692,0.270814,10.722222222222221,17.5,15.0,2.0,2.9801,0.011300000000000001,0.0,0.0,0.270814,4.18808
2022-10-29,Fulham,Everton,1.76438,1.19166,0.5075,0.27,0.2225,1.76438,1.19166,11.15,22.636363636363637,11.0,2.0,1.7925,0.9375,0.0,0.0,1.19166,1.76438
2022-10-29,Liverpool,Leeds,1.90889,1.61271,0.4399,0.2565,0.3036,1.90889,1.61271,10.916666666666666,29.285714285714285,14.0,6.0,1.5762,1.1673,0.0,0.0,1.61271,1.90889
2022-10-30,Arsenal,Nott'm Forest,3.00699,0.206127,0.9566,0.0379,0.0055,3.00699,0.206127,7.7894736842105265,26.25,21.0,2.0,2.9077,0.054400000000000004,0.0,0.0,0.206127,3.00699
2022-10-30,Man United,West Ham,1.7514,1.00033,0.5661,0.2616,0.1723,1.7514,1.00033,13.5,16.466666666666665,6.0,5.0,1.9599000000000002,0.7785,0.0,0.0,1.00033,1.7514
2022-11-05,Everton,Leicester,1.3729,2.2679,0.205,0.2148,0.5802,1.3729,2.2679,22.533333333333335,15.733333333333333,12.0,11.0,0.8298,1.9554,0.0,0.0,2.2679,1.3729
2022-11-05,Wolves,Brighton,1.29252,1.87375,0.2155,0.2709,0.5136,0.53135,1.87375,21.944444444444443,8.928571428571429,2.0,18.0,0.9174,1.8116999999999999,0.0,0.0,1.87375,1.29252
2022-11-05,Nott'm Forest,Brentford,1.29696,1.2204,0.348,0.3175,0.3345,1.29696,0.459234,16.235294117647058,13.357142857142858,10.0,6.0,1.3615,1.3210000000000002,0.0,0.0,1.2204,1.29696
2022-11-05,Man City,Fulham,2.39332,0.843884,0.7901,0.1705,0.0394,1.63215,0.0827148,12.0625,35.46153846153846,11.0,1.0,2.5408000000000004,0.2887,0.0,0.0,0.843884,2.39332
2022-11-05,Leeds,Bournemouth,2.22532,1.55594,0.5481,0.2398,0.2121,1.46415,1.55594,4.757575757575758,15.384615384615385,8.0,5.0,1.8841,0.8761000000000001,0.0,0.0,1.55594,2.22532
2022-11-06,Chelsea,Arsenal,0.278815,2.37846,0.0122,0.0736,0.9142,0.278815,2.37846,8.551724137931034,5.967741935483871,5.0,3.0,0.11019999999999999,2.8162,0.0,0.0,2.37846,0.278815
2022-11-06,Aston Villa,Man United,0.578563,0.517189,0.298,0.4411,0.2609,0.578563,0.517189,18.0,10.956521739130435,5.0,10.0,1.3351,1.2238,0.0,0.0,0.517189,0.578563
2022-11-06,Southampton,Newcastle,1.65228,1.42101,0.4256,0.2807,0.2937,1.65228,1.42101,9.045454545454545,14.266666666666667,6.0,4.0,1.5574999999999999,1.1618,0.0,0.0,1.42101,1.65228
2022-11-06,West Ham,Crystal Palace,0.192579,1.03344,0.0601,0.3321,0.6078,0.192579,1.03344,18.055555555555557,31.333333333333332,1.0,9.0,0.5124,2.1555,0.0,0.0,1.03344,0.192579
2022-11-06,Tottenham,Liverpool,1.81736,1.46548,0.4503,0.2538,0.2959,1.81736,1.46548,15.458333333333334,17.058823529411764,4.0,7.0,1.6047,1.1415,0.0,0.0,1.46548,1.81736
2022-11-12,Wolves,Arsenal,0.512339,2.27996,0.0353,0.1195,0.8452,0.512339,2.27996,18.11764705882353,13.142857142857142,4.0,4.0,0.2254,2.6550999999999996,0.0,0.0,2.27996,0.512339
2022-11-12,Newcastle,Chelsea,1.3601,0.359105,0.6864,0.2399,0.0737,1.3601,0.359105,8.485714285714286,10.681818181818182,7.0,2.0,2.2991,0.461,0.0,0.0,0.359105,1.3601
2022-11-12,West Ham,Leicester,0.720721,1.60566,0.122,0.2312,0.6468,0.720721,0.844493,12.238095238095237,11.652173913043478,6.0,5.0,0.5972,2.1716,0.0,0.0,1.60566,0.720721
2022-11-12,Tottenham,Leeds,2.58046,1.71731,0.5788,0.204,0.2172,2.58046,1.71731,16.727272727272727,21.533333333333335,7.0,6.0,1.9404,0.8555999999999999,0.0,0.0,1.71731,2.58046
2022-11-12,Liverpool,Southampton,2.74418,1.43427,0.6924,0.1735,0.1341,2.74418,1.43427,20.0,21.8,10.0,9.0,2.2507,0.5758,0.0,0.0,1.43427,2.74418
2022-11-12,Bournemouth,Everton,2.45642,0.768756,0.8095,0.1338,0.0567,2.45642,0.768756,22.428571428571427,5.5,8.0,7.0,2.5623,0.3039,0.0,0.0,0.768756,2.45642
2022-11-12,Man City,Brentford,1.605,3.29012,0.0967,0.1384,0.7649,1.605,3.29012,4.2,16.46153846153846,26.0,6.0,0.4285,2.4331,0.0,0.0,3.29012,1.605
2022-11-12,Nott'm Forest,Crystal Palace,1.23752,1.14552,0.3495,0.3518,0.2987,1.23752,0.384356,25.6,8.2,4.0,3.0,1.4003,1.2479,0.0,0.0,1.14552,1.23752
2022-11-13,Brighton,Aston Villa,0.829107,1.15437,0.2078,0.3416,0.4506,0.829107,0.393198,4.96875,16.38888888888889,7.0,6.0,0.9650000000000001,1.6934,0.0,0.0,1.15437,0.829107
2022-11-13,Fulham,Man United,1.70218,3.37664,0.086,0.142,0.772,1.70218,3.37664,11.857142857142858,20.416666666666668,6.0,6.0,0.4,2.4579999999999997,0.0,0.0,3.37664,1.70218
2022-12-26,Aston Villa,Liverpool,1.69155,3.50694,0.0917,0.1312,0.7771,1.69155,3.50694,30.0,12.318181818181818,5.0,8.0,0.4063,2.4625000000000004,0.0,0.0,3.50694,1.69155
2022-12-26,Arsenal,West Ham,1.88828,1.02652,0.5915,0.2609,0.1476,1.88828,0.265347,7.576923076923077,19.526315789473685,14.0,1.0,2.0354,0.7037,0.0,0.0,1.02652,1.88828
2022-12-26,Leicester,Newcastle,0.31099,1.76382,0.0339,0.1497,0.8164,0.31099,1.00265,6.966666666666667,23.2,4.0,5.0,0.2514,2.5989000000000004,0.0,0.0,1.76382,0.31099
2022-12-26,Southampton,Brighton,1.70709,1.00714,0.5656,0.281,0.1534,0.857921,1.00714,20.227272727272727,11.0625,5.0,10.0,1.9778000000000002,0.7412000000000001,0.0,0.0,1.00714,1.70709
2022-12-26,Crystal Palace,Fulham,0.421754,2.69927,0.0218,0.079,0.8992,0.421754,2.69927,18.11111111111111,8.678571428571429,2.0,13.0,0.1444,2.7766,0.0,0.0,2.69927,0.421754
2022-12-26,Brentford,Tottenham,2.25263,0.883787,0.7598,0.1641,0.0761,2.25263,0.883787,11.583333333333334,8.8125,7.0,5.0,2.4435,0.39239999999999997,0.0,0.0,0.883787,2.25263
2022-12-26,Everton,Wolves,1.22653,1.22076,0.3391,0.3145,0.3464,1.22653,1.22076,8.590909090909092,9.4,4.0,6.0,1.3318,1.3537,0.0,0.0,1.22076,1.22653
2022-12-27,Chelsea,Bournemouth,1.91378,0.44307,0.7782,0.1645,0.0573,1.91378,0.44307,10.470588235294118,15.291666666666666,7.0,4.0,2.4991,0.33640000000000003,0.0,0.0,0.44307,1.91378
2022-12-27,Man United,Nott'm Forest,2.13668,0.477076,0.8027,0.1485,0.0488,2.13668,0.477076,5.695652173913044,41.625,22.0,2.0,2.5566,0.2949,0.0,0.0,0.477076,2.13668
2022-12-28,Leeds,Man City,0.603751,4.16249,0.0095,0.0335,0.957,0.603751,4.16249,27.0,7.9,7.0,13.0,0.062,2.9045,0.0,0.0,4.16249,0.603751
2022-12-30,West Ham,Brentford,1.13979,1.51436,0.2474,0.2674,0.4852,1.13979,1.51436,10.0,30.444444444444443,5.0,7.0,1.0096,1.723,0.0,0.0,1.51436,1.13979
2022-12-30,Liverpool,Leicester,2.02463,0.863312,0.6596,0.2117,0.1287,2.02463,0.863312,14.65,22.0625,6.0,3.0,2.1905,0.5978,0.0,0.0,0.863312,2.02463
2022-12-31,Fulham,Southampton,1.49305,0.698711,0.621,0.2632,0.1158,0.731881,0.698711,7.523809523809524,13.590909090909092,6.0,2.0,2.1262,0.6106,0.0,0.0,0.698711,1.49305
2022-12-31,Brighton,Arsenal,1.15663,3.22106,0.0456,0.1051,0.8493,1.15663,3.22106,8.125,15.5,9.0,8.0,0.2419,2.6530000000000005,0.0,0.0,3.22106,1.15663
2022-12-31,Newcastle,Leeds,2.78846,0.517099,0.881,0.0883,0.0307,2.78846,0.517099,6.391304347826087,9.08695652173913,9.0,4.0,2.7312999999999996,0.1804,0.0,0.0,0.517099,2.78846
2022-12-31,Wolves,Man United,0.587672,2.44728,0.0488,0.1258,0.8254,0.587672,2.44728,11.181818181818182,8.73076923076923,2.0,13.0,0.2722,2.602,0.0,0.0,2.44728,0.587672
2022-12-31,Bournemouth,Crystal Palace,0.895819,1.75264,0.1237,0.2679,0.6084,0.895819,1.75264,7.05,9.73076923076923,8.0,8.0,0.639,2.0931,0.0,0.0,1.75264,0.895819
2022-12-31,Man City,Everton,2.36333,0.0760019,0.9324,0.0634,0.0042,2.36333,0.0760019,5.0,33.9,13.0,2.0,2.8606000000000003,0.076,0.0,0.0,0.0760019,2.36333
2023-01-01,Tottenham,Aston Villa,0.569383,1.21733,0.1431,0.2918,0.5651,0.569383,1.21733,10.272727272727273,17.27777777777778,6.0,7.0,0.7211000000000001,1.9871,0.0,0.0,1.21733,0.569383
2023-01-01,Nott'm Forest,Chelsea,0.985219,1.37305,0.2313,0.2919,0.4768,0.985219,1.37305,19.291666666666668,6.136363636363637,10.0,6.0,0.9858,1.7223000000000002,0.0,0.0,1.37305,0.985219
2023-01-02,Brentford,Liverpool,2.0991,2.10461,0.3736,0.2734,0.353,2.0991,2.10461,16.11764705882353,4.777777777777778,0.0,19.0,1.3942,1.3323999999999998,0.0,0.0,2.10461,2.0991
2023-01-03,Leicester,Fulham,1.45221,1.33493,0.3898,0.2799,0.3303,1.45221,1.33493,6.25,15.227272727272727,6.0,4.0,1.4493,1.2708,0.0,0.0,1.33493,1.45221
2023-01-03,Man United,Bournemouth,2.97383,0.679022,0.8881,0.0826,0.0293,2.97383,0.679022,10.761904761904763,24.071428571428573,13.0,2.0,2.7469,0.1705,0.0,0.0,0.679022,2.97383
2023-01-03,Arsenal,Newcastle,0.970637,0.959523,0.3226,0.3381,0.3393,0.970637,0.959523,7.466666666666667,11.909090909090908,9.0,4.0,1.3059,1.356,0.0,0.0,0.959523,0.970637
2023-01-03,Everton,Brighton,1.16896,2.50731,0.102,0.1911,0.7069,0.407788,2.50731,22.333333333333332,21.2,4.0,4.0,0.4971,2.3118,0.0,0.0,2.50731,1.16896
2023-01-04,Aston Villa,Wolves,1.03226,0.832522,0.3969,0.3272,0.2759,1.03226,0.832522,18.692307692307693,13.7,4.0,2.0,1.5178999999999998,1.1548999999999998,0.0,0.0,0.832522,1.03226
2023-01-04,Crystal Palace,Tottenham,0.787525,1.66514,0.1413,0.2366,0.6221,0.787525,1.66514,14.75,14.235294117647058,8.0,9.0,0.6605000000000001,2.1029,0.0,0.0,1.66514,0.787525
2023-01-04,Southampton,Nott'm Forest,0.62937,1.22324,0.153,0.3001,0.5469,0.62937,1.22324,5.565217391304348,11.85,4.0,4.0,0.7590999999999999,1.9408000000000003,0.0,0.0,1.22324,0.62937
2023-01-04,Leeds,West Ham,1.2577,1.29245,0.324,0.3108,0.3652,1.2577,0.531284,4.260869565217392,9.592592592592593,7.0,3.0,1.2828,1.4064,0.0,0.0,1.29245,1.2577
2023-01-05,Chelsea,Man City,0.493576,1.71972,0.065,0.1925,0.7425,0.493576,1.71972,13.583333333333334,12.76923076923077,5.0,10.0,0.3875,2.42,0.0,0.0,1.71972,0.493576
2023-01-12,Fulham,Chelsea,0.711266,2.39911,0.0519,0.1442,0.8039,0.711266,2.39911,14.590909090909092,8.73076923076923,2.0,7.0,0.2999,2.5559,0.0,0.0,2.39911,0.711266
2023-01-13,Aston Villa,Leeds,1.64599,2.46295,0.1931,0.2242,0.5827,1.64599,2.46295,7.45,6.219512195121951,5.0,1.0,0.8034999999999999,1.9723,0.0,0.0,2.46295,1.64599
2023-01-14,Man United,Man City,1.98228,0.73695,0.7313,0.2034,0.0653,1.98228,0.73695,28.8125,16.545454545454547,9.0,10.0,2.3972999999999995,0.3993,0.0,0.0,0.73695,1.98228
2023-01-14,Brighton,Liverpool,2.40062,1.28853,0.6565,0.2102,0.1333,2.40062,1.28853,13.0,15.481481481481481,13.0,5.0,2.1797,0.6101000000000001,0.0,0.0,1.28853,2.40062
2023-01-14,Everton,Southampton,1.18191,1.08412,0.3807,0.3021,0.3172,1.18191,1.08412,13.071428571428571,6.84,4.0,8.0,1.4442,1.2537,0.0,0.0,1.08412,1.18191
2023-01-14,Nott'm Forest,Leicester,1.75313,0.803421,0.6211,0.2387,0.1402,1.75313,0.803421,17.05263157894737,11.625,6.0,3.0,2.102,0.6593,0.0,0.0,0.803421,1.75313
2023-01-14,Wolves,West Ham,0.806232,0.735105,0.3464,0.365,0.2886,0.806232,0.735105,15.307692307692308,14.80952380952381,5.0,7.0,1.4042,1.2308000000000001,0.0,0.0,0.735105,0.806232
2023-01-14,Brentford,Bournemouth,1.29815,0.269283,0.7302,0.2253,0.0445,0.536983,0.269283,13.0,10.142857142857142,3.0,2.0,2.4158999999999997,0.3588,0.0,0.0,0.269283,1.29815
2023-01-15,Chelsea,Crystal Palace,2.12987,0.837366,0.7152,0.1938,0.091,2.12987,0.837366,5.739130434782608,11.5,9.0,3.0,2.3394,0.4668,0.0,0.0,0.837366,2.12987
2023-01-15,Newcastle,Fulham,1.96256,0.989872,0.6207,0.2552,0.1241,1.96256,0.228703,6.166666666666667,14.733333333333333,13.0,3.0,2.1173,0.6275,0.0,0.0,0.989872,1.96256
2023-01-15,Tottenham,Arsenal,1.71032,2.04232,0.293,0.2491,0.4579,1.71032,2.04232,16.923076923076923,11.5,8.0,8.0,1.1280999999999999,1.6227999999999998,0.0,0.0,2.04232,1.71032
2023-01-18,Crystal Palace,Man United,0.413339,1.39437,0.0948,0.2512,0.654,0.413339,1.39437,13.068965517241379,7.958333333333333,3.0,12.0,0.5356,2.2132,0.0,0.0,1.39437,0.413339
2023-01-19,Man City,Tottenham,2.34166,1.16499,0.6717,0.203,0.1253,2.34166,1.16499,12.619047619047619,19.58823529411765,11.0,8.0,2.2180999999999997,0.5789,0.0,0.0,1.16499,2.34166
2023-01-21,Crystal Palace,Newcastle,0.333154,1.44384,0.0722,0.2329,0.6949,0.333154,1.44384,7.870967741935484,6.842105263157895,3.0,13.0,0.4495,2.3175999999999997,0.0,0.0,1.44384,0.333154
2023-01-21,West Ham,Everton,2.46879,0.286826,0.9339,0.0568,0.0093,2.46879,0.286826,21.2,10.526315789473685,3.0,4.0,2.8585,0.0847,0.0,0.0,0.286826,2.46879
2023-01-21,Southampton,Aston Villa,0.672444,1.16432,0.201,0.3311,0.4679,0.672444,1.16432,12.035714285714286,7.571428571428571,4.0,8.0,0.9340999999999999,1.7348,0.0,0.0,1.16432,0.672444
2023-01-21,Liverpool,Chelsea,1.30125,1.84467,0.2375,0.2581,0.5044,1.30125,1.84467,10.5625,9.814814814814815,7.0,7.0,0.9705999999999999,1.7712999999999999,0.0,0.0,1.84467,1.30125
2023-01-21,Bournemouth,Nott'm Forest,1.80549,1.57544,0.4241,0.2689,0.307,1.80549,1.57544,19.5,10.0,10.0,5.0,1.5412,1.1899,0.0,0.0,1.57544,1.80549
2023-01-21,Leicester,Brighton,1.35941,1.94491,0.2166,0.2601,0.5233,1.35941,1.94491,32.81818181818182,9.80952380952381,2.0,12.0,0.9098999999999999,1.83,0.0,0.0,1.94491,1.35941
2023-01-22,Leeds,Brentford,0.374736,0.17114,0.2817,0.5991,0.1192,0.374736,0.17114,7.260869565217392,7.037037037037037,7.0,5.0,1.4442,0.9567,0.0,0.0,0.17114,0.374736
2023-01-22,Man City,Wolves,3.32757,0.469277,0.9503,0.0408,0.0089,2.5664,0.469277,20.066666666666666,19.0,9.0,4.0,2.8917,0.0675,0.0,0.0,0.469277,3.32757
2023-01-22,Arsenal,Man United,2.90273,0.272246,0.9363,0.0541,0.0096,2.90273,0.272246,11.833333333333334,13.777777777777779,15.0,1.0,2.863,0.0829,0.0,0.0,0.272246,2.90273
2023-01-23,Fulham,Tottenham,1.09339,0.993805,0.3629,0.3376,0.2995,1.09339,0.993805,9.275862068965518,12.952380952380953,7.0,7.0,1.4263,1.2361,0.0,0.0,0.993805,1.09339
2023-02-03,Chelsea,Fulham,1.41471,0.493341,0.6334,0.254,0.1126,1.41471,0.493341,4.2727272727272725,19.727272727272727,5.0,5.0,2.1542,0.5918,0.0,0.0,0.493341,1.41471
2023-02-04,Wolves,Liverpool,2.63328,1.30193,0.7065,0.1715,0.122,2.63328,1.30193,27.818181818181817,11.7,5.0,14.0,2.291,0.5375,0.0,0.0,1.30193,2.63328
2023-02-04,Newcastle,West Ham,1.22883,1.27831,0.33,0.31,0.36,1.22883,1.27831,8.05,10.576923076923077,6.0,4.0,1.3,1.3900000000000001,0.0,0.0,1.27831,1.22883
2023-02-04,Man United,Crystal Palace,2.07035,1.3798,0.5467,0.2671,0.1862,1.30918,1.3798,13.823529411764707,16.466666666666665,11.0,4.0,1.9072,0.8257,0.0,0.0,1.3798,2.07035
2023-02-04,Everton,Arsenal,2.09191,0.690102,0.7682,0.1665,0.0653,2.09191,0.690102,18.0,5.777777777777778,4.0,11.0,2.4711,0.3624,0.0,0.0,0.690102,2.09191
2023-02-04,Brentford,Southampton,2.36747,0.644385,0.8146,0.1377,0.0477,2.36747,0.644385,12.058823529411764,8.578947368421053,12.0,5.0,2.5815,0.2808,0.0,0.0,0.644385,2.36747
2023-02-04,Aston Villa,Leicester,1.4989,2.49784,0.1591,0.2124,0.6285,1.4989,2.49784,7.72,13.333333333333334,15.0,5.0,0.6897,2.0979,0.0,0.0,2.49784,1.4989
2023-02-04,Brighton,Bournemouth,2.55696,0.908298,0.7945,0.1408,0.0647,2.55696,0.908298,6.947368421052632,23.266666666666666,15.0,2.0,2.5242999999999998,0.3349,0.0,0.0,0.908298,2.55696
2023-02-05,Nott'm Forest,Leeds,0.3325,1.12331,0.0866,0.2912,0.6222,0.3325,1.12331,14.428571428571429,3.3333333333333335,1.0,7.0,0.5509999999999999,2.1578,0.0,0.0,1.12331,0.3325
2023-02-05,Tottenham,Man City,1.42168,0.773747,0.5572,0.2724,0.1704,1.42168,0.773747,20.214285714285715,5.8,3.0,5.0,1.9440000000000002,0.7836,0.0,0.0,0.773747,1.42168
2023-02-08,Man United,Leeds,2.00007,0.554798,0.7559,0.1739,0.0702,2.00007,0.554798,5.65,12.222222222222221,11.0,4.0,2.4416,0.3845,0.0,0.0,0.554798,2.00007
2023-02-11,Bournemouth,Newcastle,1.54458,1.54853,0.3298,0.3393,0.3309,1.54458,1.54853,15.5,4.592592592592593,4.0,6.0,1.3287,1.332,0.0,0.0,1.54853,1.54458
2023-02-11,Southampton,Wolves,1.30203,0.615651,0.5648,0.2886,0.1466,1.30203,0.615651,8.470588235294118,5.947368421052632,7.0,2.0,1.9829999999999999,0.7284,0.0,0.0,0.615651,1.30203
2023-02-11,Fulham,Nott'm Forest,1.69704,0.686824,0.658,0.2237,0.1183,1.69704,0.686824,11.217391304347826,11.45,6.0,6.0,2.1977,0.5786,0.0,0.0,0.686824,1.69704
2023-02-11,Leicester,Tottenham,1.41208,1.11709,0.4281,0.3074,0.2645,1.41208,1.11709,7.073170731707317,16.1875,6.0,4.0,1.5917,1.1009000000000002,0.0,0.0,1.11709,1.41208
2023-02-11,Arsenal,Brentford,1.36738,2.17538,0.1738,0.2237,0.6025,1.36738,2.17538,6.466666666666667,12.0,21.0,15.0,0.7451000000000001,2.0312,0.0,0.0,2.17538,1.36738
2023-02-11,West Ham,Chelsea,1.07615,0.900465,0.3903,0.331,0.2787,1.07615,0.900465,21.333333333333332,5.65,6.0,10.0,1.5019,1.1671,0.0,0.0,0.900465,1.07615
2023-02-11,Crystal Palace,Brighton,0.928279,2.64981,0.0646,0.1488,0.7866,0.928279,2.64981,21.61904761904762,3.6333333333333333,2.0,8.0,0.3426,2.5086,0.0,0.0,2.64981,0.928279
2023-02-12,Leeds,Man United,1.89163,1.30375,0.5262,0.2469,0.2269,1.89163,1.30375,11.266666666666667,5.75,5.0,5.0,1.8255,0.9276,0.0,0.0,1.30375,1.89163
2023-02-12,Man City,Aston Villa,3.60987,0.275348,0.9777,0.0192,0.0031,2.8487,0.275348,8.090909090909092,23.6,7.0,4.0,2.9523,0.028499999999999998,0.0,0.0,0.275348,3.60987
2023-02-13,Liverpool,Everton,2.23291,0.402331,0.8479,0.1222,0.0299,2.23291,0.402331,10.916666666666666,14.407407407407407,7.0,3.0,2.6658999999999997,0.2119,0.0,0.0,0.402331,2.23291
2023-02-15,Arsenal,Man City,1.70139,2.00841,0.2895,0.2762,0.4343,0.940216,2.00841,8.777777777777779,12.384615384615385,9.0,7.0,1.1446999999999998,1.5791000000000002,0.0,0.0,2.00841,1.70139
2023-02-18,Nott'm Forest,Man City,1.12735,2.80966,0.0313,0.1269,0.8418,1.12735,2.80966,39.625,7.470588235294118,1.0,16.0,0.22080000000000002,2.6523,0.0,0.0,2.80966,1.12735
2023-02-18,Newcastle,Liverpool,1.74852,2.16549,0.2877,0.2362,0.4761,1.74852,2.16549,41.2,7.076923076923077,5.0,7.0,1.0993,1.6645,0.0,0.0,2.16549,1.74852
2023-02-18,Wolves,Bournemouth,0.911415,1.15274,0.2191,0.3382,0.4427,0.911415,1.15274,6.6,21.235294117647058,11.0,4.0,0.9955,1.6663000000000001,0.0,0.0,1.15274,0.911415
2023-02-18,Everton,Leeds,1.53811,0.597403,0.6387,0.244,0.1173,1.53811,0.597403,10.157894736842104,12.117647058823529,7.0,6.0,2.1601,0.5959,0.0,0.0,0.597403,1.53811
2023-02-18,Chelsea,Southampton,1.61723,0.619532,0.6624,0.2351,0.1025,1.61723,0.619532,5.862068965517241,7.119047619047619,11.0,3.0,2.2223,0.5426,0.0,0.0,0.619532,1.61723
2023-02-18,Brighton,Fulham,2.71375,0.224214,0.9284,0.0626,0.009,2.71375,0.224214,6.2,22.058823529411764,10.0,0.0,2.8478000000000003,0.0896,0.0,0.0,0.224214,2.71375
2023-02-18,Brentford,Crystal Palace,0.610105,1.12202,0.1813,0.31,0.5087,0.610105,1.12202,7.32,19.733333333333334,12.0,3.0,0.8538999999999999,1.8361,0.0,0.0,1.12202,0.610105
2023-02-18,Aston Villa,Arsenal,0.335752,2.85981,0.0159,0.0617,0.9224,0.335752,2.85981,14.68421052631579,9.157894736842104,2.0,14.0,0.1094,2.8289,0.0,0.0,2.85981,0.335752
2023-02-19,Man United,Leicester,4.24663,1.39678,0.8915,0.0703,0.0382,4.24663,1.39678,10.545454545454545,11.586206896551724,12.0,7.0,2.7448,0.1849,0.0,0.0,1.39678,4.24663
2023-02-19,Tottenham,West Ham,1.43042,0.365173,0.6822,0.2443,0.0735,1.43042,0.365173,6.592592592592593,10.821428571428571,8.0,3.0,2.2909,0.4648,0.0,0.0,0.365173,1.43042
2023-02-24,Fulham,Wolves,0.913133,0.997097,0.308,0.3322,0.3598,0.913133,0.997097,9.481481481481481,8.655172413793103,6.0,6.0,1.2562,1.4116000000000002,0.0,0.0,0.997097,0.913133
2023-02-25,Crystal Palace,Liverpool,0.989086,1.35123,0.2465,0.2938,0.4597,0.989086,1.35123,18.681818181818183,8.31578947368421,1.0,5.0,1.0333,1.6729,0.0,0.0,1.35123,0.989086
2023-02-25,West Ham,Nott'm Forest,3.05032,0.350849,0.9617,0.0326,0.0057,3.05032,0.350849,10.409090909090908,14.692307692307692,13.0,3.0,2.9177,0.049699999999999994,0.0,0.0,0.350849,3.05032
2023-02-25,Bournemouth,Man City,1.08527,2.98206,0.0517,0.1222,0.8261,1.08527,2.98206,32.357142857142854,7.571428571428571,4.0,15.0,0.2773,2.6005,0.0,0.0,2.98206,1.08527
2023-02-25,Leeds,Southampton,0.720048,0.391128,0.4014,0.4255,0.1731,0.720048,0.391128,5.444444444444445,10.961538461538462,10.0,2.0,1.6297,0.9448,0.0,0.0,0.391128,0.720048
2023-02-25,Everton,Aston Villa,1.54109,2.06037,0.2358,0.253,0.5112,1.54109,1.2992,7.105263157894737,11.0,9.0,5.0,0.9604,1.7866,0.0,0.0,2.06037,1.54109
2023-02-25,Leicester,Arsenal,0.0203463,0.722059,0.0101,0.4553,0.5346,0.0203463,0.722059,15.722222222222221,7.947368421052632,2.0,10.0,0.4856,2.0591,0.0,0.0,0.722059,0.0203463
2023-02-26,Tottenham,Chelsea,0.926313,0.262281,0.6002,0.3262,0.0736,0.926313,0.262281,11.48,8.033333333333333,5.0,5.0,2.1268,0.5469999999999999,0.0,0.0,0.262281,0.926313
2023-03-01,Liverpool,Wolves,2.70191,0.78681,0.8368,0.1239,0.0393,2.70191,0.78681,7.628571428571429,8.461538461538462,11.0,4.0,2.6342999999999996,0.24180000000000001,0.0,0.0,0.78681,2.70191
2023-03-01,Arsenal,Everton,3.06919,1.604,0.7363,0.1702,0.0935,3.06919,1.604,7.647058823529412,22.0,13.0,5.0,2.3790999999999998,0.4507,0.0,0.0,1.604,3.06919
2023-03-04,Wolves,Tottenham,0.562477,1.25588,0.1582,0.2936,0.5482,0.562477,1.25588,19.357142857142858,10.521739130434783,3.0,7.0,0.7682,1.9382000000000001,0.0,0.0,1.25588,0.562477
2023-03-04,Man City,Newcastle,1.34144,0.359809,0.6421,0.2711,0.0868,1.34144,0.359809,10.545454545454545,14.545454545454545,12.0,7.0,2.1974,0.5315000000000001,0.0,0.0,0.359809,1.34144
2023-03-04,Arsenal,Bournemouth,2.46279,1.74267,0.5372,0.2353,0.2275,2.46279,1.74267,4.0,14.2,31.0,3.0,1.8469000000000002,0.9178,0.0,0.0,1.74267,2.46279
2023-03-04,Aston Villa,Crystal Palace,0.890605,0.152761,0.5676,0.3749,0.0575,0.890605,0.152761,8.576923076923077,9.405405405405405,8.0,0.0,2.0777,0.5474,0.0,0.0,0.152761,0.890605
2023-03-04,Brighton,West Ham,3.49993,0.250045,0.9876,0.0113,0.0011,2.73876,0.250045,10.473684210526315,19.363636363636363,9.0,3.0,2.9741,0.014599999999999998,0.0,0.0,0.250045,3.49993
2023-03-04,Chelsea,Leeds,1.8678,0.633995,0.7086,0.1964,0.095,1.8678,0.633995,8.44,17.894736842105264,8.0,4.0,2.3222,0.48140000000000005,0.0,0.0,0.633995,1.8678
2023-03-04,Southampton,Leicester,1.34332,1.67051,0.269,0.2878,0.4432,0.582156,1.67051,13.115384615384615,5.964285714285714,1.0,12.0,1.0948,1.6174,0.0,0.0,1.67051,1.34332
2023-03-05,Liverpool,Man United,3.44269,0.837542,0.9027,0.0679,0.0294,3.44269,0.837542,5.956521739130435,13.210526315789474,14.0,3.0,2.776,0.15610000000000002,0.0,0.0,0.837542,3.44269
2023-03-05,Nott'm Forest,Everton,0.799733,1.70877,0.1136,0.2522,0.6342,0.799733,0.947603,6.904761904761905,7.909090909090909,5.0,12.0,0.593,2.1548,0.0,0.0,1.70877,0.799733
2023-03-06,Brentford,Fulham,2.44358,1.67531,0.5684,0.2384,0.1932,1.68241,1.67531,6.2105263157894735,4.521739130434782,7.0,3.0,1.9436,0.8180000000000001,0.0,0.0,1.67531,2.44358
2023-03-11,Bournemouth,Liverpool,1.10128,2.13465,0.1228,0.2227,0.6545,1.10128,1.37349,27.53846153846154,5.0,1.0,12.0,0.5911,2.1862,0.0,0.0,2.13465,1.10128
2023-03-11,Everton,Brentford,1.71599,1.95088,0.3049,0.261,0.4341,1.71599,1.95088,11.5,6.055555555555555,0.0,7.0,1.1757,1.5633,0.0,0.0,1.95088,1.71599
2023-03-11,Leeds,Brighton,0.596738,1.51388,0.1289,0.2323,0.6388,0.596738,1.51388,11.689655172413794,7.88,9.0,10.0,0.619,2.1487000000000003,0.0,0.0,1.51388,0.596738
2023-03-11,Leicester,Chelsea,2.36139,1.49478,0.6059,0.2194,0.1747,2.36139,1.49478,10.67741935483871,13.181818181818182,6.0,6.0,2.0370999999999997,0.7435,0.0,0.0,1.49478,2.36139
2023-03-11,Tottenham,Nott'm Forest,1.73482,1.62805,0.3636,0.305,0.3314,0.973653,0.866885,8.75,16.263157894736842,10.0,6.0,1.3958,1.2992,0.0,0.0,1.62805,1.73482
2023-03-11,Crystal Palace,Man City,0.185498,2.1884,0.0116,0.0758,0.9126,0.185498,1.42723,17.41176470588235,5.433333333333334,0.0,8.0,0.1106,2.8136,0.0,0.0,2.1884,0.185498
2023-03-12,Newcastle,Wolves,2.45527,0.709895,0.7916,0.1474,0.061,2.45527,0.709895,10.652173913043478,13.090909090909092,12.0,3.0,2.5222,0.3304,0.0,0.0,0.709895,2.45527
2023-03-12,West Ham,Aston Villa,2.14634,1.99139,0.4022,0.2566,0.3412,1.38517,1.99139,12.37037037037037,23.0,3.0,10.0,1.4631999999999998,1.2802,0.0,0.0,1.99139,2.14634
2023-03-12,Fulham,Arsenal,0.61832,2.64355,0.0328,0.1033,0.8639,0.61832,2.64355,17.05,11.043478260869565,5.0,20.0,0.20170000000000002,2.695,0.0,0.0,2.64355,0.61832
2023-03-12,Man United,Southampton,0.910911,1.18053,0.2713,0.3138,0.4149,0.910911,1.18053,9.153846153846153,8.92,8.0,4.0,1.1277,1.5585,0.0,0.0,1.18053,0.910911
2023-03-15,Southampton,Brentford,0.358977,1.66591,0.0268,0.1534,0.8198,0.358977,1.66591,5.4,11.807692307692308,6.0,4.0,0.2338,2.6128,0.0,0.0,1.66591,0.358977
2023-03-15,Brighton,Crystal Palace,0.588727,1.21452,0.1611,0.2961,0.5428,0.588727,1.21452,8.481481481481481,10.5,5.0,7.0,0.7793999999999999,1.9244999999999999,0.0,0.0,1.21452,0.588727
2023-03-17,Nott'm Forest,Newcastle,0.531985,2.50027,0.0273,0.1053,0.8674,0.531985,1.7391,10.818181818181818,4.925925925925926,3.0,15.0,0.1872,2.7075,0.0,0.0,2.50027,0.531985
2023-03-18,Chelsea,Everton,1.90027,1.64675,0.4255,0.2703,0.3042,1.1391,1.64675,7.133333333333334,12.958333333333334,9.0,1.0,1.5468,1.1829,0.0,0.0,1.64675,1.90027
2023-03-18,Aston Villa,Bournemouth,3.45474,0.50014,0.9472,0.0425,0.0103,3.45474,0.50014,8.24,7.771428571428571,16.0,5.0,2.8841,0.0734,0.0,0.0,0.50014,3.45474
2023-03-18,Brentford,Leicester,0.476467,1.42133,0.1013,0.2484,0.6503,0.476467,1.42133,9.133333333333333,9.88,7.0,5.0,0.5523,2.1993,0.0,0.0,1.42133,0.476467
2023-03-18,Southampton,Tottenham,2.52077,1.88473,0.5397,0.2182,0.2421,1.7596,1.88473,10.444444444444445,7.576923076923077,12.0,6.0,1.8373,0.9445000000000001,0.0,0.0,1.88473,2.52077
2023-03-18,Wolves,Leeds,2.76358,1.6549,0.6326,0.1942,0.1732,2.76358,1.6549,4.466666666666667,18.5,11.0,3.0,2.092,0.7138,0.0,0.0,1.6549,2.76358
2023-03-19,Arsenal,Crystal Palace,1.53568,1.19194,0.438,0.2882,0.2738,1.53568,1.19194,12.6875,17.22222222222222,13.0,5.0,1.6022,1.1096,0.0,0.0,1.19194,1.53568
2023-04-01,Nott'm Forest,Wolves,1.11441,0.383739,0.5567,0.3262,0.1171,1.11441,0.383739,16.307692307692307,5.5,5.0,5.0,1.9963,0.6775,0.0,0.0,0.383739,1.11441
2023-04-01,Chelsea,Aston Villa,2.38024,0.765794,0.7612,0.1654,0.0734,2.38024,0.765794,4.542857142857143,12.291666666666666,19.0,2.0,2.449,0.3856,0.0,0.0,0.765794,2.38024
2023-04-01,Crystal Palace,Leicester,1.93471,0.198959,0.8241,0.151,0.0249,1.93471,0.198959,12.952380952380953,8.407407407407407,14.0,2.0,2.6233,0.22569999999999998,0.0,0.0,0.198959,1.93471
2023-04-01,Man City,Liverpool,3.01243,0.318171,0.9428,0.0485,0.0087,3.01243,0.318171,11.0,25.444444444444443,18.0,3.0,2.8769,0.0746,0.0,0.0,0.318171,3.01243
2023-04-01,Bournemouth,Fulham,3.14054,0.601049,0.947,0.0429,0.0101,3.14054,0.601049,12.041666666666666,7.038461538461538,10.0,6.0,2.8838999999999997,0.0732,0.0,0.0,0.601049,3.14054
2023-04-01,Brighton,Brentford,3.8195,1.2788,0.8751,0.0894,0.0355,3.05833,1.2788,6.3125,11.956521739130435,11.0,4.0,2.7147,0.19589999999999996,0.0,0.0,1.2788,3.8195
2023-04-01,Arsenal,Leeds,3.29548,0.497609,0.9456,0.0454,0.009,2.53431,0.497609,8.444444444444445,16.8,6.0,6.0,2.8822,0.07239999999999999,0.0,0.0,0.497609,3.29548
2023-04-02,West Ham,Southampton,1.40363,0.318261,0.6879,0.243,0.0691,1.40363,0.318261,8.972972972972974,7.758620689655173,3.0,3.0,2.3066999999999998,0.4503,0.0,0.0,0.318261,1.40363
2023-04-02,Newcastle,Man United,3.33162,0.334127,0.9585,0.0373,0.0042,3.33162,0.334127,7.323529411764706,6.230769230769231,11.0,5.0,2.9128000000000003,0.0499,0.0,0.0,0.334127,3.33162
2023-04-03,Everton,Tottenham,0.823365,1.39177,0.1746,0.284,0.5414,0.823365,0.630599,12.655172413793103,8.61111111111111,7.0,9.0,0.8078000000000001,1.9082000000000001,0.0,0.0,1.39177,0.823365
2023-04-04,Leicester,Aston Villa,0.671597,1.00159,0.2261,0.3348,0.4391,0.671597,1.00159,10.222222222222221,10.4,2.0,11.0,1.0131000000000001,1.6521,0.0,0.0,1.00159,0.671597
2023-04-04,Bournemouth,Brighton,1.15322,2.63392,0.0954,0.1605,0.7441,1.15322,2.63392,11.5,11.0,7.0,13.0,0.4467,2.3928,0.0,0.0,2.63392,1.15322
2023-04-04,Leeds,Nott'm Forest,2.43248,0.613917,0.8207,0.129,0.0503,2.43248,0.613917,5.392857142857143,10.434782608695652,12.0,4.0,2.5911,0.2799,0.0,0.0,0.613917,2.43248
2023-04-04,Chelsea,Liverpool,2.18903,0.202217,0.8998,0.0894,0.0108,2.18903,0.202217,15.75,10.419354838709678,12.0,8.0,2.7888,0.12179999999999999,0.0,0.0,0.202217,2.18903
2023-04-05,West Ham,Newcastle,0.83342,2.84091,0.0388,0.1129,0.8483,0.83342,2.84091,11.583333333333334,6.36,3.0,11.0,0.2293,2.6578,0.0,0.0,2.84091,0.83342
2023-04-05,Man United,Brentford,1.1445,0.64499,0.4718,0.3392,0.189,1.1445,0.64499,9.473684210526315,17.705882352941178,12.0,2.0,1.7546,0.9061999999999999,0.0,0.0,0.64499,1.1445
2023-04-08,Tottenham,Brighton,0.594139,1.47549,0.1236,0.2613,0.6151,0.594139,1.47549,13.571428571428571,6.392857142857143,7.0,10.0,0.6321,2.1066,0.0,0.0,1.47549,0.594139
2023-04-08,Leicester,Bournemouth,0.731965,1.92396,0.1123,0.2085,0.6792,0.731965,1.92396,12.176470588235293,10.681818181818182,5.0,7.0,0.5454,2.2461,0.0,0.0,1.92396,0.731965
2023-04-08,Fulham,West Ham,0.456524,1.23261,0.1188,0.2784,0.6028,0.456524,1.23261,4.277777777777778,16.57894736842105,9.0,4.0,0.6348,2.0868,0.0,0.0,1.23261,0.456524
2023-04-08,Aston Villa,Nott'm Forest,1.42718,0.232452,0.7383,0.2184,0.0433,1.42718,0.232452,6.052631578947368,12.391304347826088,8.0,1.0,2.4333,0.3483,0.0,0.0,0.232452,1.42718
2023-04-08,Man United,Everton,4.38578,0.949183,0.9363,0.0453,0.0184,4.38578,0.949183,10.642857142857142,12.214285714285714,18.0,4.0,2.8542,0.1005,0.0,0.0,0.949183,4.38578
2023-04-08,Wolves,Chelsea,0.601153,0.815308,0.2479,0.3819,0.3702,0.601153,0.815308,10.035714285714286,10.176470588235293,3.0,14.0,1.1256,1.4924999999999997,0.0,0.0,0.815308,0.601153
2023-04-08,Brentford,Newcastle,2.06521,1.02337,0.6806,0.207,0.1124,0.542871,1.02337,12.5625,5.481481481481482,5.0,9.0,2.2487999999999997,0.5442,0.0,0.0,1.02337,2.06521
2023-04-08,Southampton,Man City,0.492801,3.05999,0.0084,0.0519,0.9397,0.492801,2.29883,54.888888888888886,8.88888888888889,1.0,11.0,0.0771,2.8709999999999996,0.0,0.0,3.05999,0.492801
2023-04-09,Liverpool,Arsenal,4.64012,1.53631,0.9331,0.0484,0.0185,3.87895,1.53631,7.423076923076923,13.238095238095237,19.0,1.0,2.8477,0.10389999999999999,0.0,0.0,1.53631,4.64012
2023-04-09,Leeds,Crystal Palace,1.02075,3.22687,0.0363,0.0999,0.8638,1.02075,3.22687,5.186046511627907,11.0,7.0,6.0,0.20879999999999999,2.6913,0.0,0.0,3.22687,1.02075
2023-04-15,Man City,Leicester,1.60702,1.92692,0.2627,0.3,0.4373,0.845854,1.92692,9.6,21.789473684210527,2.0,7.0,1.0881,1.6119,0.0,0.0,1.92692,1.60702
2023-04-15,Wolves,Brentford,0.93912,1.5133,0.1812,0.294,0.5248,0.93912,1.5133,14.0,12.952380952380953,3.0,4.0,0.8375999999999999,1.8684000000000003,0.0,0.0,1.5133,0.93912
2023-04-15,Tottenham,Bournemouth,2.30604,1.20598,0.6307,0.2053,0.164,2.30604,1.20598,8.909090909090908,13.157894736842104,8.0,5.0,2.0974,0.6973,0.0,0.0,1.20598,2.30604
2023-04-15,Aston Villa,Newcastle,1.91802,0.425086,0.7878,0.1598,0.0524,1.91802,0.425086,6.962962962962963,5.7631578947368425,12.0,6.0,2.5232,0.317,0.0,0.0,0.425086,1.91802
2023-04-15,Everton,Fulham,2.24262,1.92209,0.4638,0.2338,0.3024,2.24262,1.92209,13.5625,13.466666666666667,5.0,8.0,1.6252,1.141,0.0,0.0,1.92209,2.24262
2023-04-15,Chelsea,Brighton,0.46331,2.52107,0.0348,0.1111,0.8541,0.46331,2.52107,15.55,10.375,6.0,11.0,0.2155,2.6734,0.0,0.0,2.52107,0.46331
2023-04-15,Southampton,Crystal Palace,0.678449,0.86306,0.241,0.3639,0.3951,0.678449,0.86306,8.478260869565217,9.090909090909092,9.0,8.0,1.0869,1.5492,0.0,0.0,0.86306,0.678449
2023-04-16,West Ham,Arsenal,1.96095,2.71782,0.1874,0.2299,0.5827,1.19978,1.95665,15.8,6.5,4.0,10.0,0.7921,1.978,0.0,0.0,2.71782,1.96095
2023-04-16,Nott'm Forest,Man United,1.05289,3.33747,0.0346,0.0984,0.867,1.05289,3.33747,16.529411764705884,6.888888888888889,5.0,17.0,0.2022,2.6994,0.0,0.0,3.33747,1.05289
2023-04-17,Leeds,Liverpool,1.16748,2.65476,0.0965,0.1659,0.7376,1.16748,2.65476,32.35294117647059,4.28125,2.0,13.0,0.45539999999999997,2.3787000000000003,0.0,0.0,2.65476,1.16748
2023-04-21,Arsenal,Southampton,2.39609,1.43063,0.6053,0.2205,0.1742,2.39609,1.43063,4.16,18.928571428571427,23.0,3.0,2.0364,0.7431,0.0,0.0,1.43063,2.39609
2023-04-22,Liverpool,Nott'm Forest,3.32745,0.724666,0.9207,0.0591,0.0202,3.32745,0.724666,2.5294117647058822,32.45454545454545,11.0,8.0,2.8211999999999997,0.1197,0.0,0.0,0.724666,3.32745
2023-04-22,Leicester,Wolves,2.66929,0.59626,0.8827,0.0886,0.0287,1.90812,0.59626,14.157894736842104,6.482758620689655,5.0,5.0,2.7367000000000004,0.1747,0.0,0.0,0.59626,2.66929
2023-04-22,Brentford,Aston Villa,2.03162,1.66602,0.4558,0.2414,0.3028,2.03162,1.66602,9.23076923076923,8.3125,7.0,4.0,1.6088,1.1498000000000002,0.0,0.0,1.66602,2.03162
2023-04-22,Fulham,Leeds,1.43763,1.07482,0.444,0.3467,0.2093,1.43763,1.07482,12.176470588235293,6.3125,1.0,4.0,1.6787,0.9746,0.0,0.0,1.07482,1.43763
2023-04-22,Crystal Palace,Everton,0.368137,0.433712,0.2205,0.5156,0.2639,0.368137,0.433712,9.4375,8.818181818181818,5.0,3.0,1.1770999999999998,1.3073000000000001,0.0,0.0,0.433712,0.368137
2023-04-23,Bournemouth,West Ham,0.974687,2.52322,0.0926,0.159,0.7484,0.974687,2.52322,9.352941176470589,14.0,8.0,8.0,0.43679999999999997,2.4041999999999994,0.0,0.0,2.52322,0.974687
2023-04-23,Newcastle,Tottenham,3.98532,0.883001,0.9289,0.0521,0.019,3.98532,0.883001,14.176470588235293,14.166666666666666,12.0,2.0,2.8387999999999995,0.1091,0.0,0.0,0.883001,3.98532
2023-04-25,Leeds,Leicester,2.09645,2.08594,0.3848,0.2356,0.3796,2.09645,2.08594,7.275862068965517,5.12,2.0,7.0,1.39,1.3744,0.0,0.0,2.08594,2.09645
2023-04-25,Wolves,Crystal Palace,1.12829,0.580294,0.5456,0.3095,0.1449,0.367118,0.580294,9.5,8.75,3.0,5.0,1.9463,0.7442,0.0,0.0,0.580294,1.12829
2023-04-25,Aston Villa,Fulham,0.839159,0.079864,0.546,0.4254,0.0286,0.839159,0.079864,15.3125,8.125,7.0,1.0,2.0634,0.5112,0.0,0.0,0.079864,0.839159
2023-04-26,Man City,Arsenal,2.01168,0.398372,0.7958,0.1569,0.0473,2.01168,0.398372,10.464285714285714,16.842105263157894,9.0,6.0,2.5443,0.2988,0.0,0.0,0.398372,2.01168
2023-04-26,Chelsea,Brentford,1.21124,0.695344,0.5025,0.305,0.1925,1.21124,0.695344,8.333333333333334,14.4,10.0,3.0,1.8124999999999998,0.8825000000000001,0.0,0.0,0.695344,1.21124
2023-04-26,Nott'm Forest,Brighton,2.43846,2.33064,0.4038,0.247,0.3492,0.916127,2.33064,20.35,4.52,6.0,15.0,1.4584000000000001,1.2946,0.0,0.0,2.33064,2.43846
2023-04-26,West Ham,Liverpool,0.939348,1.7045,0.1609,0.2635,0.5756,0.939348,1.7045,25.842105263157894,4.78125,2.0,12.0,0.7462,1.9903,0.0,0.0,1.7045,0.939348
2023-04-27,Everton,Newcastle,0.777008,2.86368,0.0286,0.0922,0.8792,0.777008,2.86368,11.363636363636363,9.0,6.0,9.0,0.178,2.7298,0.0,0.0,2.86368,0.777008
2023-04-27,Southampton,Bournemouth,0.477034,0.988554,0.1707,0.3469,0.4824,0.477034,0.988554,7.884615384615385,10.222222222222221,5.0,5.0,0.859,1.7941,0.0,0.0,0.988554,0.477034
2023-04-27,Tottenham,Man United,2.37239,1.96508,0.4766,0.2343,0.2891,2.37239,1.96508,15.285714285714286,12.470588235294118,2.0,12.0,1.6641000000000001,1.1016000000000001,0.0,0.0,1.96508,2.37239
2023-04-29,Crystal Palace,West Ham,2.31888,1.98262,0.4401,0.2774,0.2825,1.55771,1.98262,7.55,8.75,13.0,1.0,1.5977000000000001,1.1248999999999998,0.0,0.0,1.98262,2.31888
2023-04-29,Brentford,Nott'm Forest,1.32059,0.939693,0.4482,0.3423,0.2095,1.32059,0.939693,11.583333333333334,18.75,5.0,3.0,1.6869,0.9707999999999999,0.0,0.0,0.939693,1.32059
2023-04-29,Brighton,Wolves,3.60471,0.603985,0.9381,0.0461,0.0158,3.60471,0.603985,7.133333333333334,15.285714285714286,12.0,3.0,2.8604000000000003,0.0935,0.0,0.0,0.603985,3.60471
2023-04-30,Liverpool,Tottenham,2.42911,1.44927,0.6313,0.205,0.1637,1.66794,1.44927,8.75,27.733333333333334,7.0,3.0,2.0989,0.6961,0.0,0.0,1.44927,2.42911
2023-04-30,Newcastle,Southampton,3.91457,0.897175,0.9711,0.0256,0.0033,3.91457,0.897175,6.08,15.352941176470589,12.0,4.0,2.9389,0.035500000000000004,0.0,0.0,0.897175,3.91457
2023-04-30,Fulham,Man City,0.431813,2.32338,0.0184,0.0981,0.8835,0.431813,1.56221,18.952380952380953,9.333333333333334,2.0,11.0,0.1533,2.7486,0.0,0.0,2.32338,0.431813
2023-04-30,Bournemouth,Leeds,2.51723,1.33691,0.6689,0.1998,0.1313,2.51723,1.33691,12.55,6.870967741935484,8.0,9.0,2.2065000000000006,0.5937,0.0,0.0,1.33691,2.51723
2023-04-30,Man United,Aston Villa,1.3056,0.434738,0.6111,0.282,0.1069,1.3056,0.434738,9.56,23.642857142857142,12.0,4.0,2.1153,0.6027,0.0,0.0,0.434738,1.3056
2023-05-01,Leicester,Everton,3.32486,3.28648,0.3878,0.2549,0.3573,2.56369,2.52531,7.523809523809524,8.692307692307692,5.0,9.0,1.4183,1.3268,0.0,0.0,3.28648,3.32486
2023-05-02,Arsenal,Chelsea,2.7832,0.785202,0.8352,0.1143,0.0505,2.7832,0.785202,12.458333333333334,23.76923076923077,13.0,8.0,2.6199000000000003,0.26580000000000004,0.0,0.0,0.785202,2.7832
2023-05-03,Liverpool,Fulham,1.67372,0.740125,0.641,0.2473,0.1117,0.912551,0.740125,9.964285714285714,28.416666666666668,10.0,4.0,2.1703,0.5823999999999999,0.0,0.0,0.740125,1.67372
2023-05-03,Man City,West Ham,2.99908,0.492075,0.9124,0.0699,0.0177,2.99908,0.492075,6.833333333333333,32.75,15.0,2.0,2.8071,0.123,0.0,0.0,0.492075,2.99908
2023-05-04,Brighton,Man United,2.09953,1.32105,0.5709,0.2314,0.1977,1.33836,1.32105,6.642857142857143,17.095238095238095,6.0,9.0,1.9441,0.8245,0.0,0.0,1.32105,2.09953
2023-05-06,Wolves,Aston Villa,0.80605,1.50158,0.1767,0.2772,0.5461,0.80605,1.50158,8.357142857142858,7.142857142857143,2.0,7.0,0.8073,1.9155000000000002,0.0,0.0,1.50158,0.80605
2023-05-06,Tottenham,Crystal Palace,1.15665,0.306669,0.6238,0.2913,0.0849,1.15665,0.306669,7.814814814814815,10.793103448275861,1.0,4.0,2.1627,0.546,0.0,0.0,0.306669,1.15665
2023-05-06,Liverpool,Brentford,1.992,0.183892,0.9264,0.066,0.0076,1.992,0.183892,7.695652173913044,9.0,13.0,3.0,2.8451999999999997,0.0888,0.0,0.0,0.183892,1.992
2023-05-06,Bournemouth,Chelsea,1.21755,1.76852,0.2269,0.2578,0.5153,1.21755,1.76852,19.3125,6.3478260869565215,9.0,13.0,0.9384999999999999,1.8037,0.0,0.0,1.76852,1.21755
2023-05-06,Man City,Leeds,2.83472,0.140924,0.9595,0.0363,0.0042,2.07355,0.140924,7.5,22.842105263157894,14.0,0.0,2.9147999999999996,0.0489,0.0,0.0,0.140924,2.83472
2023-05-07,Newcastle,Arsenal,1.37224,1.29061,0.3739,0.2886,0.3375,1.37224,1.29061,8.208333333333334,7.961538461538462,11.0,8.0,1.4103,1.3011000000000001,0.0,0.0,1.29061,1.37224
2023-05-07,West Ham,Man United,1.76618,1.1942,0.531,0.2501,0.2189,1.76618,1.1942,28.846153846153847,7.739130434782608,4.0,15.0,1.8431,0.9068,0.0,0.0,1.1942,1.76618
2023-05-08,Fulham,Leicester,1.75276,2.92566,0.1436,0.1852,0.6712,1.75276,1.31616,7.296296296296297,10.642857142857142,10.0,4.0,0.616,2.1988000000000003,0.0,0.0,2.92566,1.75276
2023-05-08,Brighton,Everton,3.23717,2.94223,0.4391,0.232,0.3289,3.23717,2.94223,3.0588235294117645,17.05,16.0,10.0,1.5493,1.2187000000000001,0.0,0.0,2.94223,3.23717
2023-05-08,Nott'm Forest,Southampton,1.91326,3.31096,0.1255,0.1743,0.7002,1.1521,2.54979,13.0,10.857142857142858,8.0,12.0,0.5508,2.2749,0.0,0.0,3.31096,1.91326
2023-05-13,Man United,Wolves,3.10118,0.268789,0.9466,0.0458,0.0076,3.10118,0.268789,8.580645161290322,13.5,13.0,4.0,2.8855999999999997,0.0686,0.0,0.0,0.268789,3.10118
2023-05-13,Crystal Palace,Bournemouth,1.40237,0.262022,0.7151,0.2341,0.0508,1.40237,0.262022,14.31578947368421,13.347826086956522,9.0,5.0,2.3794,0.38649999999999995,0.0,0.0,0.262022,1.40237
2023-05-13,Southampton,Fulham,0.149649,1.27085,0.0341,0.2317,0.7342,0.149649,1.27085,12.777777777777779,7.869565217391305,0.0,11.0,0.33399999999999996,2.4343,0.0,0.0,1.27085,0.149649
2023-05-13,Aston Villa,Tottenham,1.79987,1.18505,0.5362,0.281,0.1828,1.79987,0.423878,10.423076923076923,8.875,10.0,6.0,1.8896000000000002,0.8294,0.0,0.0,1.18505,1.79987
2023-05-13,Leeds,Newcastle,2.01567,2.35118,0.2582,0.3062,0.4356,1.2545,0.82884,7.892857142857143,3.6206896551724137,5.0,9.0,1.0808,1.613,0.0,0.0,2.35118,2.01567
2023-05-13,Chelsea,Nott'm Forest,0.999181,1.96797,0.1474,0.2098,0.6428,0.999181,1.96797,5.15,13.884615384615385,10.0,2.0,0.652,2.1382000000000003,0.0,0.0,1.96797,0.999181
2023-05-14,Brentford,West Ham,4.42571,0.203312,0.9953,0.0042,0.0005,4.42571,0.203312,12.947368421052632,19.133333333333333,7.0,2.0,2.9901,0.0057,0.0,0.0,0.203312,4.42571
2023-05-14,Everton,Man City,1.18597,1.04338,0.3704,0.3466,0.283,1.18597,1.04338,25.4,17.153846153846153,1.0,9.0,1.4578,1.1956,0.0,0.0,1.04338,1.18597
2023-05-14,Arsenal,Brighton,0.958651,2.21276,0.1098,0.1901,0.7001,0.958651,2.21276,10.484848484848484,9.55,8.0,2.0,0.5195,2.2904,0.0,0.0,2.21276,0.958651
2023-05-15,Leicester,Liverpool,0.527496,1.77085,0.081,0.21,0.709,0.527496,1.77085,12.166666666666666,5.466666666666667,3.0,13.0,0.45299999999999996,2.3369999999999997,0.0,0.0,1.77085,0.527496
2023-05-18,Newcastle,Brighton,4.11359,0.593493,0.9688,0.0256,0.0056,4.11359,0.593493,9.27027027027027,7.0,15.0,2.0,2.932,0.0424,0.0,0.0,0.593493,4.11359
2023-05-20,Nott'm Forest,Arsenal,1.1397,0.4902,0.5664,0.3,0.1336,1.1397,0.4902,16.88235294117647,2.789473684210526,5.0,11.0,1.9992,0.7008,0.0,0.0,0.4902,1.1397
2023-05-20,Tottenham,Brentford,1.61667,1.15344,0.4731,0.2743,0.2526,1.61667,1.15344,13.266666666666667,19.625,3.0,5.0,1.6936,1.0321,0.0,0.0,1.15344,1.61667
2023-05-20,Bournemouth,Man United,0.815723,1.71783,0.1472,0.2468,0.606,0.815723,1.71783,20.0,13.227272727272727,8.0,12.0,0.6884,2.0648,0.0,0.0,1.71783,0.815723
2023-05-20,Fulham,Crystal Palace,1.95519,1.70785,0.4194,0.3021,0.2785,1.19402,1.70785,9.136363636363637,11.933333333333334,12.0,10.0,1.5603,1.1376000000000002,0.0,0.0,1.70785,1.95519
2023-05-20,Liverpool,Aston Villa,0.918508,1.46948,0.1667,0.311,0.5223,0.918508,0.708313,3.0789473684210527,12.681818181818182,10.0,2.0,0.8110999999999999,1.8779,0.0,0.0,1.46948,0.918508
2023-05-20,Wolves,Everton,1.28976,2.46976,0.1332,0.1917,0.6751,1.28976,2.46976,8.19047619047619,9.03125,6.0,9.0,0.5913,2.217,0.0,0.0,2.46976,1.28976
2023-05-21,Man City,Chelsea,1.20557,1.15648,0.3649,0.2926,0.3425,1.20557,1.15648,9.695652173913043,22.842105263157894,12.0,7.0,1.3873,1.3201,0.0,0.0,1.15648,1.20557
2023-05-21,West Ham,Leeds,2.48001,0.645828,0.8262,0.1234,0.0504,2.48001,0.645828,9.705882352941176,9.89655172413793,15.0,8.0,2.6020000000000003,0.2746,0.0,0.0,0.645828,2.48001
2023-05-21,Brighton,Southampton,2.41418,0.863659,0.7403,0.1748,0.0849,2.41418,0.863659,10.857142857142858,19.11111111111111,22.0,2.0,2.3956999999999997,0.42950000000000005,0.0,0.0,0.863659,2.41418
2023-05-22,Newcastle,Leicester,2.05089,0.0839072,0.896,0.0971,0.0069,2.05089,0.0839072,4.1875,28.727272727272727,13.0,0.0,2.7851000000000004,0.1178,0.0,0.0,0.0839072,2.05089
2023-05-24,Brighton,Man City,2.11486,1.92973,0.4155,0.2416,0.3429,2.11486,1.92973,11.878787878787879,13.066666666666666,6.0,9.0,1.4881,1.2703,0.0,0.0,1.92973,2.11486
2023-05-25,Man United,Chelsea,4.92231,1.68364,0.9468,0.0385,0.0147,4.16115,1.68364,14.538461538461538,11.7,18.0,11.0,2.8789,0.0826,0.0,0.0,1.68364,4.92231
2023-05-28,Leicester,West Ham,2.03013,0.970352,0.6472,0.2106,0.1422,2.03013,0.970352,14.666666666666666,15.65,8.0,8.0,2.1522,0.6372,0.0,0.0,0.970352,2.03013
2023-05-28,Southampton,Liverpool,1.33964,4.00345,0.0397,0.0762,0.8841,1.33964,4.00345,31.09090909090909,3.75,4.0,20.0,0.1953,2.7285,0.0,0.0,4.00345,1.33964
2023-05-28,Man United,Fulham,2.74766,1.88167,0.5742,0.2159,0.2099,2.74766,1.1205,7.67741935483871,16.875,14.0,8.0,1.9385000000000001,0.8456,0.0,0.0,1.88167,2.74766
2023-05-28,Everton,Bournemouth,1.12933,0.432084,0.571,0.303,0.126,1.12933,0.432084,13.884615384615385,7.45,4.0,4.0,2.016,0.681,0.0,0.0,0.432084,1.12933
2023-05-28,Leeds,Tottenham,1.19151,2.03315,0.1833,0.2159,0.6008,1.19151,2.03315,8.689655172413794,13.733333333333333,6.0,5.0,0.7657999999999999,2.0183,0.0,0.0,2.03315,1.19151
2023-05-28,Chelsea,Newcastle,2.01924,1.51899,0.4891,0.2383,0.2726,2.01924,1.51899,6.724137931034483,16.333333333333332,17.0,5.0,1.7055999999999998,1.0561,0.0,0.0,1.51899,2.01924
2023-05-28,Brentford,Man City,1.43893,1.18649,0.4392,0.2769,0.2839,1.43893,1.18649,8.125,14.666666666666666,12.0,11.0,1.5944999999999998,1.1285999999999998,0.0,0.0,1.18649,1.43893
2023-05-28,Aston Villa,Brighton,2.55845,1.23117,0.7151,0.18,0.1049,2.55845,1.23117,8.32258064516129,5.909090909090909,9.0,3.0,2.3253,0.4947,0.0,0.0,1.23117,2.55845
2023-05-28,Arsenal,Wolves,3.02466,0.38772,0.9405,0.0479,0.0116,3.02466,0.38772,12.625,15.928571428571429,12.0,3.0,2.8693999999999997,0.0827,0.0,0.0,0.38772,3.02466
2023-05-28,Crystal Palace,Nott'm Forest,1.00786,0.436439,0.4983,0.3449,0.1568,1.00786,0.436439,7.380952380952381,16.5625,11.0,1.0,1.8398,0.8152999999999999,0.0,0.0,0.436439,1.00786
2023-08-11,Burnley,Man City,0.311032,2.40074,0.0177,0.0854,0.8969,0.311032,2.40074,33.07142857142857,15.8,4.0,9.0,0.1385,2.7761,0.0,0.0,2.40074,0.311032
2023-08-12,Sheffield United,Crystal Palace,0.422704,2.27616,0.0358,0.1179,0.8463,0.422704,2.27616,14.181818181818182,4.391304347826087,2.0,9.0,0.2253,2.6568,0.0,0.0,2.27616,0.422704
2023-08-12,Arsenal,Nott'm Forest,0.84262,0.966305,0.2797,0.3363,0.384,0.84262,0.966305,4.0,44.1,9.0,4.0,1.1754,1.4883000000000002,0.0,0.0,0.966305,0.84262
2023-08-12,Bournemouth,West Ham,1.51025,1.4834,0.3559,0.3169,0.3272,1.51025,1.4834,5.111111111111111,9.733333333333333,9.0,8.0,1.3845999999999998,1.2985,0.0,0.0,1.4834,1.51025
2023-08-12,Brighton,Luton,4.36748,1.88594,0.879,0.0876,0.0334,3.60631,1.12477,6.875,23.0625,17.0,5.0,2.7246,0.1878,0.0,0.0,1.88594,4.36748
2023-08-12,Everton,Fulham,2.59001,1.58144,0.6371,0.1989,0.164,2.59001,1.58144,14.826086956521738,17.4,7.0,6.0,2.1102,0.6909,0.0,0.0,1.58144,2.59001
2023-08-12,Newcastle,Aston Villa,4.32208,1.486,0.8987,0.0665,0.0348,4.32208,1.486,15.0,11.571428571428571,9.0,6.0,2.7626000000000004,0.1709,0.0,0.0,1.486,4.32208
2023-08-13,Brentford,Tottenham,1.90756,1.45316,0.4985,0.2608,0.2407,1.1464,1.45316,14.1,5.870967741935484,11.0,7.0,1.7563,0.9828999999999999,0.0,0.0,1.45316,1.90756
2023-08-13,Chelsea,Liverpool,1.93258,1.29994,0.5323,0.2472,0.2205,1.93258,1.29994,8.947368421052632,20.047619047619047,11.0,9.0,1.8441,0.9087,0.0,0.0,1.29994,1.93258
2023-08-14,Man United,Wolves,1.97087,1.72228,0.4419,0.2505,0.3076,1.97087,1.72228,7.28125,13.5,16.0,12.0,1.5762,1.1733,0.0,0.0,1.72228,1.97087
2023-08-18,Nott'm Forest,Sheffield United,1.37181,0.551038,0.5965,0.2786,0.1249,1.37181,0.551038,15.866666666666667,12.526315789473685,6.0,4.0,2.0681000000000003,0.6533,0.0,0.0,0.551038,1.37181
2023-08-19,Wolves,Brighton,2.68821,3.15562,0.3046,0.2057,0.4897,2.68821,3.15562,13.625,7.514285714285714,6.0,14.0,1.1195,1.6748,0.0,0.0,3.15562,2.68821
2023-08-19,Fulham,Brentford,0.399899,3.46888,0.005,0.0284,0.9666,0.399899,2.70772,10.478260869565217,12.789473684210526,8.0,13.0,0.0434,2.9282,0.0,0.0,3.46888,0.399899
2023-08-19,Liverpool,Bournemouth,3.25448,1.3867,0.8032,0.1308,0.066,2.33406,1.3867,7.260869565217392,11.125,11.0,8.0,2.5404,0.3288,0.0,0.0,1.3867,3.25448
2023-08-19,Tottenham,Man United,2.53904,2.44604,0.4211,0.2102,0.3687,2.53904,2.44604,9.85,12.52,12.0,12.0,1.4734999999999998,1.3163,0.0,0.0,2.44604,2.53904
2023-08-19,Man City,Newcastle,1.22528,0.257154,0.6449,0.2857,0.0694,1.22528,0.257154,13.619047619047619,15.518518518518519,9.0,5.0,2.2204,0.4939,0.0,0.0,0.257154,1.22528
2023-08-20,Aston Villa,Everton,3.24336,0.721465,0.9138,0.0655,0.0207,2.48219,0.721465,17.0,16.73913043478261,13.0,2.0,2.8068999999999997,0.1276,0.0,0.0,0.721465,3.24336
2023-08-20,West Ham,Chelsea,1.71234,1.60916,0.3947,0.2905,0.3148,0.951168,0.847993,27.0,5.2727272727272725,3.0,9.0,1.4746,1.2349,0.0,0.0,1.60916,1.71234
2023-08-21,Crystal Palace,Arsenal,1.06916,2.20593,0.1279,0.1973,0.6748,1.06916,1.4448,14.375,9.6,10.0,7.0,0.5810000000000001,2.2217,0.0,0.0,2.20593,1.06916
2023-08-25,Chelsea,Luton,3.41419,0.465741,0.9422,0.0473,0.0105,3.41419,0.465741,7.1,19.130434782608695,17.0,4.0,2.8739,0.07880000000000001,0.0,0.0,0.465741,3.41419
2023-08-26,Bournemouth,Tottenham,0.483582,2.26115,0.0438,0.129,0.8272,0.483582,2.26115,10.193548387096774,7.6923076923076925,6.0,20.0,0.26039999999999996,2.6106000000000003,0.0,0.0,2.26115,0.483582
2023-08-26,Arsenal,Fulham,3.23088,0.849817,0.8911,0.0845,0.0244,2.46971,0.849817,8.0,35.55555555555556,22.0,2.0,2.7578,0.1577,0.0,0.0,0.849817,3.23088
2023-08-26,Brentford,Crystal Palace,0.948011,1.06061,0.3083,0.3264,0.3653,0.948011,1.06061,6.4,12.72,5.0,5.0,1.2513,1.4223000000000001,0.0,0.0,1.06061,0.948011
2023-08-26,Everton,Wolves,1.89792,1.40228,0.4943,0.2476,0.2581,1.89792,1.40228,13.041666666666666,10.210526315789474,7.0,4.0,1.7305000000000001,1.0219,0.0,0.0,1.40228,1.89792
2023-08-26,Man United,Nott'm Forest,3.02803,0.960354,0.861,0.1027,0.0363,2.26686,0.960354,8.421052631578947,19.846153846153847,13.0,5.0,2.6857,0.2116,0.0,0.0,0.960354,3.02803
2023-08-26,Brighton,West Ham,1.3743,2.9527,0.0988,0.1413,0.7599,1.3743,2.9527,3.8095238095238093,28.3,23.0,7.0,0.4377,2.4210000000000003,0.0,0.0,2.9527,1.3743
2023-08-27,Burnley,Aston Villa,0.630605,2.83691,0.0221,0.0821,0.8958,0.630605,2.83691,8.193548387096774,24.333333333333332,8.0,9.0,0.1484,2.7695000000000003,0.0,0.0,2.83691,0.630605
2023-08-27,Sheffield United,Man City,0.762232,3.84804,0.0099,0.0443,0.9458,0.762232,3.08687,36.90909090909091,6.571428571428571,3.0,22.0,0.07400000000000001,2.8816999999999995,0.0,0.0,3.84804,0.762232
2023-08-27,Newcastle,Liverpool,1.62037,0.856121,0.5588,0.2581,0.1831,1.62037,0.856121,10.80952380952381,16.08695652173913,5.0,5.0,1.9344999999999999,0.8074,0.0,0.0,0.856121,1.62037
2023-09-01,Luton,West Ham,2.02244,1.22528,0.5814,0.2473,0.1713,2.02244,1.22528,21.3125,6.869565217391305,8.0,6.0,1.9915000000000003,0.7612,0.0,0.0,1.22528,2.02244
2023-09-02,Man City,Fulham,2.00152,1.46427,0.523,0.3082,0.1688,1.24035,1.46427,7.964285714285714,24.5,8.0,4.0,1.8772,0.8146,0.0,0.0,1.46427,2.00152
2023-09-02,Brighton,Newcastle,1.32258,0.90476,0.4762,0.3005,0.2233,1.32258,0.90476,10.11111111111111,12.0,9.0,7.0,1.7291,0.9703999999999999,0.0,0.0,0.90476,1.32258
2023-09-02,Chelsea,Nott'm Forest,2.28442,1.1505,0.6607,0.2127,0.1266,2.28442,1.1505,6.2105263157894735,19.27777777777778,18.0,2.0,2.1948,0.5925,0.0,0.0,1.1505,2.28442
2023-09-02,Sheffield United,Everton,1.575,2.73871,0.1261,0.2031,0.6708,1.575,2.73871,12.8,8.653846153846153,5.0,3.0,0.5813999999999999,2.2155,0.0,0.0,2.73871,1.575
2023-09-02,Brentford,Bournemouth,3.07185,2.11013,0.5993,0.2049,0.1958,3.07185,2.11013,5.708333333333333,14.0,15.0,5.0,2.0028,0.7923,0.0,0.0,2.11013,3.07185
2023-09-02,Burnley,Tottenham,1.66604,2.39785,0.2232,0.2163,0.5605,1.66604,2.39785,8.368421052631579,12.318181818181818,7.0,16.0,0.8858999999999999,1.8978,0.0,0.0,2.39785,1.66604
2023-09-03,Crystal Palace,Wolves,2.32935,1.13911,0.6847,0.1878,0.1275,2.32935,1.13911,11.84,6.586206896551724,11.0,8.0,2.2419000000000002,0.5703,0.0,0.0,1.13911,2.32935
2023-09-03,Liverpool,Aston Villa,2.73138,0.615503,0.8684,0.0998,0.0318,2.73138,0.615503,8.551724137931034,67.875,11.0,3.0,2.705,0.1952,0.0,0.0,0.615503,2.73138
2023-09-03,Arsenal,Man United,1.90973,0.966109,0.629,0.2273,0.1437,1.90973,0.966109,19.4375,26.1,11.0,4.0,2.1143,0.6584,0.0,0.0,0.966109,1.90973
2023-09-16,Newcastle,Brentford,1.50126,0.633678,0.647,0.2452,0.1078,0.740091,0.633678,7.6521739130434785,7.962962962962963,8.0,4.0,2.1862,0.5686,0.0,0.0,0.633678,1.50126
2023-09-16,Fulham,Luton,1.75704,1.45705,0.4351,0.2865,0.2784,1.75704,1.45705,6.611111111111111,38.916666666666664,9.0,3.0,1.5917999999999999,1.1217,0.0,0.0,1.45705,1.75704
2023-09-16,Aston Villa,Crystal Palace,2.31518,1.11696,0.6875,0.201,0.1115,1.55401,1.11696,4.548387096774194,9.533333333333333,14.0,7.0,2.2635,0.5355000000000001,0.0,0.0,1.11696,2.31518
2023-09-16,Man United,Brighton,0.719951,1.93908,0.1055,0.1835,0.711,0.719951,1.93908,22.47826086956522,13.136363636363637,5.0,4.0,0.5,2.3165,0.0,0.0,1.93908,0.719951
2023-09-16,Tottenham,Sheffield United,2.15909,0.790655,0.7114,0.187,0.1016,2.15909,0.790655,4.75,14.571428571428571,21.0,4.0,2.3211999999999997,0.49179999999999996,0.0,0.0,0.790655,2.15909
2023-09-16,Wolves,Liverpool,0.538833,2.82701,0.0189,0.0705,0.9106,0.538833,2.82701,18.363636363636363,10.0,9.0,16.0,0.12719999999999998,2.8023,0.0,0.0,2.82701,0.538833
2023-09-16,West Ham,Man City,0.895632,4.15046,0.0123,0.0352,0.9525,0.895632,4.15046,42.25,11.4,1.0,16.0,0.0721,2.8927,0.0,0.0,4.15046,0.895632
2023-09-17,Bournemouth,Chelsea,1.32515,1.39677,0.348,0.2784,0.3736,1.32515,1.39677,16.333333333333332,5.714285714285714,9.0,17.0,1.3224,1.3992,0.0,0.0,1.39677,1.32515
2023-09-17,Everton,Arsenal,0.28317,0.802605,0.112,0.414,0.474,0.28317,0.802605,23.764705882352942,7.0,3.0,10.0,0.75,1.8359999999999999,0.0,0.0,0.802605,0.28317
2023-09-18,Nott'm Forest,Burnley,0.705795,0.807651,0.2724,0.3669,0.3607,0.705795,0.807651,15.25,9.0,9.0,1.0,1.1841,1.449,0.0,0.0,0.807651,0.705795
2023-09-23,Luton,Wolves,2.24101,0.762984,0.7771,0.1815,0.0414,1.47984,0.762984,6.821428571428571,12.4,17.0,1.0,2.5128000000000004,0.30569999999999997,0.0,0.0,0.762984,2.24101
2023-09-23,Man City,Nott'm Forest,1.33984,0.729109,0.5453,0.2792,0.1755,1.33984,0.729109,21.0,14.157894736842104,7.0,7.0,1.9150999999999998,0.8057,0.0,0.0,0.729109,1.33984
2023-09-23,Crystal Palace,Fulham,0.37236,0.542678,0.1986,0.488,0.3134,0.37236,0.542678,14.055555555555555,9.166666666666666,3.0,9.0,1.0838,1.4282,0.0,0.0,0.542678,0.37236
2023-09-23,Brentford,Everton,1.57402,2.51497,0.1704,0.2246,0.605,1.57402,2.51497,14.0,14.36,6.0,10.0,0.7358,2.0396,0.0,0.0,2.51497,1.57402
2023-09-23,Burnley,Man United,0.935444,0.840273,0.3571,0.3448,0.2981,0.935444,0.840273,17.923076923076923,20.842105263157894,8.0,9.0,1.4161,1.2390999999999999,0.0,0.0,0.840273,0.935444
2023-09-24,Sheffield United,Newcastle,0.579392,5.1082,0.0032,0.0084,0.9884,0.579392,5.1082,14.92,8.733333333333333,5.0,11.0,0.018000000000000002,2.9736,0.0,0.0,5.1082,0.579392
2023-09-24,Liverpool,West Ham,4.14262,1.53878,0.882,0.0793,0.0387,3.38145,1.53878,6.057142857142857,18.4,14.0,1.0,2.7253,0.1954,0.0,0.0,1.53878,4.14262
2023-09-24,Chelsea,Aston Villa,1.19716,1.13479,0.3746,0.2965,0.3289,1.19716,1.13479,8.84,21.76923076923077,8.0,6.0,1.4203,1.2832000000000001,0.0,0.0,1.13479,1.19716
2023-09-24,Brighton,Bournemouth,2.14533,1.58984,0.5233,0.2401,0.2366,2.14533,1.58984,5.571428571428571,10.057142857142857,8.0,4.0,1.81,0.9499,0.0,0.0,1.58984,2.14533
2023-09-24,Arsenal,Tottenham,2.3429,2.21166,0.417,0.2392,0.3438,1.58173,2.21166,9.096774193548388,6.678571428571429,4.0,9.0,1.4902,1.2706000000000002,0.0,0.0,2.21166,2.3429
2023-09-30,Wolves,Man City,0.673985,0.98075,0.2467,0.3543,0.399,0.673985,0.98075,16.076923076923077,5.321428571428571,1.0,13.0,1.0944,1.5513000000000001,0.0,0.0,0.98075,0.673985
2023-09-30,West Ham,Sheffield United,3.19753,0.911997,0.8683,0.0908,0.0409,3.19753,0.911997,14.125,21.266666666666666,16.0,5.0,2.6957,0.21350000000000002,0.0,0.0,0.911997,3.19753
2023-09-30,Bournemouth,Arsenal,0.644443,4.0742,0.0052,0.0212,0.9736,0.644443,2.55187,15.0,5.964285714285714,13.0,15.0,0.0368,2.9419999999999997,0.0,0.0,4.0742,0.644443
2023-09-30,Tottenham,Liverpool,2.18823,1.12299,0.6518,0.2076,0.1406,2.18823,1.12299,7.517241379310345,16.0,18.0,7.0,2.1630000000000003,0.6294,0.0,0.0,1.12299,2.18823
2023-09-30,Man United,Crystal Palace,1.55408,1.19015,0.4561,0.2712,0.2727,1.55408,1.19015,3.6551724137931036,20.94736842105263,16.0,1.0,1.6395,1.0893000000000002,0.0,0.0,1.19015,1.55408
2023-09-30,Everton,Luton,3.65377,1.5102,0.85,0.1072,0.0428,3.65377,1.5102,5.6,12.5,11.0,1.0,2.6572,0.23559999999999998,0.0,0.0,1.5102,3.65377
2023-09-30,Aston Villa,Brighton,1.90746,1.72819,0.4133,0.2584,0.3283,1.90746,1.72819,9.727272727272727,4.294117647058823,15.0,11.0,1.4983,1.2432999999999998,0.0,0.0,1.72819,1.90746
2023-09-30,Newcastle,Burnley,3.08516,0.801849,0.8934,0.0819,0.0247,2.32399,0.801849,10.666666666666666,18.22222222222222,7.0,5.0,2.7621,0.156,0.0,0.0,0.801849,3.08516
2023-10-01,Nott'm Forest,Brentford,0.800317,1.75862,0.1472,0.2359,0.6169,0.800317,1.75862,40.875,15.642857142857142,2.0,11.0,0.6775,2.0866,0.0,0.0,1.75862,0.800317
2023-10-02,Fulham,Chelsea,0.889383,1.98461,0.1096,0.2252,0.6652,0.889383,1.98461,10.551724137931034,14.44,7.0,8.0,0.554,2.2208,0.0,0.0,1.98461,0.889383
2023-10-03,Luton,Burnley,1.53058,0.920206,0.5256,0.2762,0.1982,1.53058,0.920206,12.846153846153847,8.0,4.0,5.0,1.853,0.8708,0.0,0.0,0.920206,1.53058
2023-10-07,Man United,Brentford,1.29356,1.02509,0.4271,0.2936,0.2793,1.29356,1.02509,8.55,8.434782608695652,17.0,2.0,1.5749,1.1315,0.0,0.0,1.02509,1.29356
2023-10-07,Luton,Tottenham,0.848118,2.37947,0.0838,0.1565,0.7597,0.848118,2.37947,12.0,4.714285714285714,6.0,15.0,0.40790000000000004,2.4356,0.0,0.0,2.37947,0.848118
2023-10-07,Burnley,Chelsea,0.956642,1.97566,0.1114,0.2281,0.6605,0.956642,1.2145,22.95,7.828571428571428,3.0,10.0,0.5623,2.2096,0.0,0.0,1.97566,0.956642
2023-10-07,Everton,Bournemouth,3.16482,0.981732,0.8722,0.0938,0.034,3.16482,0.981732,7.147058823529412,8.681818181818182,8.0,13.0,2.7104,0.1958,0.0,0.0,0.981732,3.16482
2023-10-07,Fulham,Sheffield United,2.26612,0.251809,0.8781,0.1012,0.0207,2.26612,0.251809,6.222222222222222,10.521739130434783,9.0,0.0,2.7355,0.1633,0.0,0.0,0.251809,2.26612
2023-10-07,Crystal Palace,Nott'm Forest,0.982452,1.22105,0.282,0.3104,0.4076,0.982452,1.22105,16.58823529411765,14.090909090909092,5.0,12.0,1.1563999999999999,1.5332000000000001,0.0,0.0,1.22105,0.982452
2023-10-08,Arsenal,Man City,0.386558,0.858071,0.1372,0.3669,0.4959,0.386558,0.858071,12.571428571428571,15.368421052631579,9.0,7.0,0.7785,1.8546,0.0,0.0,0.858071,0.386558
2023-10-08,Wolves,Aston Villa,1.76232,1.81618,0.3672,0.2589,0.3739,1.76232,1.81618,11.380952380952381,14.866666666666667,3.0,9.0,1.3605,1.3806000000000003,0.0,0.0,1.81618,1.76232
2023-10-08,West Ham,Newcastle,0.931345,1.97865,0.0927,0.2316,0.6757,0.931345,1.97865,25.642857142857142,6.304347826086956,2.0,6.0,0.5097,2.2586999999999997,0.0,0.0,1.97865,0.931345
2023-10-08,Brighton,Liverpool,2.23187,2.51029,0.316,0.236,0.448,2.23187,1.74913,15.428571428571429,7.694444444444445,4.0,15.0,1.184,1.58,0.0,0.0,2.51029,2.23187
2023-10-21,Liverpool,Everton,2.28568,0.0937725,0.9342,0.0613,0.0045,1.52459,0.0937725,3.3461538461538463,29.153846153846153,13.0,5.0,2.8639,0.0748,0.0,0.0,0.0937725,2.28568
2023-10-21,Bournemouth,Wolves,1.01839,2.30454,0.102,0.2,0.698,1.01839,2.30454,14.19047619047619,6.476190476190476,5.0,15.0,0.506,2.294,0.0,0.0,2.30454,1.01839
2023-10-21,Brentford,Burnley,3.15685,0.693129,0.9067,0.0745,0.0188,3.15685,0.693129,9.678571428571429,14.666666666666666,15.0,3.0,2.7946,0.13090000000000002,0.0,0.0,0.693129,3.15685
2023-10-21,Man City,Brighton,0.962509,0.963733,0.3367,0.3286,0.3347,0.962509,0.963733,14.583333333333334,14.652173913043478,7.0,4.0,1.3387,1.3327,0.0,0.0,0.963733,0.962509
2023-10-21,Newcastle,Crystal Palace,3.73336,1.08795,0.9023,0.0693,0.0284,3.73336,1.08795,12.0,12.607142857142858,9.0,3.0,2.7762000000000002,0.1545,0.0,0.0,1.08795,3.73336
2023-10-21,Nott'm Forest,Luton,3.27549,1.49555,0.7817,0.1325,0.0858,3.27549,1.49555,8.88888888888889,16.22222222222222,4.0,6.0,2.4776,0.3899,0.0,0.0,1.49555,3.27549
2023-10-21,Chelsea,Arsenal,1.71838,1.05791,0.5596,0.2612,0.1792,0.957211,1.05791,31.363636363636363,9.3,8.0,5.0,1.94,0.7988,0.0,0.0,1.05791,1.71838
2023-10-21,Sheffield United,Man United,1.41074,1.46187,0.3358,0.3137,0.3505,0.649567,1.46187,14.095238095238095,12.272727272727273,7.0,7.0,1.3211,1.3651999999999997,0.0,0.0,1.46187,1.41074
2023-10-22,Aston Villa,West Ham,2.34143,0.659622,0.814,0.1326,0.0534,1.58026,0.659622,11.823529411764707,14.421052631578947,9.0,4.0,2.5745999999999998,0.2928,0.0,0.0,0.659622,2.34143
2023-10-23,Tottenham,Fulham,1.63523,0.745838,0.6093,0.2524,0.1383,1.63523,0.745838,12.347826086956522,13.678571428571429,13.0,5.0,2.0803,0.6673,0.0,0.0,0.745838,1.63523
2023-10-27,Crystal Palace,Tottenham,0.561834,0.989103,0.1774,0.342,0.4806,0.561834,0.989103,13.911764705882353,4.130434782608695,3.0,12.0,0.8742000000000001,1.7838000000000003,0.0,0.0,0.989103,0.561834
2023-10-28,Chelsea,Brentford,1.71801,2.48137,0.2146,0.2109,0.5745,1.71801,2.48137,6.0344827586206895,20.76923076923077,16.0,6.0,0.8547,1.9344000000000001,0.0,0.0,2.48137,1.71801
2023-10-28,Bournemouth,Burnley,1.10052,0.90255,0.3721,0.3582,0.2697,1.10052,0.90255,9.3,11.333333333333334,8.0,4.0,1.4745,1.1673,0.0,0.0,0.90255,1.10052
2023-10-28,Arsenal,Sheffield United,3.03496,0.0281554,0.9842,0.0156,0.0002,2.27379,0.0281554,11.9375,30.923076923076923,9.0,1.0,2.9682,0.0162,0.0,0.0,0.0281554,3.03496
2023-10-28,Wolves,Newcastle,0.863393,2.31987,0.0639,0.1559,0.7802,0.863393,1.5587,11.821428571428571,7.233333333333333,8.0,3.0,0.3476,2.4965,0.0,0.0,2.31987,0.863393
2023-10-29,West Ham,Everton,0.618578,0.733813,0.2689,0.3788,0.3523,0.618578,0.733813,12.9375,15.076923076923077,5.0,3.0,1.1855,1.4357,0.0,0.0,0.733813,0.618578
2023-10-29,Aston Villa,Luton,3.07654,0.453117,0.9407,0.0493,0.01,3.07654,0.453117,13.4,24.647058823529413,15.0,2.0,2.8714,0.0793,0.0,0.0,0.453117,3.07654
2023-10-29,Brighton,Fulham,1.31996,0.552523,0.5703,0.2799,0.1498,1.31996,0.552523,7.625,19.655172413793103,8.0,9.0,1.9908000000000001,0.7293,0.0,0.0,0.552523,1.31996
2023-10-29,Liverpool,Nott'm Forest,2.70428,0.642014,0.8733,0.0954,0.0313,2.70428,0.642014,7.947368421052632,31.285714285714285,11.0,3.0,2.7153,0.18930000000000002,0.0,0.0,0.642014,2.70428
2023-10-29,Man United,Man City,0.714628,4.54595,0.0029,0.0138,0.9833,0.714628,3.78478,21.214285714285715,19.083333333333332,4.0,21.0,0.0225,2.9637,0.0,0.0,4.54595,0.714628
2023-11-04,Newcastle,Arsenal,1.12355,0.535473,0.577,0.3043,0.1187,1.12355,0.535473,8.125,8.95,4.0,7.0,2.0353,0.6604,0.0,0.0,0.535473,1.12355
2023-11-04,Sheffield United,Wolves,1.10165,1.14803,0.3009,0.3733,0.3258,0.340518,1.14803,9.6875,24.0,3.0,4.0,1.276,1.3507,0.0,0.0,1.14803,1.10165
2023-11-04,Man City,Bournemouth,2.39949,0.643127,0.7963,0.1463,0.0574,2.39949,0.643127,21.5,29.076923076923077,18.0,6.0,2.5352,0.3185,0.0,0.0,0.643127,2.39949
2023-11-04,Fulham,Man United,1.18241,0.697095,0.4803,0.3166,0.2031,1.18241,0.697095,16.933333333333334,8.363636363636363,3.0,7.0,1.7575,0.9259,0.0,0.0,0.697095,1.18241
2023-11-04,Burnley,Crystal Palace,1.4998,1.43653,0.3571,0.3072,0.3357,1.4998,1.43653,8.0,25.357142857142858,9.0,2.0,1.3784999999999998,1.3142999999999998,0.0,0.0,1.43653,1.4998
2023-11-04,Brentford,West Ham,1.82944,1.75505,0.363,0.2981,0.3389,1.82944,1.75505,12.0,13.304347826086957,9.0,6.0,1.3871,1.3148,0.0,0.0,1.75505,1.82944
2023-11-04,Everton,Brighton,0.617607,0.442489,0.3494,0.4439,0.2067,0.617607,0.442489,41.07692307692308,9.333333333333334,0.0,11.0,1.4921,1.064,0.0,0.0,0.442489,0.617607
2023-11-05,Nott'm Forest,Aston Villa,0.592447,1.33116,0.1456,0.2983,0.5561,0.592447,1.33116,27.166666666666668,7.2105263157894735,3.0,23.0,0.7351000000000001,1.9666000000000001,0.0,0.0,1.33116,0.592447
2023-11-05,Luton,Liverpool,1.3411,3.03925,0.0721,0.1522,0.7757,1.3411,3.03925,21.705882352941178,3.769230769230769,1.0,14.0,0.3685,2.4793,0.0,0.0,3.03925,1.3411
2023-11-06,Tottenham,Chelsea,0.959108,4.05865,0.0094,0.0329,0.9577,0.959108,3.29749,10.0,5.5,4.0,8.0,0.0611,2.906,0.0,0.0,4.05865,0.959108
2023-11-11,Bournemouth,Newcastle,2.78424,0.306141,0.9374,0.0517,0.0109,2.78424,0.306141,9.555555555555555,23.1,7.0,3.0,2.8638999999999997,0.0844,0.0,0.0,0.306141,2.78424
2023-11-11,Crystal Palace,Everton,1.89194,1.7904,0.3803,0.2887,0.331,1.13077,1.7904,6.2,14.48,10.0,8.0,1.4296,1.2817,0.0,0.0,1.7904,1.89194
2023-11-11,Man United,Luton,2.74105,0.408265,0.9169,0.0661,0.017,2.74105,0.408265,8.19047619047619,20.307692307692307,10.0,4.0,2.8168,0.11710000000000001,0.0,0.0,0.408265,2.74105
2023-11-11,Wolves,Tottenham,1.90884,0.432315,0.7738,0.1722,0.054,1.90884,0.432315,10.297297297297296,8.827586206896552,6.0,5.0,2.4936000000000003,0.3342,0.0,0.0,0.432315,1.90884
2023-11-11,Arsenal,Burnley,2.63194,0.327706,0.9544,0.0415,0.0041,2.63194,0.327706,9.842105263157896,19.692307692307693,14.0,2.0,2.9047,0.0538,0.0,0.0,0.327706,2.63194
2023-11-12,Aston Villa,Fulham,2.86039,0.648745,0.9227,0.0642,0.0131,2.86039,0.648745,16.444444444444443,9.457142857142857,8.0,2.0,2.8323,0.1035,0.0,0.0,0.648745,2.86039
2023-11-12,Brighton,Sheffield United,1.08601,0.84434,0.4067,0.3328,0.2605,1.08601,0.84434,12.5625,12.515151515151516,4.0,13.0,1.5529,1.1143,0.0,0.0,0.84434,1.08601
2023-11-12,Liverpool,Brentford,1.56004,1.44954,0.3975,0.264,0.3385,1.56004,1.44954,6.592592592592593,10.590909090909092,11.0,8.0,1.4565000000000001,1.2795,0.0,0.0,1.44954,1.56004
2023-11-12,West Ham,Nott'm Forest,2.06402,1.42128,0.5298,0.2455,0.2247,2.06402,1.42128,15.8125,18.88235294117647,5.0,4.0,1.8349000000000002,0.9196,0.0,0.0,1.42128,2.06402
2023-11-12,Chelsea,Man City,3.47238,3.19324,0.455,0.2211,0.3239,2.71121,2.43208,17.875,12.208333333333334,4.0,17.0,1.5861,1.1928,0.0,0.0,3.19324,3.47238
2023-11-25,Sheffield United,Bournemouth,0.816227,3.13975,0.0405,0.095,0.8645,0.816227,3.13975,10.576923076923077,17.545454545454547,7.0,7.0,0.2165,2.6885000000000003,0.0,0.0,3.13975,0.816227
2023-11-25,Brentford,Arsenal,1.66315,1.82699,0.3338,0.274,0.3922,1.66315,1.82699,8.523809523809524,7.666666666666667,4.0,4.0,1.2753999999999999,1.4506000000000001,0.0,0.0,1.82699,1.66315
2023-11-25,Nott'm Forest,Brighton,2.22655,1.21792,0.6382,0.2258,0.136,1.46538,0.456822,26.0,17.571428571428573,12.0,9.0,2.1404,0.6338,0.0,0.0,1.21792,2.22655
2023-11-25,Newcastle,Chelsea,2.15227,0.968061,0.6848,0.1926,0.1226,2.15227,0.968061,9.444444444444445,9.74074074074074,7.0,6.0,2.247,0.5604,0.0,0.0,0.968061,2.15227
2023-11-25,Luton,Crystal Palace,0.996153,1.83546,0.1537,0.2577,0.5886,0.996153,1.83546,13.130434782608695,6.461538461538462,4.0,10.0,0.7188,2.0235,0.0,0.0,1.83546,0.996153
2023-11-25,Burnley,West Ham,1.44228,1.36963,0.3708,0.308,0.3212,0.681108,1.36963,10.72,22.857142857142858,2.0,2.0,1.4204,1.2716,0.0,0.0,1.36963,1.44228
2023-11-25,Man City,Liverpool,1.79622,0.766278,0.6472,0.2244,0.1284,1.79622,0.766278,11.714285714285714,23.0,11.0,6.0,2.166,0.6095999999999999,0.0,0.0,0.766278,1.79622
2023-11-26,Tottenham,Aston Villa,2.22542,2.39755,0.3333,0.2488,0.4179,2.22542,2.39755,9.375,18.6,18.0,5.0,1.2487,1.5025,0.0,0.0,2.39755,2.22542
2023-11-26,Everton,Man United,2.49764,2.07334,0.4626,0.2624,0.275,2.49764,1.31218,10.458333333333334,13.75,10.0,6.0,1.6502,1.0874000000000001,0.0,0.0,2.07334,2.49764
2023-11-27,Fulham,Wolves,2.49057,1.57875,0.6313,0.2309,0.1378,0.968233,0.817578,8.548387096774194,34.63636363636363,12.0,4.0,2.1248,0.6443,0.0,0.0,1.57875,2.49057
2023-12-02,Newcastle,Man United,2.90191,0.422674,0.9224,0.0633,0.0143,2.90191,0.422674,8.5,15.666666666666666,17.0,2.0,2.8305,0.10619999999999999,0.0,0.0,0.422674,2.90191
2023-12-02,Burnley,Sheffield United,2.60469,0.618131,0.8499,0.1154,0.0347,2.60469,0.618131,11.411764705882353,15.277777777777779,13.0,3.0,2.6651000000000002,0.2195,0.0,0.0,0.618131,2.60469
2023-12-02,Nott'm Forest,Everton,0.673085,0.623789,0.3119,0.4027,0.2854,0.673085,0.623789,9.0625,13.0,6.0,7.0,1.3384,1.2589,0.0,0.0,0.623789,0.673085
2023-12-02,Arsenal,Wolves,3.30368,1.07886,0.8622,0.0986,0.0392,3.30368,1.07886,8.625,17.058823529411764,16.0,1.0,2.6851999999999996,0.2162,0.0,0.0,1.07886,3.30368
2023-12-02,Brentford,Luton,3.25952,0.227176,0.9661,0.0298,0.0041,3.25952,0.227176,4.862068965517241,30.0,4.0,3.0,2.9280999999999997,0.0421,0.0,0.0,0.227176,3.25952
2023-12-03,Bournemouth,Aston Villa,2.54937,0.89511,0.7928,0.144,0.0632,2.54937,0.89511,7.735294117647059,4.75,10.0,3.0,2.5224,0.3336,0.0,0.0,0.89511,2.54937
2023-12-03,Chelsea,Brighton,1.66304,0.855058,0.6179,0.2445,0.1376,0.901874,0.855058,22.4375,7.083333333333333,8.0,13.0,2.0982,0.6573,0.0,0.0,0.855058,1.66304
2023-12-03,Liverpool,Fulham,2.72831,1.51005,0.6648,0.1927,0.1425,2.72831,1.51005,8.347826086956522,14.291666666666666,17.0,5.0,2.1870999999999996,0.6202,0.0,0.0,1.51005,2.72831
2023-12-03,West Ham,Crystal Palace,1.1466,0.987682,0.3755,0.3287,0.2958,1.1466,0.987682,9.916666666666666,14.863636363636363,5.0,7.0,1.4552,1.2161,0.0,0.0,0.987682,1.1466
2023-12-03,Man City,Tottenham,2.90729,0.433077,0.9091,0.0719,0.019,2.90729,0.433077,14.130434782608695,21.692307692307693,12.0,3.0,2.7992,0.12890000000000001,0.0,0.0,0.433077,2.90729
2023-12-05,Wolves,Burnley,1.11886,0.781542,0.4371,0.34,0.2229,1.11886,0.781542,11.368421052631579,11.56,4.0,2.0,1.6513,1.0087,0.0,0.0,0.781542,1.11886
2023-12-05,Luton,Arsenal,0.526254,2.58815,0.0299,0.1032,0.8669,0.526254,2.58815,15.521739130434783,6.08,0.0,19.0,0.19290000000000002,2.7039,0.0,0.0,2.58815,0.526254
2023-12-06,Man United,Chelsea,4.03949,2.3512,0.7338,0.1466,0.1196,3.26308,2.3512,14.73913043478261,11.222222222222221,8.0,6.0,2.348,0.5054000000000001,0.0,0.0,2.3512,4.03949
2023-12-06,Crystal Palace,Bournemouth,1.26441,1.79997,0.2221,0.2553,0.5226,1.26441,1.79997,7.565217391304348,9.419354838709678,9.0,7.0,0.9216,1.8231,0.0,0.0,1.79997,1.26441
2023-12-06,Aston Villa,Man City,2.1922,1.00198,0.6881,0.2247,0.0872,2.1922,1.00198,13.73913043478261,9.035714285714286,9.0,8.0,2.289,0.4863,0.0,0.0,1.00198,2.1922
2023-12-06,Fulham,Nott'm Forest,3.09427,0.218659,0.9769,0.0204,0.0027,3.09427,0.218659,10.91304347826087,20.842105263157894,14.0,0.0,2.9511,0.0285,0.0,0.0,0.218659,3.09427
2023-12-06,Brighton,Brentford,1.54099,1.22007,0.4263,0.3121,0.2616,1.54099,0.458899,8.958333333333334,11.461538461538462,19.0,2.0,1.5910000000000002,1.0969,0.0,0.0,1.22007,1.54099
2023-12-06,Sheffield United,Liverpool,0.834172,1.80116,0.1397,0.234,0.6263,0.834172,1.80116,25.928571428571427,3.1666666666666665,2.0,14.0,0.6531,2.1129,0.0,0.0,1.80116,0.834172
2023-12-07,Everton,Newcastle,2.95393,1.29564,0.7544,0.1534,0.0922,2.95393,1.29564,9.0,12.083333333333334,13.0,4.0,2.4166,0.43000000000000005,0.0,0.0,1.29564,2.95393
2023-12-07,Tottenham,West Ham,1.61268,1.7409,0.3319,0.2535,0.4146,1.61268,1.7409,4.206896551724138,18.470588235294116,24.0,1.0,1.2491999999999999,1.4973,0.0,0.0,1.7409,1.61268
2023-12-09,Crystal Palace,Liverpool,1.79152,1.3708,0.4846,0.276,0.2394,1.03036,1.3708,16.0,3.1904761904761907,4.0,15.0,1.7298,0.9942,0.0,0.0,1.3708,1.79152
2023-12-09,Brighton,Burnley,2.96247,1.05162,0.8189,0.1267,0.0544,2.96247,1.05162,7.619047619047619,29.214285714285715,22.0,4.0,2.5833999999999997,0.2899,0.0,0.0,1.05162,2.96247
2023-12-09,Man United,Bournemouth,1.11296,1.9742,0.1539,0.2242,0.6219,1.11296,1.9742,6.409090909090909,13.916666666666666,15.0,6.0,0.6859,2.0899,0.0,0.0,1.9742,1.11296
2023-12-09,Sheffield United,Brentford,0.841976,0.644638,0.3909,0.3656,0.2435,0.841976,0.644638,12.181818181818182,7.35,6.0,7.0,1.5383,1.0960999999999999,0.0,0.0,0.644638,0.841976
2023-12-09,Wolves,Nott'm Forest,1.02199,1.21801,0.2745,0.3237,0.4018,1.02199,1.21801,8.777777777777779,18.857142857142858,4.0,5.0,1.1472000000000002,1.5291000000000001,0.0,0.0,1.21801,1.02199
2023-12-09,Aston Villa,Arsenal,0.628499,1.71667,0.0978,0.2163,0.6859,0.628499,1.71667,9.620689655172415,5.346153846153846,3.0,10.0,0.5097,2.2739999999999996,0.0,0.0,1.71667,0.628499
2023-12-10,Tottenham,Newcastle,4.40118,1.61368,0.8961,0.0703,0.0336,3.64001,1.61368,7.3,8.5,12.0,9.0,2.7586,0.1711,0.0,0.0,1.61368,4.40118
2023-12-10,Luton,Man City,0.689037,2.23353,0.054,0.178,0.768,0.689037,2.23353,10.607142857142858,9.5625,4.0,9.0,0.33999999999999997,2.482,0.0,0.0,2.23353,0.689037
2023-12-10,Everton,Chelsea,1.11437,0.885512,0.4245,0.3286,0.2469,1.11437,0.885512,14.535714285714286,4.48,3.0,9.0,1.6020999999999999,1.0693000000000001,0.0,0.0,0.885512,1.11437
2023-12-10,Fulham,West Ham,2.1884,0.983,0.6859,0.1905,0.1236,2.1884,0.983,18.6,20.208333333333332,10.0,5.0,2.2481999999999998,0.5613,0.0,0.0,0.983,2.1884
2023-12-15,Nott'm Forest,Tottenham,1.70569,1.60738,0.3911,0.2583,0.3506,1.70569,1.60738,10.857142857142858,7.0,8.0,10.0,1.4316,1.3101,0.0,0.0,1.60738,1.70569
2023-12-16,Chelsea,Sheffield United,3.27322,0.44014,0.9605,0.0315,0.008,3.27322,0.44014,3.740740740740741,21.40909090909091,13.0,3.0,2.913,0.0555,0.0,0.0,0.44014,3.27322
2023-12-16,Man City,Crystal Palace,2.41646,1.64977,0.5547,0.2489,0.1964,2.41646,0.888604,7.6,31.9,5.0,4.0,1.9129999999999998,0.8381,0.0,0.0,1.64977,2.41646
2023-12-16,Newcastle,Fulham,4.27933,0.471042,0.99,0.0089,0.0011,4.27933,0.471042,8.11111111111111,30.09090909090909,23.0,4.0,2.9789,0.012199999999999999,0.0,0.0,0.471042,4.27933
2023-12-16,Burnley,Everton,0.811435,2.22305,0.082,0.1611,0.7569,0.811435,2.22305,12.285714285714286,22.928571428571427,10.0,7.0,0.4071,2.4318,0.0,0.0,2.22305,0.811435
2023-12-17,West Ham,Wolves,1.03828,0.556206,0.4864,0.3306,0.183,1.03828,0.556206,11.56,8.037037037037036,4.0,9.0,1.7898,0.8795999999999999,0.0,0.0,0.556206,1.03828
2023-12-17,Arsenal,Brighton,2.76976,0.663054,0.8439,0.1165,0.0396,2.76976,0.663054,13.76,19.416666666666668,19.0,3.0,2.6481999999999997,0.2353,0.0,0.0,0.663054,2.76976
2023-12-17,Brentford,Aston Villa,0.796812,1.4664,0.1774,0.2816,0.541,0.796812,1.4664,5.205128205128205,6.333333333333333,4.0,13.0,0.8138000000000001,1.9046000000000003,0.0,0.0,1.4664,0.796812
2023-12-17,Liverpool,Man United,1.97111,0.632715,0.7148,0.1924,0.0928,1.97111,0.632715,5.178571428571429,23.384615384615383,12.0,7.0,2.3368,0.4708,0.0,0.0,0.632715,1.97111
2023-12-21,Crystal Palace,Brighton,1.65409,1.33653,0.455,0.2631,0.2819,1.65409,1.33653,35.07692307692308,7.6,9.0,14.0,1.6280999999999999,1.1088,0.0,0.0,1.33653,1.65409
2023-12-22,Aston Villa,Sheffield United,1.21861,0.646159,0.5001,0.3312,0.1687,1.21861,0.646159,4.333333333333333,15.636363636363637,10.0,2.0,1.8315,0.8372999999999999,0.0,0.0,0.646159,1.21861
2023-12-23,Tottenham,Everton,1.57527,1.98385,0.2879,0.2354,0.4767,1.57527,1.98385,7.681818181818182,8.636363636363637,10.0,11.0,1.0991,1.6655,0.0,0.0,1.98385,1.57527
2023-12-23,Liverpool,Arsenal,0.982901,0.851681,0.377,0.3338,0.2892,0.982901,0.851681,7.303030303030303,12.857142857142858,7.0,5.0,1.4647999999999999,1.2014,0.0,0.0,0.851681,0.982901
2023-12-23,Nott'm Forest,Bournemouth,0.791806,1.89067,0.1303,0.2073,0.6624,0.791806,1.89067,12.842105263157896,3.923076923076923,4.0,7.0,0.5982000000000001,2.1945,0.0,0.0,1.89067,0.791806
2023-12-23,West Ham,Man United,1.51468,0.730496,0.5925,0.2598,0.1477,1.51468,0.730496,16.61904761904762,6.12,4.0,7.0,2.0373,0.7029,0.0,0.0,0.730496,1.51468
2023-12-23,Fulham,Burnley,1.38096,0.41714,0.6363,0.2621,0.1016,1.38096,0.41714,11.9375,11.848484848484848,12.0,2.0,2.1710000000000003,0.5669,0.0,0.0,0.41714,1.38096
2023-12-23,Luton,Newcastle,1.81844,1.41488,0.4862,0.2508,0.263,1.81844,1.41488,11.107142857142858,5.318181818181818,2.0,16.0,1.7094,1.0398,0.0,0.0,1.41488,1.81844
2023-12-24,Wolves,Chelsea,1.74626,1.75447,0.3603,0.2626,0.3771,1.74626,1.75447,11.517241379310345,6.705882352941177,6.0,19.0,1.3435,1.3939,0.0,0.0,1.75447,1.74626
2023-12-26,Newcastle,Nott'm Forest,2.79106,3.1074,0.3064,0.2328,0.4608,2.02989,3.1074,6.933333333333334,12.75,18.0,4.0,1.1520000000000001,1.6152000000000002,0.0,0.0,3.1074,2.79106
2023-12-26,Bournemouth,Fulham,2.07911,0.324365,0.8555,0.1194,0.0251,1.31795,0.324365,10.964285714285714,8.206896551724139,9.0,9.0,2.6859,0.1947,0.0,0.0,0.324365,2.07911
2023-12-26,Sheffield United,Luton,3.61788,0.715575,0.9422,0.044,0.0138,3.61788,0.715575,7.48,7.428571428571429,7.0,3.0,2.8706,0.0854,0.0,0.0,0.715575,3.61788
2023-12-26,Burnley,Liverpool,0.972389,1.68451,0.1994,0.2625,0.5381,0.972389,1.68451,15.6,9.2,3.0,18.0,0.8607,1.8768,0.0,0.0,1.68451,0.972389
2023-12-26,Man United,Aston Villa,1.20104,1.83637,0.1985,0.2573,0.5442,1.20104,1.83637,7.444444444444445,15.214285714285714,4.0,12.0,0.8528,1.8899,0.0,0.0,1.83637,1.20104
2023-12-27,Everton,Man City,1.23529,2.28321,0.1381,0.2182,0.6437,1.23529,1.52204,22.130434782608695,11.76923076923077,3.0,9.0,0.6325000000000001,2.1493,0.0,0.0,2.28321,1.23529
2023-12-27,Chelsea,Crystal Palace,2.73005,0.958077,0.8078,0.135,0.0572,1.96888,0.958077,7.291666666666667,12.870967741935484,8.0,6.0,2.5584,0.3066,0.0,0.0,0.958077,2.73005
2023-12-27,Brentford,Wolves,2.59347,1.89483,0.5428,0.2254,0.2318,2.59347,1.89483,10.476190476190476,13.545454545454545,15.0,7.0,1.8538,0.9208000000000001,0.0,0.0,1.89483,2.59347
2023-12-28,Brighton,Tottenham,3.84702,2.06955,0.767,0.1299,0.1031,2.32468,2.06955,8.030303030303031,12.409090909090908,5.0,28.0,2.4309000000000003,0.43920000000000003,0.0,0.0,2.06955,3.84702
2023-12-28,Arsenal,West Ham,2.7884,1.59711,0.6535,0.2038,0.1427,2.7884,0.835941,5.230769230769231,33.55555555555556,27.0,1.0,2.1643,0.6319,0.0,0.0,1.59711,2.7884
2023-12-30,Luton,Chelsea,2.64093,1.57463,0.6595,0.2081,0.1324,2.64093,1.57463,7.71875,8.88,5.0,4.0,2.1866,0.6053,0.0,0.0,1.57463,2.64093
2023-12-30,Aston Villa,Burnley,2.92587,1.11923,0.8066,0.131,0.0624,2.1647,1.11923,8.333333333333334,19.071428571428573,16.0,2.0,2.5507999999999997,0.3182,0.0,0.0,1.11923,2.92587
2023-12-30,Crystal Palace,Brentford,1.61057,1.28731,0.4365,0.2865,0.277,1.61057,1.28731,9.142857142857142,9.3,13.0,6.0,1.5959999999999999,1.1175000000000002,0.0,0.0,1.28731,1.61057
2023-12-30,Man City,Sheffield United,2.24229,0.263211,0.9141,0.0761,0.0098,2.24229,0.263211,9.571428571428571,116.75,12.0,1.0,2.8184,0.1055,0.0,0.0,0.263211,2.24229
2023-12-30,Wolves,Everton,2.64477,0.519641,0.916,0.0694,0.0146,2.64477,0.519641,10.818181818181818,8.25,10.0,3.0,2.8174,0.1132,0.0,0.0,0.519641,2.64477
2023-12-30,Nott'm Forest,Man United,0.744348,0.651905,0.3432,0.3817,0.2751,0.744348,0.651905,15.333333333333334,13.125,7.0,9.0,1.4113,1.207,0.0,0.0,0.651905,0.744348
2023-12-31,Tottenham,Bournemouth,2.15027,1.58229,0.5177,0.2287,0.2536,2.15027,1.58229,10.65,5.95,13.0,15.0,1.7818,0.9894999999999999,0.0,0.0,1.58229,2.15027
2023-12-31,Fulham,Arsenal,1.52829,1.6591,0.3212,0.286,0.3928,1.52829,1.6591,21.88235294117647,12.15,5.0,5.0,1.2496,1.4644,0.0,0.0,1.6591,1.52829
2024-01-01,Liverpool,Newcastle,6.67151,0.910974,0.9981,0.0015,0.0004,5.02355,0.910974,4.825,14.947368421052632,16.0,4.0,2.9958,0.0027,0.0,0.0,0.910974,6.67151
2024-01-02,West Ham,Brighton,0.9831,2.1552,0.1215,0.2187,0.6598,0.9831,2.1552,37.69230769230769,10.19047619047619,4.0,17.0,0.5831999999999999,2.1981,0.0,0.0,2.1552,0.9831
2024-01-12,Burnley,Luton,1.52023,0.965167,0.514,0.2735,0.2125,1.52023,0.965167,19.0625,6.666666666666667,5.0,7.0,1.8155000000000001,0.911,0.0,0.0,0.965167,1.52023
2024-01-13,Chelsea,Fulham,2.0456,0.697847,0.7466,0.1756,0.0778,1.28443,0.697847,8.37037037037037,10.72,15.0,10.0,2.4154000000000004,0.40900000000000003,0.0,0.0,0.697847,2.0456
2024-01-13,Newcastle,Man City,1.23638,2.55452,0.1202,0.1796,0.7002,1.23638,2.55452,17.1875,9.235294117647058,6.0,25.0,0.5402,2.2802000000000002,0.0,0.0,2.55452,1.23638
2024-01-14,Everton,Aston Villa,1.03664,1.3435,0.2719,0.3045,0.4236,1.03664,1.3435,8.944444444444445,7.923076923076923,3.0,12.0,1.1201999999999999,1.5753,0.0,0.0,1.3435,1.03664
2024-01-14,Man United,Tottenham,0.923233,1.31224,0.2351,0.3057,0.4592,0.923233,1.31224,19.36842105263158,6.5,6.0,3.0,1.0110000000000001,1.6833,0.0,0.0,1.31224,0.923233
2024-01-20,Arsenal,Crystal Palace,3.52167,0.288083,0.967,0.029,0.004,3.52167,0.288083,9.772727272727273,20.25,18.0,0.0,2.9299999999999997,0.041,0.0,0.0,0.288083,3.52167
2024-01-20,Brentford,Nott'm Forest,1.94219,1.22251,0.5612,0.2428,0.196,1.94219,1.22251,8.0,13.0,4.0,9.0,1.9264000000000001,0.8308000000000001,0.0,0.0,1.22251,1.94219
2024-01-21,Bournemouth,Liverpool,0.834585,1.53344,0.1701,0.2667,0.5632,0.834585,1.53344,10.035714285714286,4.806451612903226,10.0,15.0,0.7769999999999999,1.9563,0.0,0.0,1.53344,0.834585
2024-01-21,Sheffield United,West Ham,2.61362,2.4241,0.4271,0.2342,0.3387,1.85245,1.66293,8.521739130434783,11.291666666666666,9.0,5.0,1.5154999999999998,1.2503,0.0,0.0,2.4241,2.61362
2024-01-22,Brighton,Wolves,1.3701,1.14116,0.3979,0.3324,0.2697,1.3701,1.14116,8.863636363636363,25.375,16.0,4.0,1.5261,1.1415,0.0,0.0,1.14116,1.3701
2024-01-30,Nott'm Forest,Arsenal,0.631618,1.39143,0.1572,0.2831,0.5597,0.631618,1.39143,39.714285714285715,8.555555555555555,2.0,25.0,0.7547,1.9622000000000002,0.0,0.0,1.39143,0.631618
2024-01-30,Fulham,Everton,2.37499,2.83317,0.308,0.2134,0.4786,2.37499,2.83317,11.9,11.633333333333333,6.0,6.0,1.1374,1.6492,0.0,0.0,2.83317,2.37499
2024-01-30,Luton,Brighton,3.63312,1.01366,0.9284,0.0547,0.0169,3.63312,1.01366,12.96,7.083333333333333,5.0,2.0,2.8399,0.1054,0.0,0.0,1.01366,3.63312
2024-01-30,Crystal Palace,Sheffield United,1.1601,0.768467,0.4684,0.3204,0.2112,1.1601,0.768467,8.96,7.838709677419355,8.0,7.0,1.7256,0.954,0.0,0.0,0.768467,1.1601
2024-01-30,Aston Villa,Newcastle,1.44485,3.3224,0.0747,0.1228,0.8025,1.44485,3.3224,9.347826086956522,11.0,12.0,10.0,0.34690000000000004,2.5302999999999995,0.0,0.0,3.3224,1.44485
2024-01-31,Man City,Burnley,1.84756,1.49114,0.45,0.2838,0.2662,1.84756,1.49114,13.416666666666666,22.59090909090909,6.0,4.0,1.6338000000000001,1.0824,0.0,0.0,1.49114,1.84756
2024-01-31,Tottenham,Brentford,3.36194,1.59637,0.7778,0.1393,0.0829,3.36194,1.59637,5.428571428571429,9.454545454545455,15.0,13.0,2.4727,0.388,0.0,0.0,1.59637,3.36194
2024-01-31,Liverpool,Chelsea,3.6627,0.477972,0.9634,0.0301,0.0065,2.90153,0.477972,10.054054054054054,19.6,10.0,6.0,2.9203,0.0496,0.0,0.0,0.477972,3.6627
2024-02-01,Wolves,Man United,2.27609,3.22698,0.188,0.209,0.603,1.51492,3.22698,15.333333333333334,12.571428571428571,9.0,9.0,0.773,2.018,0.0,0.0,3.22698,2.27609
2024-02-01,West Ham,Bournemouth,1.3128,1.13487,0.4096,0.3213,0.2691,0.551632,1.13487,9.391304347826088,8.096774193548388,2.0,5.0,1.5501,1.1286,0.0,0.0,1.13487,1.3128
2024-02-03,Everton,Tottenham,3.25881,0.922371,0.9354,0.0526,0.012,3.25881,0.922371,8.242424242424242,5.739130434782608,6.0,7.0,2.8588,0.08860000000000001,0.0,0.0,0.922371,3.25881
2024-02-03,Brighton,Crystal Palace,1.92591,0.241137,0.8463,0.129,0.0247,1.92591,0.241137,9.666666666666666,20.35483870967742,3.0,3.0,2.6679,0.2031,0.0,0.0,0.241137,1.92591
2024-02-03,Burnley,Fulham,1.00428,1.28806,0.2812,0.293,0.4258,1.00428,1.28806,15.0,11.1,3.0,7.0,1.1366,1.5704,0.0,0.0,1.28806,1.00428
2024-02-03,Newcastle,Luton,2.37353,2.67463,0.3138,0.2276,0.4586,2.37353,1.91346,6.857142857142857,7.071428571428571,9.0,8.0,1.169,1.6034,0.0,0.0,2.67463,2.37353
2024-02-03,Sheffield United,Aston Villa,1.52784,2.99015,0.0949,0.1699,0.7352,1.52784,2.99015,24.42105263157895,13.714285714285714,7.0,5.0,0.4546,2.3755,0.0,0.0,2.99015,1.52784
2024-02-04,Arsenal,Liverpool,2.8526,0.542052,0.8894,0.0841,0.0265,2.8526,0.542052,9.7,9.619047619047619,5.0,2.0,2.7522999999999995,0.1636,0.0,0.0,0.542052,2.8526
2024-02-04,Bournemouth,Nott'm Forest,1.1895,0.456548,0.6339,0.2803,0.0858,1.1895,0.456548,6.181818181818182,7.05,4.0,6.0,2.182,0.5377000000000001,0.0,0.0,0.456548,1.1895
2024-02-04,Chelsea,Wolves,2.35967,2.48996,0.3563,0.229,0.4147,2.35967,1.72879,8.76,17.736842105263158,13.0,6.0,1.2979,1.4731,0.0,0.0,2.48996,2.35967
2024-02-04,Man United,West Ham,0.96721,1.1807,0.2964,0.3006,0.403,0.96721,1.1807,8.84,21.714285714285715,9.0,3.0,1.1898,1.5096,0.0,0.0,1.1807,0.96721
2024-02-05,Brentford,Man City,0.865741,2.10785,0.1246,0.1938,0.6816,0.865741,2.10785,26.0,10.0625,3.0,12.0,0.5676,2.2386,0.0,0.0,2.10785,0.865741
2024-02-10,Nott'm Forest,Newcastle,0.968075,0.511375,0.4805,0.3509,0.1686,0.968075,0.511375,26.4375,9.529411764705882,7.0,7.0,1.7924,0.8567,0.0,0.0,0.511375,0.968075
2024-02-10,Wolves,Brentford,1.05781,1.84908,0.1694,0.2406,0.59,1.05781,1.84908,5.7894736842105265,15.85,7.0,3.0,0.7488,2.0106,0.0,0.0,1.84908,1.05781
2024-02-10,Tottenham,Brighton,2.10928,1.49285,0.5182,0.2553,0.2265,2.10928,0.73168,13.636363636363637,12.727272727272727,13.0,10.0,1.8099,0.9348000000000001,0.0,0.0,1.49285,2.10928
2024-02-10,Man City,Everton,1.58971,0.192072,0.7703,0.1961,0.0336,1.58971,0.192072,8.380952380952381,25.823529411764707,10.0,1.0,2.507,0.2969,0.0,0.0,0.192072,1.58971
2024-02-10,Liverpool,Burnley,3.14734,1.11123,0.8055,0.1243,0.0702,3.14734,1.11123,4.62962962962963,17.166666666666668,15.0,6.0,2.5408,0.3349,0.0,0.0,1.11123,3.14734
2024-02-10,Fulham,Bournemouth,1.7456,2.60612,0.2024,0.2217,0.5759,1.7456,2.60612,12.61111111111111,7.03125,8.0,21.0,0.8289,1.9494,0.0,0.0,2.60612,1.7456
2024-02-10,Luton,Sheffield United,1.76215,1.98283,0.2937,0.2842,0.4221,1.00099,1.22166,4.0,14.944444444444445,9.0,4.0,1.1653,1.5505,0.0,0.0,1.98283,1.76215
2024-02-11,West Ham,Arsenal,0.191065,3.99893,0.0014,0.0121,0.9865,0.191065,3.23776,21.8,6.809523809523809,1.0,24.0,0.0163,2.9716000000000005,0.0,0.0,3.99893,0.191065
2024-02-11,Aston Villa,Man United,2.64675,2.44591,0.4367,0.2256,0.3377,2.64675,2.44591,11.85,11.75,10.0,4.0,1.5356999999999998,1.2387000000000001,0.0,0.0,2.44591,2.64675
2024-02-12,Crystal Palace,Chelsea,0.719516,1.26948,0.1869,0.2941,0.519,0.719516,1.26948,21.434782608695652,5.947368421052632,4.0,7.0,0.8548,1.8511,0.0,0.0,1.26948,0.719516
2024-02-17,Tottenham,Wolves,1.59768,1.77591,0.3182,0.2596,0.4222,1.59768,1.77591,4.964285714285714,15.368421052631579,19.0,5.0,1.2142,1.5262,0.0,0.0,1.77591,1.59768
2024-02-17,Man City,Chelsea,2.77713,1.82903,0.5909,0.1949,0.2142,2.77713,1.82903,7.375,17.529411764705884,29.0,9.0,1.9676,0.8375,0.0,0.0,1.82903,2.77713
2024-02-17,Nott'm Forest,West Ham,2.66942,0.520016,0.8769,0.0916,0.0315,2.66942,0.520016,13.8125,8.185185185185185,9.0,3.0,2.7223,0.1861,0.0,0.0,0.520016,2.66942
2024-02-17,Brentford,Liverpool,1.69518,3.08952,0.13,0.1713,0.6987,1.69518,3.08952,13.6,7.363636363636363,10.0,11.0,0.5613,2.2674,0.0,0.0,3.08952,1.69518
2024-02-17,Fulham,Aston Villa,1.41796,1.57297,0.3234,0.2655,0.4111,1.41796,1.57297,12.590909090909092,25.09090909090909,9.0,2.0,1.2357,1.4988000000000001,0.0,0.0,1.57297,1.41796
2024-02-17,Burnley,Arsenal,0.335143,2.20575,0.0215,0.1051,0.8734,0.335143,1.44458,22.235294117647058,9.210526315789474,2.0,15.0,0.1696,2.7253,0.0,0.0,2.20575,0.335143
2024-02-17,Newcastle,Bournemouth,2.38425,2.08098,0.4324,0.2915,0.2761,1.62308,2.08098,6.529411764705882,7.0,9.0,3.0,1.5887000000000002,1.1198000000000001,0.0,0.0,2.08098,2.38425
2024-02-18,Sheffield United,Brighton,0.586214,3.35549,0.012,0.0482,0.9398,0.586214,3.35549,193.0,5.9411764705882355,3.0,15.0,0.0842,2.8676,0.0,0.0,3.35549,0.586214
2024-02-18,Luton,Man United,1.57234,3.58973,0.0801,0.1195,0.8004,1.57234,3.58973,11.052631578947368,8.517241379310345,11.0,9.0,0.3598,2.5207,0.0,0.0,3.58973,1.57234
2024-02-19,Everton,Crystal Palace,2.44588,0.734685,0.8065,0.1381,0.0554,2.44588,0.734685,5.666666666666667,21.0,7.0,5.0,2.5576000000000003,0.3043,0.0,0.0,0.734685,2.44588
2024-02-20,Man City,Brentford,2.53766,0.503799,0.845,0.1154,0.0396,2.53766,0.503799,12.357142857142858,17.545454545454547,19.0,1.0,2.6504000000000003,0.23420000000000002,0.0,0.0,0.503799,2.53766
2024-02-21,Liverpool,Luton,3.70302,0.956512,0.8961,0.0729,0.031,3.70302,0.956512,4.8,12.3,16.0,4.0,2.7612,0.1659,0.0,0.0,0.956512,3.70302
2024-02-24,Aston Villa,Nott'm Forest,3.48861,2.25569,0.6676,0.188,0.1444,3.48861,2.25569,15.266666666666667,13.12,16.0,7.0,2.1908,0.6212,0.0,0.0,2.25569,3.48861
2024-02-24,Brighton,Everton,1.6538,0.286655,0.7466,0.2016,0.0518,1.6538,0.286655,8.222222222222221,17.0,9.0,4.0,2.4414000000000002,0.357,0.0,0.0,0.286655,1.6538
2024-02-24,Crystal Palace,Burnley,2.41612,0.0760216,0.9557,0.042,0.0023,1.65495,0.0760216,8.391304347826088,16.214285714285715,8.0,0.0,2.9090999999999996,0.0489,0.0,0.0,0.0760216,2.41612
2024-02-24,Man United,Fulham,1.96036,1.1385,0.5948,0.2309,0.1743,1.96036,1.1385,10.727272727272727,16.5625,11.0,11.0,2.0153,0.7538,0.0,0.0,1.1385,1.96036
2024-02-24,Bournemouth,Man City,0.925889,1.79636,0.1377,0.2393,0.623,0.925889,1.79636,10.785714285714286,13.5,8.0,13.0,0.6524,2.1083,0.0,0.0,1.79636,0.925889
2024-02-24,Arsenal,Newcastle,2.59336,0.217373,0.933,0.0583,0.0087,2.59336,0.217373,9.096774193548388,26.7,17.0,4.0,2.8573000000000004,0.0844,0.0,0.0,0.217373,2.59336
2024-02-25,Wolves,Sheffield United,1.21618,0.654342,0.5154,0.3025,0.1821,1.21618,0.654342,16.09090909090909,26.266666666666666,7.0,5.0,1.8486999999999998,0.8488,0.0,0.0,0.654342,1.21618
2024-02-26,West Ham,Brentford,2.06873,1.33683,0.5759,0.2315,0.1926,2.06873,1.33683,14.3,6.461538461538462,5.0,11.0,1.9592,0.8093,0.0,0.0,1.33683,2.06873
2024-03-02,Nott'm Forest,Liverpool,0.971466,1.32259,0.267,0.2868,0.4462,0.971466,1.32259,22.0625,4.76,7.0,12.0,1.0878,1.6254,0.0,0.0,1.32259,0.971466
2024-03-02,Tottenham,Crystal Palace,2.6625,0.277887,0.9285,0.0622,0.0093,2.6625,0.277887,4.9,27.9375,16.0,2.0,2.8476999999999997,0.0901,0.0,0.0,0.277887,2.6625
2024-03-02,Newcastle,Wolves,3.33495,0.507769,0.9528,0.0375,0.0097,3.33495,0.507769,10.67741935483871,14.722222222222221,8.0,5.0,2.8959,0.06659999999999999,0.0,0.0,0.507769,3.33495
2024-03-02,Luton,Aston Villa,2.43312,2.08586,0.4648,0.2474,0.2878,2.43312,2.08586,13.666666666666666,11.2,3.0,6.0,1.6418000000000001,1.1108,0.0,0.0,2.08586,2.43312
2024-03-02,Everton,West Ham,3.12075,2.17948,0.6041,0.2042,0.1917,2.35958,2.17948,10.68421052631579,21.357142857142858,9.0,4.0,2.0165,0.7793000000000001,0.0,0.0,2.17948,3.12075
2024-03-02,Brentford,Chelsea,2.4732,2.1523,0.4418,0.2411,0.3171,2.4732,2.1523,13.481481481481481,5.809523809523809,3.0,9.0,1.5665000000000002,1.1924000000000001,0.0,0.0,2.1523,2.4732
2024-03-02,Fulham,Brighton,1.37604,1.15198,0.4214,0.2805,0.2981,1.37604,1.15198,19.90909090909091,6.153846153846154,3.0,15.0,1.5447,1.1747999999999998,0.0,0.0,1.15198,1.37604
2024-03-03,Burnley,Bournemouth,1.60461,1.43616,0.4202,0.2635,0.3163,1.60461,1.43616,4.352941176470588,13.541666666666666,9.0,6.0,1.5241000000000002,1.2124000000000001,0.0,0.0,1.43616,1.60461
2024-03-03,Man City,Man United,2.64173,0.153764,0.9375,0.0569,0.0056,2.64173,0.153764,10.058823529411764,18.176470588235293,26.0,1.0,2.8694,0.0737,0.0,0.0,0.153764,2.64173
2024-03-04,Sheffield United,Arsenal,0.201374,2.47294,0.0132,0.089,0.8978,0.201374,2.47294,37.416666666666664,12.222222222222221,2.0,22.0,0.1286,2.7824,0.0,0.0,2.47294,0.201374
2024-03-09,Man United,Everton,2.9016,1.8214,0.6539,0.188,0.1581,1.37927,1.8214,15.428571428571429,15.4,7.0,13.0,2.1497,0.6622999999999999,0.0,0.0,1.8214,2.9016
2024-03-09,Bournemouth,Sheffield United,3.92657,1.91752,0.7827,0.1317,0.0856,3.1654,1.91752,4.904761904761905,18.90909090909091,15.0,2.0,2.4797999999999996,0.38849999999999996,0.0,0.0,1.91752,3.92657
2024-03-09,Crystal Palace,Luton,3.25103,1.08531,0.8485,0.1087,0.0428,3.25103,1.08531,7.387096774193548,15.133333333333333,9.0,3.0,2.6542,0.23709999999999998,0.0,0.0,1.08531,3.25103
2024-03-09,Wolves,Fulham,1.29589,2.94155,0.0956,0.1555,0.7489,1.29589,2.94155,18.764705882352942,14.5,9.0,15.0,0.4423,2.4022,0.0,0.0,2.94155,1.29589
2024-03-09,Arsenal,Brentford,1.59369,0.733239,0.5916,0.262,0.1464,1.59369,0.733239,8.3,14.6,20.0,3.0,2.0368,0.7012,0.0,0.0,0.733239,1.59369
2024-03-10,Liverpool,Man City,2.25492,1.37289,0.5862,0.2435,0.1703,1.49375,1.37289,8.90625,14.826086956521738,9.0,5.0,2.0021,0.7544,0.0,0.0,1.37289,2.25492
2024-03-10,West Ham,Burnley,1.87414,0.88131,0.617,0.2337,0.1493,1.87414,0.88131,8.583333333333334,7.419354838709677,7.0,10.0,2.0846999999999998,0.6816,0.0,0.0,0.88131,1.87414
2024-03-10,Brighton,Nott'm Forest,0.534518,0.687034,0.2326,0.4127,0.3547,0.534518,0.687034,16.214285714285715,27.647058823529413,1.0,3.0,1.1105,1.4768000000000001,0.0,0.0,0.687034,0.534518
2024-03-10,Aston Villa,Tottenham,1.23267,2.25381,0.1441,0.2079,0.648,1.23267,2.25381,20.772727272727273,4.255813953488372,3.0,9.0,0.6402,2.1519,0.0,0.0,2.25381,1.23267
2024-03-11,Chelsea,Newcastle,1.78315,0.568435,0.7549,0.1839,0.0612,1.78315,0.568435,12.826086956521738,13.578947368421053,4.0,8.0,2.4486,0.3675,0.0,0.0,0.568435,1.78315
2024-03-13,Bournemouth,Luton,2.84403,2.79419,0.3874,0.23,0.3826,2.84403,2.79419,7.95,9.125,7.0,1.0,1.3922,1.3778,0.0,0.0,2.79419,2.84403
2024-03-16,Burnley,Brentford,2.69776,1.25123,0.7332,0.1712,0.0956,1.93659,1.25123,6.571428571428571,5.884615384615385,12.0,8.0,2.3707999999999996,0.45799999999999996,0.0,0.0,1.25123,2.69776
2024-03-16,Luton,Nott'm Forest,0.853782,1.95268,0.1236,0.2202,0.6562,0.853782,1.95268,7.857142857142857,8.88888888888889,6.0,6.0,0.591,2.1888,0.0,0.0,1.95268,0.853782
2024-03-16,Fulham,Tottenham,2.47234,2.14564,0.4497,0.2511,0.2992,2.47234,2.14564,10.793103448275861,10.15,12.0,14.0,1.6002,1.1487,0.0,0.0,2.14564,2.47234
2024-03-17,West Ham,Aston Villa,1.32829,0.911274,0.4612,0.3004,0.2384,1.32829,0.911274,11.851851851851851,6.7894736842105265,7.0,17.0,1.684,1.0156,0.0,0.0,0.911274,1.32829
2024-03-30,Brentford,Man United,3.16487,0.989565,0.8271,0.1192,0.0537,3.16487,0.989565,13.1875,7.2,21.0,7.0,2.6005000000000003,0.2803,0.0,0.0,0.989565,3.16487
2024-03-30,Aston Villa,Wolves,1.28271,1.66232,0.2681,0.2583,0.4736,1.28271,1.66232,14.15,7.666666666666667,5.0,5.0,1.0626,1.6791,0.0,0.0,1.66232,1.28271
2024-03-30,Tottenham,Luton,2.46523,0.402402,0.8853,0.093,0.0217,2.46523,0.402402,4.193548387096774,14.434782608695652,22.0,3.0,2.7489,0.15810000000000002,0.0,0.0,0.402402,2.46523
2024-03-30,Sheffield United,Fulham,1.78824,1.10254,0.5659,0.2465,0.1876,1.78824,1.10254,18.823529411764707,7.0,4.0,10.0,1.9441999999999997,0.8092999999999999,0.0,0.0,1.10254,1.78824
2024-03-30,Newcastle,West Ham,3.80922,0.994584,0.9141,0.0607,0.0252,2.28688,0.994584,6.791666666666667,13.052631578947368,16.0,3.0,2.8030000000000004,0.1363,0.0,0.0,0.994584,3.80922
2024-03-30,Chelsea,Burnley,4.46643,2.10422,0.8334,0.0971,0.0695,3.70526,2.10422,9.538461538461538,24.846153846153847,24.0,9.0,2.5973,0.30560000000000004,0.0,0.0,2.10422,4.46643
2024-03-30,Bournemouth,Everton,1.39268,0.93378,0.4836,0.3187,0.1977,1.39268,0.93378,6.590909090909091,8.578947368421053,6.0,11.0,1.7694999999999999,0.9117999999999999,0.0,0.0,0.93378,1.39268
2024-03-30,Nott'm Forest,Crystal Palace,0.784652,0.900972,0.2849,0.3583,0.3568,0.784652,0.900972,9.55,12.818181818181818,3.0,3.0,1.213,1.4287,0.0,0.0,0.900972,0.784652
2024-03-31,Liverpool,Brighton,3.21149,0.43922,0.9248,0.06,0.0152,3.21149,0.43922,8.941176470588236,18.625,24.0,6.0,2.8344,0.1056,0.0,0.0,0.43922,3.21149
2024-03-31,Man City,Arsenal,1.22009,0.511402,0.5957,0.2805,0.1238,1.22009,0.511402,6.086956521739131,11.758620689655173,6.0,7.0,2.0676,0.6518999999999999,0.0,0.0,0.511402,1.22009
2024-04-02,West Ham,Tottenham,1.47017,1.39423,0.3691,0.3037,0.3272,1.47017,1.39423,14.25,5.642857142857143,4.0,22.0,1.411,1.2853,0.0,0.0,1.39423,1.47017
2024-04-02,Bournemouth,Crystal Palace,1.30969,0.174389,0.7183,0.2403,0.0414,1.30969,0.174389,8.538461538461538,8.285714285714286,4.0,6.0,2.3952,0.36450000000000005,0.0,0.0,0.174389,1.30969
2024-04-02,Burnley,Wolves,1.12581,1.01021,0.3791,0.3116,0.3093,1.12581,1.01021,8.8,14.4,11.0,4.0,1.4489,1.2395,0.0,0.0,1.01021,1.12581
2024-04-02,Nott'm Forest,Fulham,1.94619,1.04304,0.6133,0.215,0.1717,1.94619,1.04304,31.6,8.8,6.0,8.0,2.0549,0.7301,0.0,0.0,1.04304,1.94619
2024-04-02,Newcastle,Everton,2.65009,1.69834,0.6098,0.2173,0.1729,2.65009,0.937167,10.764705882352942,14.25,11.0,6.0,2.0467,0.736,0.0,0.0,1.69834,2.65009
2024-04-03,Arsenal,Luton,1.14384,0.292082,0.6149,0.301,0.0841,1.14384,0.292082,10.708333333333334,23.529411764705884,14.0,3.0,2.1457,0.5532999999999999,0.0,0.0,0.292082,1.14384
2024-04-03,Brentford,Brighton,0.423299,1.22404,0.1184,0.2938,0.5878,0.423299,1.22404,16.166666666666668,6.730769230769231,8.0,8.0,0.649,2.0572,0.0,0.0,1.22404,0.423299
2024-04-03,Man City,Aston Villa,3.87704,1.18643,0.8896,0.0723,0.0381,3.87704,1.18643,7.166666666666667,21.785714285714285,26.0,4.0,2.7411,0.18660000000000002,0.0,0.0,1.18643,3.87704
2024-04-04,Liverpool,Sheffield United,2.51772,0.720948,0.7969,0.151,0.0521,2.51772,0.720948,2.5652173913043477,26.4,18.0,2.0,2.5417,0.3073,0.0,0.0,0.720948,2.51772
2024-04-04,Chelsea,Man United,3.48048,1.56686,0.7877,0.1251,0.0872,1.95814,1.56686,12.294117647058824,12.72,15.0,7.0,2.4882,0.3867,0.0,0.0,1.56686,3.48048
2024-04-06,Brighton,Arsenal,0.428514,4.16518,0.004,0.0185,0.9775,0.428514,3.40401,9.08695652173913,15.666666666666666,6.0,18.0,0.0305,2.951,0.0,0.0,4.16518,0.428514
2024-04-06,Wolves,West Ham,1.78341,1.14133,0.5558,0.2917,0.1525,1.02224,0.380163,8.76,11.454545454545455,12.0,3.0,1.9590999999999998,0.7492000000000001,0.0,0.0,1.14133,1.78341
2024-04-06,Fulham,Newcastle,0.834564,1.18012,0.2389,0.3084,0.4527,0.834564,1.18012,5.76,13.347826086956522,11.0,7.0,1.0251000000000001,1.6664999999999999,0.0,0.0,1.18012,0.834564
2024-04-06,Luton,Bournemouth,1.30478,0.616108,0.5559,0.2877,0.1564,1.30478,0.616108,5.62962962962963,4.848484848484849,7.0,5.0,1.9554,0.7569000000000001,0.0,0.0,0.616108,1.30478
2024-04-06,Aston Villa,Brentford,1.16333,1.42064,0.2673,0.2872,0.4455,1.16333,1.42064,6.7368421052631575,16.5,6.0,3.0,1.0891,1.6237,0.0,0.0,1.42064,1.16333
2024-04-06,Crystal Palace,Man City,1.49472,2.26381,0.211,0.2307,0.5583,1.49472,2.26381,20.36842105263158,13.166666666666666,2.0,20.0,0.8637,1.9056,0.0,0.0,2.26381,1.49472
2024-04-06,Everton,Burnley,0.659844,0.34699,0.3827,0.4499,0.1674,0.659844,0.34699,8.971428571428572,7.157894736842105,9.0,6.0,1.5979999999999999,0.9521,0.0,0.0,0.34699,0.659844
2024-04-07,Man United,Liverpool,0.814509,4.43457,0.007,0.0309,0.9621,0.814509,3.6734,14.2,7.84,6.0,21.0,0.0519,2.9172,0.0,0.0,4.43457,0.814509
2024-04-07,Sheffield United,Chelsea,1.74265,0.521789,0.7207,0.2028,0.0765,1.74265,0.521789,20.608695652173914,7.571428571428571,6.0,6.0,2.3649,0.4323,0.0,0.0,0.521789,1.74265
2024-04-07,Tottenham,Nott'm Forest,1.61978,2.00122,0.2404,0.2793,0.4803,1.61978,2.00122,8.44,18.058823529411764,17.0,3.0,1.0005000000000002,1.7202000000000002,0.0,0.0,2.00122,1.61978
2024-04-13,Nott'm Forest,Wolves,1.76244,1.45688,0.4299,0.2841,0.286,1.76244,1.45688,11.9,13.0,6.0,3.0,1.5738,1.1421,0.0,0.0,1.45688,1.76244
2024-04-13,Man City,Luton,4.64245,0.809775,0.9687,0.0253,0.006,3.88128,0.809775,6.62962962962963,34.5,37.0,2.0,2.9314,0.043300000000000005,0.0,0.0,0.809775,4.64245
2024-04-13,Bournemouth,Man United,2.38519,1.52274,0.5851,0.2409,0.174,2.38519,0.761571,13.380952380952381,10.8125,12.0,8.0,1.9962,0.7629,0.0,0.0,1.52274,2.38519
2024-04-13,Brentford,Sheffield United,1.09071,0.834498,0.4097,0.3275,0.2628,1.09071,0.834498,7.95,12.75,5.0,6.0,1.5566,1.1159,0.0,0.0,0.834498,1.09071
2024-04-13,Newcastle,Tottenham,3.1483,0.737596,0.8841,0.0843,0.0316,3.1483,0.737596,9.192307692307692,3.217391304347826,8.0,6.0,2.7365999999999997,0.1791,0.0,0.0,0.737596,3.1483
2024-04-13,Burnley,Brighton,1.8522,0.889445,0.6483,0.2124,0.1393,1.8522,0.889445,12.066666666666666,15.470588235294118,8.0,9.0,2.1573,0.6303000000000001,0.0,0.0,0.889445,1.8522
2024-04-14,Liverpool,Crystal Palace,3.04497,2.12879,0.586,0.205,0.209,3.04497,2.12879,5.75,26.066666666666666,11.0,6.0,1.963,0.832,0.0,0.0,2.12879,3.04497
2024-04-14,West Ham,Fulham,1.45307,3.61413,0.0551,0.1047,0.8402,1.45307,3.61413,13.941176470588236,13.318181818181818,3.0,10.0,0.27,2.6252999999999997,0.0,0.0,3.61413,1.45307
2024-04-14,Arsenal,Aston Villa,1.89003,0.929049,0.6312,0.2246,0.1442,1.89003,0.929049,8.892857142857142,15.285714285714286,17.0,2.0,2.1182,0.6572,0.0,0.0,0.929049,1.89003
2024-04-15,Chelsea,Everton,3.37093,1.21791,0.8957,0.0806,0.0237,2.60976,1.21791,13.785714285714286,10.368421052631579,8.0,5.0,2.7677,0.1517,0.0,0.0,1.21791,3.37093
2024-04-20,Luton,Brentford,0.497799,3.7809,0.0056,0.0305,0.9639,0.497799,3.7809,11.125,7.461538461538462,6.0,13.0,0.047299999999999995,2.9222,0.0,0.0,3.7809,0.497799
2024-04-20,Sheffield United,Burnley,1.97816,2.42338,0.2848,0.2176,0.4976,1.97816,2.42338,12.636363636363637,12.947368421052632,9.0,6.0,1.072,1.7104,0.0,0.0,2.42338,1.97816
2024-04-20,Wolves,Arsenal,0.164516,1.66179,0.0263,0.1824,0.7913,0.164516,1.66179,15.61111111111111,13.652173913043478,2.0,20.0,0.2613,2.5563,0.0,0.0,1.66179,0.164516
2024-04-21,Crystal Palace,West Ham,3.7185,1.34536,0.8772,0.0909,0.0319,3.7185,1.34536,9.074074074074074,14.74074074074074,12.0,2.0,2.7224999999999997,0.1866,0.0,0.0,1.34536,3.7185
2024-04-21,Everton,Nott'm Forest,0.473233,1.18916,0.1131,0.289,0.5979,0.473233,1.18916,15.636363636363637,15.428571428571429,0.0,7.0,0.6283000000000001,2.0827,0.0,0.0,1.18916,0.473233
2024-04-21,Aston Villa,Bournemouth,2.62687,2.05211,0.5185,0.2532,0.2283,2.62687,1.29094,12.25,12.15,19.0,2.0,1.8087,0.9381,0.0,0.0,2.05211,2.62687
2024-04-21,Fulham,Liverpool,0.83885,1.02445,0.2932,0.3265,0.3803,0.83885,1.02445,52.0,12.238095238095237,8.0,9.0,1.2061000000000002,1.4674,0.0,0.0,1.02445,0.83885
2024-04-23,Arsenal,Chelsea,3.45858,1.60343,0.7702,0.1394,0.0904,3.45858,1.60343,13.857142857142858,19.76923076923077,18.0,6.0,2.45,0.41059999999999997,0.0,0.0,1.60343,3.45858
2024-04-24,Wolves,Bournemouth,0.484454,2.40311,0.0421,0.1264,0.8315,0.484454,2.40311,8.1875,8.411764705882353,7.0,12.0,0.25270000000000004,2.6209,0.0,0.0,2.40311,0.484454
2024-04-24,Crystal Palace,Newcastle,1.43661,0.55129,0.6157,0.2628,0.1215,1.43661,0.55129,8.264705882352942,6.892857142857143,6.0,4.0,2.1099,0.6273,0.0,0.0,0.55129,1.43661
2024-04-24,Everton,Liverpool,1.89111,1.87155,0.3871,0.2422,0.3707,1.89111,1.87155,21.055555555555557,4.523809523809524,6.0,24.0,1.4035,1.3542999999999998,0.0,0.0,1.87155,1.89111
2024-04-24,Man United,Sheffield United,3.51311,1.20517,0.862,0.0946,0.0434,2.75194,1.20517,6.32,21.833333333333332,14.0,2.0,2.6805999999999996,0.2248,0.0,0.0,1.20517,3.51311
2024-04-25,Brighton,Man City,0.572021,1.90507,0.0723,0.192,0.7357,0.572021,1.90507,29.11111111111111,19.625,3.0,3.0,0.40890000000000004,2.3991000000000002,0.0,0.0,1.90507,0.572021
2024-04-27,Everton,Brentford,1.21399,0.956356,0.413,0.3107,0.2763,1.21399,0.956356,16.6,8.217391304347826,10.0,8.0,1.5496999999999999,1.1396,0.0,0.0,0.956356,1.21399
2024-04-27,Wolves,Luton,1.49011,0.90435,0.5315,0.2771,0.1914,1.49011,0.90435,12.05,9.533333333333333,2.0,6.0,1.8716,0.8513,0.0,0.0,0.90435,1.49011
2024-04-27,Newcastle,Sheffield United,2.93477,1.82408,0.6347,0.1843,0.181,2.17361,1.82408,8.23076923076923,14.7,18.0,4.0,2.0884,0.7273,0.0,0.0,1.82408,2.93477
2024-04-27,Aston Villa,Chelsea,0.612257,1.56401,0.1222,0.2418,0.636,0.612257,1.56401,40.77777777777778,4.806451612903226,7.0,6.0,0.6084,2.1498,0.0,0.0,1.56401,0.612257
2024-04-27,Fulham,Crystal Palace,1.39418,1.05387,0.4601,0.286,0.2539,1.39418,1.05387,10.25,11.571428571428571,7.0,7.0,1.6663000000000001,1.0477,0.0,0.0,1.05387,1.39418
2024-04-27,West Ham,Liverpool,0.794025,2.29298,0.0961,0.1784,0.7255,0.794025,2.29298,19.842105263157894,5.2,5.0,20.0,0.4667,2.3548999999999998,0.0,0.0,2.29298,0.794025
2024-04-27,Man United,Burnley,3.06197,1.89591,0.633,0.1894,0.1776,3.06197,1.13475,14.176470588235293,8.380952380952381,18.0,9.0,2.0884,0.7222000000000001,0.0,0.0,1.89591,3.06197
2024-04-28,Bournemouth,Brighton,2.48132,1.35682,0.6621,0.2038,0.1341,2.48132,1.35682,14.11111111111111,5.521739130434782,5.0,7.0,2.1901,0.6061,0.0,0.0,1.35682,2.48132
2024-04-28,Tottenham,Arsenal,2.60458,1.51469,0.6558,0.2025,0.1417,1.84341,1.51469,6.3,9.620689655172415,9.0,7.0,2.1699,0.6275999999999999,0.0,0.0,1.51469,2.60458
2024-04-28,Nott'm Forest,Man City,2.17312,0.932063,0.7162,0.1854,0.0984,2.17312,0.932063,29.357142857142858,9.333333333333334,6.0,5.0,2.334,0.4806,0.0,0.0,0.932063,2.17312
2024-05-02,Chelsea,Tottenham,2.22432,1.27064,0.6141,0.2125,0.1734,2.22432,1.27064,13.4,6.321428571428571,5.0,11.0,2.0547999999999997,0.7327,0.0,0.0,1.27064,2.22432
2024-05-03,Luton,Everton,0.950391,1.22959,0.2417,0.3209,0.4374,0.950391,0.468416,10.772727272727273,7.625,3.0,5.0,1.046,1.6331,0.0,0.0,1.22959,0.950391
2024-05-04,Man City,Wolves,4.52542,0.396887,0.991,0.0079,0.0011,3.00308,0.396887,13.954545454545455,13.16,19.0,1.0,2.9808999999999997,0.011200000000000002,0.0,0.0,0.396887,4.52542
2024-05-04,Arsenal,Bournemouth,3.91372,0.4687,0.9654,0.0291,0.0055,3.15255,0.4687,8.115384615384615,11.058823529411764,28.0,3.0,2.9253000000000005,0.0456,0.0,0.0,0.4687,3.91372
2024-05-04,Brentford,Fulham,0.809379,1.45579,0.1715,0.2963,0.5322,0.809379,1.45579,9.238095238095237,18.666666666666668,6.0,3.0,0.8108000000000001,1.8929,0.0,0.0,1.45579,0.809379
2024-05-04,Burnley,Newcastle,1.28632,4.25643,0.0178,0.0508,0.9314,1.28632,3.49526,11.80952380952381,9.136363636363637,5.0,18.0,0.1042,2.845,0.0,0.0,4.25643,1.28632
2024-05-04,Sheffield United,Nott'm Forest,2.48986,1.93818,0.5059,0.2253,0.2688,1.72869,1.93818,10.666666666666666,16.11764705882353,8.0,6.0,1.743,1.0317,0.0,0.0,1.93818,2.48986
2024-05-05,Chelsea,West Ham,4.21838,0.893899,0.9432,0.0394,0.0174,4.21838,0.893899,6.72,20.52173913043478,10.0,4.0,2.869,0.09159999999999999,0.0,0.0,0.893899,4.21838
2024-05-05,Liverpool,Tottenham,3.26222,1.17205,0.8315,0.1185,0.05,3.26222,1.17205,13.173913043478262,8.37037037037037,22.0,9.0,2.613,0.2685,0.0,0.0,1.17205,3.26222
2024-05-05,Brighton,Aston Villa,2.63566,0.0644055,0.9753,0.0239,0.0008,1.75337,0.0644055,10.551724137931034,17.57894736842105,4.0,3.0,2.9497999999999998,0.0263,0.0,0.0,0.0644055,2.63566
2024-05-06,Crystal Palace,Man United,2.0656,0.341417,0.8297,0.137,0.0333,2.0656,0.341417,16.75,11.65,12.0,4.0,2.6261,0.23690000000000003,0.0,0.0,0.341417,2.0656
2024-05-11,Wolves,Crystal Palace,1.1561,2.51452,0.0949,0.1802,0.7249,1.1561,2.51452,5.733333333333333,12.222222222222221,5.0,9.0,0.4649,2.3549,0.0,0.0,2.51452,1.1561
2024-05-11,Nott'm Forest,Chelsea,2.44569,2.41068,0.3917,0.2374,0.3709,2.44569,2.41068,17.043478260869566,6.65,8.0,14.0,1.4125,1.3501,0.0,0.0,2.41068,2.44569
2024-05-11,West Ham,Luton,3.71009,0.640456,0.9567,0.0361,0.0072,3.71009,0.640456,9.578947368421053,9.74074074074074,8.0,5.0,2.9061999999999997,0.0577,0.0,0.0,0.640456,3.71009
2024-05-11,Tottenham,Burnley,3.00238,0.950331,0.8361,0.1169,0.047,3.00238,0.950331,8.208333333333334,14.421052631578947,12.0,2.0,2.6251999999999995,0.2579,0.0,0.0,0.950331,3.00238
2024-05-11,Newcastle,Brighton,2.45163,1.91556,0.4998,0.2298,0.2704,2.45163,1.91556,13.38888888888889,12.958333333333334,12.0,7.0,1.7292,1.041,0.0,0.0,1.91556,2.45163
2024-05-11,Everton,Sheffield United,1.82411,0.465523,0.765,0.1746,0.0604,1.82411,0.465523,10.285714285714286,14.235294117647058,9.0,4.0,2.4696,0.3558,0.0,0.0,0.465523,1.82411
2024-05-11,Bournemouth,Brentford,1.07237,1.92722,0.1659,0.2389,0.5952,1.07237,1.92722,8.0,5.304347826086956,11.0,11.0,0.7365999999999999,2.0244999999999997,0.0,0.0,1.92722,1.07237
2024-05-11,Fulham,Man City,0.0886245,3.15218,0.001,0.0222,0.9768,0.0886245,2.39101,42.72727272727273,17.823529411764707,1.0,13.0,0.0252,2.9526000000000003,0.0,0.0,3.15218,0.0886245
2024-05-12,Man United,Arsenal,0.551669,1.73104,0.0616,0.1941,0.7443,0.551669,1.73104,19.0,9.25,4.0,13.0,0.3789,2.427,0.0,0.0,1.73104,0.551669
2024-05-13,Aston Villa,Liverpool,2.71655,1.89968,0.5746,0.2272,0.1982,2.71655,1.89968,14.875,7.375,14.0,7.0,1.951,0.8218000000000001,0.0,0.0,1.89968,2.71655
2024-05-14,Tottenham,Man City,1.84285,2.70331,0.169,0.2244,0.6066,1.84285,1.94214,11.357142857142858,13.464285714285714,5.0,6.0,0.7314,2.0442,0.0,0.0,2.70331,1.84285
2024-05-15,Brighton,Chelsea,1.32423,1.544,0.2978,0.2856,0.4166,1.32423,1.544,15.380952380952381,17.555555555555557,11.0,10.0,1.179,1.5354,0.0,0.0,1.544,1.32423
2024-05-15,Man United,Newcastle,1.49706,2.27657,0.2182,0.2203,0.5615,1.49706,2.27657,9.333333333333334,15.727272727272727,11.0,6.0,0.8749,1.9047999999999998,0.0,0.0,2.27657,1.49706
2024-05-19,Sheffield United,Tottenham,0.697312,3.19675,0.0151,0.0617,0.9232,0.697312,3.19675,33.92307692307692,4.956521739130435,2.0,14.0,0.107,2.8313,0.0,0.0,3.19675,0.697312
2024-05-19,Man City,West Ham,2.31504,0.240159,0.8797,0.1018,0.0185,2.31504,0.240159,8.0,63.0,16.0,0.0,2.7409,0.1573,0.0,0.0,0.240159,2.31504
2024-05-19,Luton,Fulham,2.06743,1.11598,0.6273,0.2206,0.1521,1.30626,1.11598,13.894736842105264,10.5,4.0,5.0,2.1025,0.6769000000000001,0.0,0.0,1.11598,2.06743
2024-05-19,Liverpool,Wolves,5.65937,0.731254,0.9939,0.0057,0.0004,5.65937,0.731254,5.096774193548387,16.6,22.0,1.0,2.9874,0.0069,0.0,0.0,0.731254,5.65937
2024-05-19,Crystal Palace,Aston Villa,2.23189,0.598846,0.7913,0.1508,0.0579,2.23189,0.598846,14.478260869565217,30.3,11.0,0.0,2.5246999999999997,0.3245,0.0,0.0,0.598846,2.23189
2024-05-19,Brighton,Man United,1.9717,1.00404,0.6239,0.2248,0.1513,1.9717,1.00404,9.233333333333333,18.555555555555557,10.0,6.0,2.0965000000000003,0.6787,0.0,0.0,1.00404,1.9717
2024-05-19,Burnley,Nott'm Forest,1.08222,1.57962,0.2347,0.2662,0.4991,1.08222,1.57962,10.636363636363637,90.66666666666667,7.0,5.0,0.9702999999999999,1.7635,0.0,0.0,1.57962,1.08222
2024-05-19,Brentford,Newcastle,1.70157,3.65044,0.0766,0.1234,0.8,1.70157,3.65044,7.590909090909091,11.173913043478262,5.0,12.0,0.3532,2.5234000000000005,0.0,0.0,3.65044,1.70157
2024-05-19,Arsenal,Everton,3.2117,0.664904,0.9199,0.0673,0.0128,3.2117,0.664904,8.166666666666666,42.333333333333336,16.0,3.0,2.827,0.1057,0.0,0.0,0.664904,3.2117
2024-05-19,Chelsea,Bournemouth,1.59771,2.002,0.2743,0.2387,0.487,1.59771,2.002,9.9375,9.18918918918919,8.0,10.0,1.0615999999999999,1.6996999999999998,0.0,0.0,2.002,1.59771
2024-08-16,Man United,Fulham,2.04268,0.418711,0.8069,0.1489,0.0442,2.04268,0.418711,7.379310344827586,10.833333333333334,7.0,3.0,2.5696,0.2815,0.0,0.0,0.418711,2.04268
2024-08-17,Nott'm Forest,Bournemouth,1.24405,1.90915,0.1994,0.2537,0.5469,1.24405,1.90915,8.653846153846153,9.954545454545455,10.0,4.0,0.8518999999999999,1.8944000000000003,0.0,0.0,1.90915,1.24405
2024-08-17,West Ham,Aston Villa,2.8047,2.6703,0.4123,0.2321,0.3556,2.04353,2.6703,9.333333333333334,11.304347826086957,5.0,8.0,1.4689999999999999,1.2989000000000002,0.0,0.0,2.6703,2.8047
2024-08-17,Newcastle,Southampton,0.433489,1.95483,0.0378,0.164,0.7982,0.433489,1.95483,16.25,3.789473684210526,4.0,13.0,0.2774,2.5586,0.0,0.0,1.95483,0.433489
2024-08-17,Ipswich,Liverpool,0.342601,3.92906,0.0026,0.018,0.9794,0.342601,3.92906,18.77777777777778,8.73913043478261,2.0,13.0,0.025799999999999997,2.9562,0.0,0.0,3.92906,0.342601
2024-08-17,Arsenal,Wolves,1.6283,0.575835,0.6528,0.231,0.1162,1.6283,0.575835,7.769230769230769,10.818181818181818,14.0,2.0,2.1894,0.5796,0.0,0.0,0.575835,1.6283
2024-08-17,Everton,Brighton,0.405325,1.79083,0.0481,0.1635,0.7884,0.405325,1.79083,18.333333333333332,7.916666666666667,4.0,5.0,0.30779999999999996,2.5286999999999997,0.0,0.0,1.79083,0.405325
2024-08-18,Brentford,Crystal Palace,1.38064,1.14757,0.4248,0.3141,0.2611,1.38064,1.14757,12.666666666666666,7.724137931034483,1.0,4.0,1.5885,1.0974,0.0,0.0,1.14757,1.38064
2024-08-18,Chelsea,Man City,1.06123,1.18038,0.3036,0.3245,0.3719,1.06123,1.18038,10.064516129032258,15.058823529411764,8.0,10.0,1.2353,1.4402,0.0,0.0,1.18038,1.06123
2024-08-19,Leicester,Tottenham,1.02614,1.40775,0.2541,0.2951,0.4508,1.02614,1.40775,20.6875,5.482758620689655,2.0,21.0,1.0574,1.6474999999999997,0.0,0.0,1.40775,1.02614
2024-08-24,Aston Villa,Arsenal,1.31664,1.41399,0.3113,0.3023,0.3864,1.31664,1.41399,17.27777777777778,5.833333333333333,3.0,10.0,1.2362000000000002,1.4615,0.0,0.0,1.41399,1.31664
2024-08-24,Tottenham,Everton,2.61143,0.648869,0.8398,0.1124,0.0478,2.61143,0.648869,6.3,12.724137931034482,9.0,5.0,2.6318,0.2558,0.0,0.0,0.648869,2.61143
2024-08-24,Southampton,Nott'm Forest,0.214952,2.86475,0.0067,0.0496,0.9437,0.214952,2.86475,8.142857142857142,18.47826086956522,4.0,9.0,0.0697,2.8807,0.0,0.0,2.86475,0.214952
2024-08-24,Man City,Ipswich,3.07818,0.479999,0.9435,0.0503,0.0062,2.31701,0.479999,8.15,17.41176470588235,15.0,1.0,2.8808,0.06889999999999999,0.0,0.0,0.479999,3.07818
2024-08-24,Crystal Palace,West Ham,1.3761,1.53421,0.3315,0.2678,0.4007,1.3761,1.53421,6.911764705882353,13.727272727272727,6.0,5.0,1.2623,1.4699,0.0,0.0,1.53421,1.3761
2024-08-24,Brighton,Man United,2.14153,1.28556,0.601,0.2392,0.1598,2.14153,1.28556,12.5,16.77777777777778,10.0,8.0,2.0422,0.7186,0.0,0.0,1.28556,2.14153
2024-08-24,Fulham,Leicester,1.96218,0.857005,0.6596,0.215,0.1254,1.96218,0.857005,10.258064516129032,13.7,7.0,1.0,2.1938,0.5912000000000001,0.0,0.0,0.857005,1.96218
2024-08-25,Wolves,Chelsea,2.4181,2.02935,0.4888,0.2228,0.2884,2.4181,2.02935,14.428571428571429,7.04,8.0,6.0,1.6892,1.088,0.0,0.0,2.02935,2.4181
2024-08-25,Bournemouth,Newcastle,2.53513,1.89287,0.5396,0.2334,0.227,2.53513,1.89287,9.2,9.071428571428571,8.0,9.0,1.8521999999999998,0.9144000000000001,0.0,0.0,1.89287,2.53513
2024-08-25,Liverpool,Brentford,2.71877,0.457239,0.8893,0.0893,0.0214,2.71877,0.457239,10.130434782608695,32.4,21.0,2.0,2.7572,0.1535,0.0,0.0,0.457239,2.71877
2024-08-31,Leicester,Aston Villa,0.774741,2.16385,0.0646,0.1791,0.7563,0.774741,2.16385,6.4,10.466666666666667,3.0,6.0,0.3729,2.448,0.0,0.0,2.16385,0.774741
2024-08-31,Nott'm Forest,Wolves,1.41069,0.937632,0.4728,0.3229,0.2043,1.41069,0.937632,6.551724137931035,6.413793103448276,9.0,4.0,1.7413,0.9358,0.0,0.0,0.937632,1.41069
2024-08-31,Ipswich,Fulham,0.707048,1.18883,0.2034,0.3116,0.485,0.707048,1.18883,9.25925925925926,10.904761904761905,2.0,4.0,0.9218,1.7666,0.0,0.0,1.18883,0.707048
2024-08-31,West Ham,Man City,0.947201,3.19297,0.0483,0.1075,0.8442,0.947201,3.19297,20.764705882352942,12.125,5.0,21.0,0.2524,2.6401,0.0,0.0,3.19297,0.947201
2024-08-31,Brentford,Southampton,3.86281,1.64713,0.8348,0.1027,0.0625,3.86281,1.64713,14.571428571428571,8.217391304347826,15.0,14.0,2.6071,0.2902,0.0,0.0,1.64713,3.86281
2024-08-31,Everton,Bournemouth,2.55629,2.95688,0.3027,0.216,0.4813,2.55629,2.95688,8.304347826086957,7.095238095238095,15.0,7.0,1.1241,1.6599,0.0,0.0,2.95688,2.55629
2024-08-31,Arsenal,Brighton,2.41798,1.81748,0.5278,0.2236,0.2486,2.41798,1.81748,9.25,9.625,6.0,6.0,1.8070000000000002,0.9694,0.0,0.0,1.81748,2.41798
2024-09-01,Newcastle,Tottenham,1.58694,1.63304,0.3519,0.2857,0.3624,1.58694,1.63304,8.761904761904763,4.310344827586207,5.0,9.0,1.3414,1.3729,0.0,0.0,1.63304,1.58694
2024-09-01,Chelsea,Crystal Palace,2.97743,0.459708,0.9429,0.0461,0.011,2.97743,0.459708,11.444444444444445,19.789473684210527,4.0,6.0,2.8748,0.0791,0.0,0.0,0.459708,2.97743
2024-09-01,Man United,Liverpool,1.50087,2.10397,0.2409,0.2462,0.5129,1.50087,2.10397,12.5,11.692307692307692,6.0,9.0,0.9689,1.7849,0.0,0.0,2.10397,1.50087
2024-09-14,Bournemouth,Chelsea,1.53731,0.932726,0.5298,0.2902,0.18,0.77614,0.932726,11.266666666666667,9.5,5.0,9.0,1.8796000000000002,0.8302,0.0,0.0,0.932726,1.53731
2024-09-14,Man City,Brentford,1.55279,1.05094,0.4771,0.2847,0.2382,1.55279,1.05094,16.36842105263158,24.25,22.0,6.0,1.716,0.9993000000000001,0.0,0.0,1.05094,1.55279
2024-09-14,Crystal Palace,Leicester,2.88716,1.65187,0.6779,0.1869,0.1352,2.12599,1.65187,4.911764705882353,14.318181818181818,15.0,7.0,2.2205999999999997,0.5925,0.0,0.0,1.65187,2.88716
2024-09-14,Aston Villa,Everton,3.15876,0.852158,0.8919,0.0838,0.0243,3.15876,0.852158,5.260869565217392,16.333333333333332,9.0,3.0,2.7595,0.1567,0.0,0.0,0.852158,3.15876
2024-09-14,Fulham,West Ham,2.88601,0.682719,0.8681,0.0971,0.0348,2.88601,0.682719,4.685714285714286,6.870967741935484,6.0,4.0,2.7014,0.2015,0.0,0.0,0.682719,2.88601
2024-09-14,Brighton,Ipswich,1.75696,0.721323,0.6638,0.2448,0.0914,1.75696,0.721323,3.8421052631578947,14.727272727272727,12.0,1.0,2.2361999999999997,0.519,0.0,0.0,0.721323,1.75696
2024-09-14,Southampton,Man United,1.35593,3.02693,0.0634,0.1533,0.7833,0.545317,3.02693,10.857142857142858,10.344827586206897,3.0,17.0,0.34349999999999997,2.5031999999999996,0.0,0.0,3.02693,1.35593
2024-09-14,Liverpool,Nott'm Forest,1.17044,0.589532,0.5221,0.3244,0.1535,1.17044,0.589532,3.7333333333333334,17.055555555555557,6.0,4.0,1.8907,0.7849,0.0,0.0,0.589532,1.17044
2024-09-15,Tottenham,Arsenal,0.792595,1.1209,0.234,0.3157,0.4503,0.792595,1.1209,5.88,13.588235294117647,10.0,3.0,1.0177,1.6665999999999999,0.0,0.0,1.1209,0.792595
2024-09-15,Wolves,Newcastle,1.46969,1.48343,0.3576,0.2692,0.3732,1.46969,1.48343,9.576923076923077,12.368421052631579,6.0,10.0,1.342,1.3887999999999998,0.0,0.0,1.48343,1.46969
2024-09-21,Crystal Palace,Man United,1.66928,2.35056,0.2248,0.2317,0.5435,1.66928,2.35056,18.333333333333332,6.111111111111111,5.0,12.0,0.9061,1.8622,0.0,0.0,2.35056,1.66928
2024-09-21,West Ham,Chelsea,0.758267,2.39727,0.0778,0.15,0.7722,0.758267,2.39727,9.709677419354838,16.294117647058822,12.0,9.0,0.38339999999999996,2.4666,0.0,0.0,2.39727,0.758267
2024-09-21,Southampton,Ipswich,2.89813,1.645,0.6951,0.1778,0.1271,2.89813,1.645,8.8,9.235294117647058,7.0,5.0,2.2631,0.5590999999999999,0.0,0.0,1.645,2.89813
2024-09-21,Leicester,Everton,1.33793,1.82377,0.2591,0.2621,0.4788,1.33793,1.82377,8.421052631578947,19.307692307692307,8.0,6.0,1.0394,1.6985,0.0,0.0,1.82377,1.33793
2024-09-21,Liverpool,Bournemouth,2.43731,1.46979,0.597,0.2063,0.1967,2.43731,1.46979,11.85,16.08695652173913,13.0,6.0,1.9972999999999999,0.7964000000000001,0.0,0.0,1.46979,2.43731
2024-09-21,Fulham,Newcastle,3.21141,1.09768,0.8274,0.1124,0.0602,3.21141,1.09768,13.037037037037036,11.461538461538462,7.0,3.0,2.5946000000000002,0.293,0.0,0.0,1.09768,3.21141
2024-09-21,Aston Villa,Wolves,2.37351,0.520117,0.8449,0.1134,0.0417,2.37351,0.520117,11.8,13.5,9.0,4.0,2.6481,0.2385,0.0,0.0,0.520117,2.37351
2024-09-21,Tottenham,Brentford,3.89481,0.893565,0.9397,0.0464,0.0139,3.89481,0.893565,9.1875,9.105263157894736,17.0,5.0,2.8655,0.0881,0.0,0.0,0.893565,3.89481
2024-09-22,Man City,Arsenal,2.75588,1.28411,0.72,0.1782,0.1018,2.75588,1.28411,8.357142857142858,13.071428571428571,13.0,1.0,2.3382,0.48360000000000003,0.0,0.0,1.28411,2.75588
2024-09-22,Brighton,Nott'm Forest,1.56836,1.36923,0.3886,0.31,0.3014,1.56836,0.608061,5.304347826086956,22.75,4.0,3.0,1.4758,1.2142,0.0,0.0,1.36923,1.56836
2024-09-28,Newcastle,Man City,1.34344,1.26516,0.3867,0.2946,0.3187,0.582272,1.26516,12.095238095238095,6.3076923076923075,7.0,16.0,1.4546999999999999,1.2507,0.0,0.0,1.26516,1.34344
2024-09-28,Nott'm Forest,Fulham,0.614351,1.43592,0.1181,0.2591,0.6228,0.614351,0.674751,20.071428571428573,8.263157894736842,8.0,4.0,0.6134,2.1275,0.0,0.0,1.43592,0.614351
2024-09-28,Everton,Crystal Palace,1.10959,1.12358,0.3388,0.3145,0.3467,1.10959,1.12358,12.5,9.333333333333334,6.0,8.0,1.3309,1.3546,0.0,0.0,1.12358,1.10959
2024-09-28,Arsenal,Leicester,6.05305,0.337909,0.9988,0.0009,0.0003,6.05305,0.337909,4.633333333333334,29.444444444444443,21.0,4.0,2.9973,0.0018,0.0,0.0,0.337909,6.05305
2024-09-28,Brentford,West Ham,0.370222,0.878617,0.1512,0.3899,0.4589,0.370222,0.878617,10.055555555555555,27.7,7.0,12.0,0.8435,1.7666,0.0,0.0,0.878617,0.370222
2024-09-28,Chelsea,Brighton,3.65839,1.20712,0.8777,0.0846,0.0377,2.89722,1.20712,25.23076923076923,8.137931034482758,10.0,7.0,2.7177000000000002,0.1977,0.0,0.0,1.20712,3.65839
2024-09-28,Wolves,Liverpool,0.748925,2.11724,0.0583,0.1722,0.7695,0.748925,1.35607,14.0,14.777777777777779,2.0,11.0,0.34709999999999996,2.4807,0.0,0.0,2.11724,0.748925
2024-09-29,Ipswich,Aston Villa,1.84608,1.14494,0.5579,0.2508,0.1913,1.84608,1.14494,16.5625,11.909090909090908,6.0,5.0,1.9244999999999997,0.8247,0.0,0.0,1.14494,1.84608
2024-09-29,Man United,Tottenham,0.600721,5.4072,0.0007,0.0037,0.9956,0.600721,5.4072,14.62962962962963,12.176470588235293,6.0,15.0,0.0058,2.9905,0.0,0.0,5.4072,0.600721
2024-09-30,Bournemouth,Southampton,1.44215,0.696068,0.5743,0.2732,0.1525,1.44215,0.696068,11.59375,11.75,7.0,7.0,1.9961000000000002,0.7307,0.0,0.0,0.696068,1.44215
2024-10-05,Everton,Newcastle,0.692214,1.79048,0.0811,0.2469,0.672,0.692214,1.02931,15.76923076923077,5.857142857142857,3.0,11.0,0.4902,2.2629,0.0,0.0,1.79048,0.692214
2024-10-05,Brentford,Wolves,4.13513,0.696254,0.9617,0.03,0.0083,3.37396,0.696254,11.833333333333334,8.95,9.0,10.0,2.9151,0.0549,0.0,0.0,0.696254,4.13513
2024-10-05,Arsenal,Southampton,3.25165,1.27313,0.8063,0.1259,0.0678,3.25165,1.27313,8.10344827586207,15.4375,14.0,3.0,2.5448,0.32930000000000004,0.0,0.0,1.27313,3.25165
2024-10-05,Leicester,Bournemouth,0.912063,1.94963,0.1209,0.225,0.6541,0.912063,1.94963,13.4,8.5,2.0,7.0,0.5877,2.1873,0.0,0.0,1.94963,0.912063
2024-10-05,Man City,Fulham,1.36684,2.75846,0.1266,0.1656,0.7078,1.36684,2.75846,14.4,22.142857142857142,8.0,11.0,0.5454,2.289,0.0,0.0,2.75846,1.36684
2024-10-05,Crystal Palace,Liverpool,0.609481,2.07332,0.0716,0.1652,0.7632,0.609481,2.07332,23.9375,5.555555555555555,3.0,11.0,0.38,2.4548,0.0,0.0,2.07332,0.609481
2024-10-05,West Ham,Ipswich,4.39402,1.18463,0.9499,0.0394,0.0107,4.39402,1.18463,16.266666666666666,14.652173913043478,6.0,6.0,2.8891,0.0715,0.0,0.0,1.18463,4.39402
2024-10-06,Chelsea,Nott'm Forest,2.27752,1.66654,0.5362,0.2216,0.2422,2.27752,1.66654,5.869565217391305,15.882352941176471,13.0,5.0,1.8302,0.9482,0.0,0.0,1.66654,2.27752
2024-10-06,Aston Villa,Man United,0.532809,0.448537,0.2909,0.4681,0.241,0.532809,0.448537,14.214285714285714,13.882352941176471,9.0,1.0,1.3408,1.1911,0.0,0.0,0.448537,0.532809
2024-10-06,Brighton,Tottenham,1.97217,1.09279,0.6114,0.2216,0.167,1.97217,1.09279,12.428571428571429,12.875,4.0,10.0,2.0558,0.7226,0.0,0.0,1.09279,1.97217
2024-10-19,Newcastle,Brighton,1.93657,1.6779,0.4377,0.2411,0.3212,1.93657,1.6779,5.868421052631579,16.529411764705884,14.0,6.0,1.5542,1.2047,0.0,0.0,1.6779,1.93657
2024-10-19,Southampton,Leicester,2.42776,2.83826,0.2806,0.241,0.4784,2.42776,2.0771,16.0,6.633333333333334,8.0,11.0,1.0828000000000002,1.6762000000000001,0.0,0.0,2.83826,2.42776
2024-10-19,Man United,Brentford,1.76555,0.892843,0.5945,0.2395,0.166,1.76555,0.892843,16.105263157894736,16.235294117647058,12.0,3.0,2.023,0.7375,0.0,0.0,0.892843,1.76555
2024-10-19,Bournemouth,Arsenal,2.18419,0.740758,0.762,0.1786,0.0594,1.42302,0.740758,11.761904761904763,8.9,7.0,4.0,2.4646,0.3568,0.0,0.0,0.740758,2.18419
2024-10-19,Fulham,Aston Villa,2.63074,1.43595,0.6895,0.1842,0.1263,1.86957,1.43595,12.35,16.8,3.0,9.0,2.2527000000000004,0.5631,0.0,0.0,1.43595,2.63074
2024-10-19,Ipswich,Everton,1.174,1.60804,0.2478,0.2698,0.4824,1.174,1.60804,11.428571428571429,15.894736842105264,3.0,9.0,1.0131999999999999,1.717,0.0,0.0,1.60804,1.174
2024-10-19,Tottenham,West Ham,1.44052,0.858803,0.5079,0.2755,0.2166,1.44052,0.858803,6.15625,8.666666666666666,11.0,6.0,1.7992000000000001,0.9253,0.0,0.0,0.858803,1.44052
2024-10-20,Wolves,Man City,0.761217,1.36569,0.2016,0.2881,0.5103,0.761217,1.36569,26.571428571428573,5.947368421052632,0.0,25.0,0.8929,1.819,0.0,0.0,1.36569,0.761217
2024-10-20,Liverpool,Chelsea,2.22517,1.33904,0.6225,0.2262,0.1513,1.464,1.33904,12.8,15.9375,2.0,6.0,2.0937,0.6800999999999999,0.0,0.0,1.33904,2.22517
2024-10-21,Nott'm Forest,Crystal Palace,1.88573,0.835001,0.6418,0.2131,0.1451,1.88573,0.835001,14.588235294117647,8.666666666666666,9.0,5.0,2.1385,0.6484000000000001,0.0,0.0,0.835001,1.88573
2024-10-25,Leicester,Nott'm Forest,0.832415,2.54488,0.0468,0.1406,0.8126,0.832415,2.54488,5.130434782608695,14.19047619047619,8.0,6.0,0.281,2.5784000000000002,0.0,0.0,2.54488,0.832415
2024-10-26,Man City,Southampton,3.16286,0.369989,0.9467,0.0452,0.0081,3.16286,0.369989,11.8,15.909090909090908,12.0,6.0,2.8853,0.06949999999999999,0.0,0.0,0.369989,3.16286
2024-10-26,Aston Villa,Bournemouth,1.974,0.328651,0.8162,0.1422,0.0416,1.974,0.328651,10.333333333333334,8.807692307692308,16.0,6.0,2.5907999999999998,0.267,0.0,0.0,0.328651,1.974
2024-10-26,Brentford,Ipswich,4.09663,1.65698,0.8503,0.0898,0.0599,3.33546,1.65698,7.933333333333334,18.63157894736842,9.0,6.0,2.6407,0.2695,0.0,0.0,1.65698,4.09663
2024-10-26,Brighton,Wolves,1.51347,1.11074,0.4662,0.2703,0.2635,1.51347,1.11074,9.964285714285714,11.272727272727273,12.0,3.0,1.6689,1.0608,0.0,0.0,1.11074,1.51347
2024-10-26,Everton,Fulham,0.884845,1.49531,0.1867,0.2839,0.5294,0.884845,1.49531,21.176470588235293,10.95,7.0,7.0,0.8440000000000001,1.8721,0.0,0.0,1.49531,0.884845
2024-10-27,Arsenal,Liverpool,1.0883,1.35346,0.2606,0.3127,0.4267,1.0883,1.35346,8.071428571428571,8.272727272727273,6.0,8.0,1.0945,1.5928,0.0,0.0,1.35346,1.0883
2024-10-27,West Ham,Man United,2.99312,2.62598,0.4816,0.2222,0.2962,2.23195,2.62598,21.076923076923077,10.285714285714286,7.0,7.0,1.6669999999999998,1.1108,0.0,0.0,2.62598,2.99312
2024-10-27,Crystal Palace,Tottenham,0.978611,1.0192,0.3194,0.3264,0.3542,0.978611,1.0192,6.951219512195122,4.625,7.0,7.0,1.2846000000000002,1.389,0.0,0.0,1.0192,0.978611
2024-10-27,Chelsea,Newcastle,1.61794,1.74225,0.317,0.2757,0.4073,1.61794,1.74225,9.137931034482758,9.08,5.0,11.0,1.2267000000000001,1.4976,0.0,0.0,1.74225,1.61794
2024-11-02,Newcastle,Arsenal,0.859715,0.911305,0.3122,0.3446,0.3432,0.859715,0.911305,13.210526315789474,5.24,9.0,9.0,1.2812,1.3742,0.0,0.0,0.911305,0.859715
2024-11-02,Bournemouth,Man City,2.4493,2.3527,0.4071,0.2358,0.3571,2.4493,2.3527,15.05,13.0,6.0,17.0,1.4571,1.3071,0.0,0.0,2.3527,2.4493
2024-11-02,Ipswich,Leicester,1.33617,2.33858,0.162,0.2044,0.6336,1.33617,2.33858,11.318181818181818,10.615384615384615,4.0,10.0,0.6904,2.1052000000000004,0.0,0.0,2.33858,1.33617
2024-11-02,Liverpool,Brighton,1.81037,1.01568,0.5793,0.2344,0.1863,1.81037,1.01568,10.464285714285714,8.058823529411764,10.0,5.0,1.9723000000000002,0.7932999999999999,0.0,0.0,1.01568,1.81037
2024-11-02,Nott'm Forest,West Ham,2.35011,0.132317,0.9176,0.0732,0.0092,2.35011,0.132317,14.1875,13.066666666666666,11.0,2.0,2.8259999999999996,0.1008,0.0,0.0,0.132317,2.35011
2024-11-02,Southampton,Everton,0.540345,1.78581,0.0769,0.2034,0.7197,0.540345,1.78581,9.235294117647058,15.0,6.0,4.0,0.4341,2.3625,0.0,0.0,1.78581,0.540345
2024-11-02,Wolves,Crystal Palace,1.65018,2.64849,0.1625,0.2097,0.6278,1.65018,2.64849,6.103448275862069,12.956521739130435,6.0,2.0,0.6972,2.0930999999999997,0.0,0.0,2.64849,1.65018
2024-11-03,Tottenham,Aston Villa,2.09751,2.48749,0.268,0.2601,0.4719,2.09751,2.48749,5.441860465116279,10.470588235294118,11.0,3.0,1.0641,1.6758,0.0,0.0,2.48749,2.09751
2024-11-03,Man United,Chelsea,2.1605,1.21071,0.6277,0.2289,0.1434,1.39934,1.21071,8.151515151515152,10.208333333333334,4.0,8.0,2.112,0.6591,0.0,0.0,1.21071,2.1605
2024-11-04,Fulham,Brentford,1.43017,0.739231,0.5292,0.2933,0.1775,1.43017,0.739231,6.0,12.333333333333334,13.0,2.0,1.8809,0.8258,0.0,0.0,0.739231,1.43017
2024-11-09,Brentford,Bournemouth,1.56474,2.49234,0.1761,0.2142,0.6097,1.56474,2.49234,9.0,8.782608695652174,14.0,6.0,0.7424999999999999,2.0433,0.0,0.0,2.49234,1.56474
2024-11-09,Crystal Palace,Fulham,1.96037,2.25331,0.3182,0.233,0.4488,1.96037,2.25331,13.615384615384615,6.538461538461538,4.0,7.0,1.1876,1.5794000000000001,0.0,0.0,2.25331,1.96037
2024-11-09,West Ham,Everton,1.1237,0.865983,0.4316,0.3045,0.2639,1.1237,0.865983,10.142857142857142,11.11111111111111,8.0,7.0,1.5993,1.0962,0.0,0.0,0.865983,1.1237
2024-11-09,Wolves,Southampton,0.912781,0.792655,0.3679,0.3593,0.2728,0.912781,0.792655,25.4375,5.814814814814815,7.0,6.0,1.4629999999999999,1.1777,0.0,0.0,0.792655,0.912781
2024-11-09,Brighton,Man City,2.87116,2.60334,0.4425,0.2309,0.3266,2.87116,2.60334,13.566666666666666,17.470588235294116,5.0,4.0,1.5584000000000002,1.2107,0.0,0.0,2.60334,2.87116
2024-11-09,Liverpool,Aston Villa,2.68196,1.66337,0.6245,0.2004,0.1751,2.68196,1.66337,8.615384615384615,17.681818181818183,7.0,4.0,2.0739,0.7257,0.0,0.0,1.66337,2.68196
2024-11-10,Nott'm Forest,Newcastle,1.17852,1.86904,0.1929,0.2586,0.5485,1.17852,1.86904,10.695652173913043,13.833333333333334,4.0,10.0,0.8372999999999999,1.9041,0.0,0.0,1.86904,1.17852
2024-11-10,Man United,Leicester,1.2369,0.417295,0.5982,0.2945,0.1073,1.2369,0.417295,10.142857142857142,14.6,2.0,5.0,2.0891,0.6164000000000001,0.0,0.0,0.417295,1.2369
2024-11-10,Tottenham,Ipswich,1.75088,2.18392,0.2526,0.2562,0.4912,1.75088,2.18392,6.631578947368421,9.35483870967742,10.0,6.0,1.014,1.7298,0.0,0.0,2.18392,1.75088
2024-11-10,Chelsea,Arsenal,1.24067,1.9605,0.2027,0.2425,0.5548,1.24067,1.9605,16.5,10.26086956521739,6.0,6.0,0.8506,1.9068999999999998,0.0,0.0,1.9605,1.24067
2024-11-23,Man City,Tottenham,2.15899,3.30449,0.167,0.1774,0.6556,2.15899,3.30449,6.621621621621622,28.3,14.0,8.0,0.6784,2.1441999999999997,0.0,0.0,3.30449,2.15899
2024-11-23,Fulham,Wolves,0.717158,1.33903,0.173,0.3006,0.5264,0.717158,1.33903,6.611111111111111,14.368421052631579,6.0,8.0,0.8195999999999999,1.8798,0.0,0.0,1.33903,0.717158
2024-11-23,Aston Villa,Crystal Palace,3.04455,1.61437,0.7188,0.1649,0.1163,2.28338,1.61437,7.4,15.818181818181818,11.0,2.0,2.3213,0.5138,0.0,0.0,1.61437,3.04455
2024-11-23,Bournemouth,Brighton,1.91157,1.23059,0.5236,0.2614,0.215,1.91157,1.23059,7.419354838709677,13.0,11.0,5.0,1.8321999999999998,0.9064000000000001,0.0,0.0,1.23059,1.91157
2024-11-23,Arsenal,Nott'm Forest,1.66016,0.403136,0.7179,0.2107,0.0714,1.66016,0.403136,10.533333333333333,21.647058823529413,19.0,0.0,2.3644,0.4249,0.0,0.0,0.403136,1.66016
2024-11-23,Leicester,Chelsea,0.967987,2.81658,0.0341,0.1172,0.8487,0.206818,2.81658,13.291666666666666,8.347826086956522,3.0,13.0,0.2195,2.6633,0.0,0.0,2.81658,0.967987
2024-11-23,Everton,Brentford,1.5951,1.34314,0.4084,0.2773,0.3143,1.5951,1.34314,14.866666666666667,7.956521739130435,8.0,1.0,1.5025,1.2202000000000002,0.0,0.0,1.34314,1.5951
2024-11-24,Southampton,Liverpool,1.53985,3.18835,0.0739,0.155,0.7711,0.642015,2.42718,24.0,8.285714285714286,6.0,13.0,0.3767,2.4682999999999997,0.0,0.0,3.18835,1.53985
2024-11-24,Ipswich,Man United,1.98714,1.26912,0.5708,0.244,0.1852,1.98714,1.26912,21.136363636363637,12.0,4.0,5.0,1.9564,0.7996,0.0,0.0,1.26912,1.98714
2024-11-25,Newcastle,West Ham,1.49781,0.942824,0.5237,0.2649,0.2114,1.49781,0.942824,9.448275862068966,14.11111111111111,6.0,5.0,1.8360000000000003,0.8991,0.0,0.0,0.942824,1.49781
2024-11-29,Brighton,Southampton,1.86986,0.934969,0.6061,0.2296,0.1643,1.86986,0.934969,8.588235294117647,12.045454545454545,16.0,4.0,2.0479,0.7225,0.0,0.0,0.934969,1.86986
2024-11-30,Wolves,Bournemouth,0.866034,3.07901,0.0264,0.0766,0.897,0.866034,0.795501,11.3125,10.74074074074074,8.0,4.0,0.1558,2.7676,0.0,0.0,3.07901,0.866034
2024-11-30,West Ham,Arsenal,1.23539,3.99935,0.0221,0.0602,0.9177,1.23539,2.47701,13.833333333333334,12.0,3.0,6.0,0.1265,2.8133,0.0,0.0,3.99935,1.23539
2024-11-30,Nott'm Forest,Ipswich,1.76587,0.462771,0.7632,0.18,0.0568,1.0047,0.462771,12.875,7.722222222222222,3.0,5.0,2.4696000000000002,0.3504,0.0,0.0,0.462771,1.76587
2024-11-30,Brentford,Leicester,2.21885,0.907555,0.7088,0.1969,0.0943,2.21885,0.907555,7.607142857142857,14.421052631578947,7.0,3.0,2.3232999999999997,0.4798,0.0,0.0,0.907555,2.21885
2024-11-30,Crystal Palace,Newcastle,2.29595,0.020989,0.9419,0.0569,0.0012,2.29595,0.020989,8.851851851851851,9.5,11.0,2.0,2.8826,0.0605,0.0,0.0,0.020989,2.29595
2024-12-01,Chelsea,Aston Villa,1.94939,0.875443,0.6442,0.2183,0.1375,1.94939,0.875443,8.1,39.6,4.0,4.0,2.1509,0.6308,0.0,0.0,0.875443,1.94939
2024-12-01,Man United,Everton,1.76161,0.766749,0.6464,0.2311,0.1225,1.76161,0.766749,11.458333333333334,17.074074074074073,10.0,3.0,2.1703,0.5986,0.0,0.0,0.766749,1.76161
2024-12-01,Tottenham,Fulham,1.01086,1.57274,0.2101,0.279,0.5109,1.01086,1.57274,19.307692307692307,11.347826086956522,7.0,7.0,0.9093000000000001,1.8117,0.0,0.0,1.57274,1.01086
2024-12-01,Liverpool,Man City,3.70054,0.745015,0.9556,0.0348,0.0096,2.93937,0.745015,17.352941176470587,15.6875,8.0,4.0,2.9016,0.06359999999999999,0.0,0.0,0.745015,3.70054
2024-12-03,Ipswich,Crystal Palace,0.471708,1.65422,0.0817,0.2191,0.6992,0.471708,1.65422,10.956521739130435,13.565217391304348,2.0,6.0,0.46419999999999995,2.3167,0.0,0.0,1.65422,0.471708
2024-12-03,Leicester,West Ham,2.78061,2.87716,0.3889,0.1982,0.4129,2.78061,2.87716,10.068965517241379,12.777777777777779,4.0,14.0,1.3649,1.4368999999999998,0.0,0.0,2.87716,2.78061
2024-12-04,Aston Villa,Brentford,3.21673,1.13266,0.8304,0.1131,0.0565,2.45556,1.13266,11.105263157894736,7.258064516129032,11.0,5.0,2.6043000000000003,0.2826,0.0,0.0,1.13266,3.21673
2024-12-04,Arsenal,Man United,2.96684,0.256083,0.9711,0.0262,0.0027,2.96684,0.256083,11.8,19.4,8.0,1.0,2.9395,0.0343,0.0,0.0,0.256083,2.96684
2024-12-04,Southampton,Chelsea,1.91014,5.8331,0.0093,0.0242,0.9665,1.91014,5.8331,33.375,11.074074074074074,6.0,18.0,0.052099999999999994,2.9237,0.0,0.0,5.8331,1.91014
2024-12-04,Man City,Nott'm Forest,3.20169,0.802155,0.8848,0.0839,0.0313,3.20169,0.802155,7.866666666666666,10.703703703703704,10.0,7.0,2.7382999999999997,0.1778,0.0,0.0,0.802155,3.20169
2024-12-04,Everton,Wolves,1.49904,0.847724,0.5314,0.2926,0.176,1.49904,0.847724,10.178571428571429,7.708333333333333,7.0,4.0,1.8867999999999998,0.8206,0.0,0.0,0.847724,1.49904
2024-12-04,Newcastle,Liverpool,1.52057,2.22766,0.2287,0.224,0.5473,1.52057,2.22766,13.590909090909092,8.153846153846153,3.0,9.0,0.9100999999999999,1.8659000000000001,0.0,0.0,2.22766,1.52057
2024-12-05,Fulham,Brighton,0.666644,1.09939,0.2013,0.3279,0.4708,0.666644,1.09939,18.705882352941178,13.647058823529411,3.0,2.0,0.9318,1.7403,0.0,0.0,1.09939,0.666644
2024-12-05,Bournemouth,Tottenham,3.27716,0.623934,0.9101,0.0674,0.0225,3.27716,0.623934,7.064516129032258,3.5925925925925926,10.0,11.0,2.7977000000000003,0.13490000000000002,0.0,0.0,0.623934,3.27716
2024-12-07,Aston Villa,Southampton,2.51338,0.385832,0.886,0.0919,0.0221,2.51338,0.385832,7.885714285714286,8.851851851851851,13.0,7.0,2.7499,0.1582,0.0,0.0,0.385832,2.51338
2024-12-07,Brentford,Newcastle,1.746,1.95645,0.3256,0.2421,0.4323,1.746,1.95645,10.76,12.133333333333333,6.0,9.0,1.2189,1.539,0.0,0.0,1.95645,1.746
2024-12-07,Crystal Palace,Man City,1.21476,1.5846,0.2665,0.2649,0.4686,1.21476,1.5846,38.8,8.227272727272727,6.0,16.0,1.0644,1.6707,0.0,0.0,1.5846,1.21476
2024-12-07,Man United,Nott'm Forest,1.4697,0.651217,0.6066,0.2619,0.1315,1.4697,0.651217,3.2083333333333335,26.384615384615383,7.0,4.0,2.0817,0.6564000000000001,0.0,0.0,0.651217,1.4697
2024-12-08,Leicester,Brighton,1.42438,1.12184,0.4514,0.2857,0.2629,1.42438,1.12184,14.5,12.423076923076923,3.0,5.0,1.6399000000000001,1.0744,0.0,0.0,1.12184,1.42438
2024-12-08,Fulham,Arsenal,0.150988,2.4333,0.0014,0.0264,0.9722,0.150988,2.4333,24.357142857142858,8.68421052631579,0.0,12.0,0.0306,2.943,0.0,0.0,2.4333,0.150988
2024-12-08,Ipswich,Bournemouth,1.5668,3.49127,0.0631,0.1127,0.8242,1.5668,3.49127,9.4,5.125,12.0,12.0,0.30200000000000005,2.5852999999999997,0.0,0.0,3.49127,1.5668
2024-12-08,Tottenham,Chelsea,3.25488,2.57326,0.5345,0.2066,0.2589,3.25488,1.05092,9.857142857142858,7.958333333333333,8.0,16.0,1.8100999999999998,0.9833000000000001,0.0,0.0,2.57326,3.25488
2024-12-09,West Ham,Wolves,1.19808,1.47567,0.2929,0.2694,0.4377,1.19808,1.47567,9.043478260869565,8.037037037037036,7.0,6.0,1.1481,1.5825,0.0,0.0,1.47567,1.19808
2024-12-14,Liverpool,Fulham,2.09698,1.2862,0.5821,0.2262,0.1917,2.09698,1.2862,7.703703703703703,38.75,8.0,6.0,1.9724999999999997,0.8013000000000001,0.0,0.0,1.2862,2.09698
2024-12-14,Arsenal,Everton,1.30865,0.132166,0.7239,0.2452,0.0309,1.30865,0.132166,5.0476190476190474,19.77777777777778,12.0,2.0,2.4169,0.3379,0.0,0.0,0.132166,1.30865
2024-12-14,Wolves,Ipswich,1.23748,1.73349,0.2239,0.2569,0.5192,1.23748,1.73349,11.608695652173912,12.363636363636363,11.0,4.0,0.9286,1.8144999999999998,0.0,0.0,1.73349,1.23748
2024-12-14,Newcastle,Leicester,3.95461,0.186759,0.9912,0.0083,0.0005,3.95461,0.186759,11.368421052631579,14.826086956521738,21.0,3.0,2.9819,0.0098,0.0,0.0,0.186759,3.95461
2024-12-14,Nott'm Forest,Aston Villa,2.2861,0.389423,0.8602,0.1107,0.0291,2.2861,0.389423,17.3125,16.928571428571427,5.0,7.0,2.6913,0.198,0.0,0.0,0.389423,2.2861
2024-12-15,Brighton,Crystal Palace,1.32323,3.00618,0.0853,0.1405,0.7742,1.32323,3.00618,4.756756756756757,14.136363636363637,9.0,6.0,0.39640000000000003,2.4631,0.0,0.0,3.00618,1.32323
2024-12-15,Man City,Man United,0.638103,2.04662,0.0592,0.1626,0.7782,0.638103,1.28545,16.944444444444443,7.928571428571429,4.0,5.0,0.3402,2.4972,0.0,0.0,2.04662,0.638103
2024-12-15,Chelsea,Brentford,2.59146,1.65861,0.586,0.2134,0.2006,2.59146,1.65861,8.761904761904763,14.625,13.0,6.0,1.9714,0.8152,0.0,0.0,1.65861,2.59146
2024-12-15,Southampton,Tottenham,1.27356,3.89322,0.0241,0.0666,0.9093,1.27356,3.89322,17.47826086956522,10.666666666666666,2.0,10.0,0.13890000000000002,2.7945,0.0,0.0,3.89322,1.27356
2024-12-16,Bournemouth,West Ham,2.04842,1.81827,0.4208,0.2448,0.3344,2.04842,1.0571,11.473684210526315,10.894736842105264,10.0,6.0,1.5071999999999999,1.2479999999999998,0.0,0.0,1.81827,2.04842
2024-12-21,Crystal Palace,Arsenal,1.6052,3.05434,0.0889,0.1591,0.752,1.6052,3.05434,17.3,12.833333333333334,3.0,6.0,0.42580000000000007,2.4151000000000002,0.0,0.0,3.05434,1.6052
2024-12-21,Ipswich,Newcastle,1.06427,3.23386,0.0493,0.1079,0.8428,1.06427,3.23386,17.782608695652176,12.263157894736842,0.0,14.0,0.25579999999999997,2.6363,0.0,0.0,3.23386,1.06427
2024-12-21,Brentford,Nott'm Forest,0.769004,0.964897,0.2696,0.3449,0.3855,0.769004,0.964897,4.862068965517241,15.222222222222221,11.0,6.0,1.1537,1.5014,0.0,0.0,0.964897,0.769004
2024-12-21,Aston Villa,Man City,2.05988,1.09627,0.625,0.2175,0.1575,2.05988,1.09627,18.357142857142858,19.6,7.0,4.0,2.0925,0.6900000000000001,0.0,0.0,1.09627,2.05988
2024-12-21,West Ham,Brighton,1.22937,1.34379,0.3078,0.2958,0.3964,1.22937,1.34379,9.48,6.1891891891891895,6.0,13.0,1.2192,1.485,0.0,0.0,1.34379,1.22937
2024-12-22,Fulham,Southampton,1.25255,0.280031,0.6439,0.2824,0.0737,1.25255,0.280031,18.333333333333332,11.653846153846153,8.0,3.0,2.2141,0.5035000000000001,0.0,0.0,0.280031,1.25255
2024-12-22,Everton,Chelsea,1.07081,1.51591,0.2011,0.3143,0.4846,1.07081,1.51591,14.428571428571429,4.782608695652174,0.0,2.0,0.9176,1.7681,0.0,0.0,1.51591,1.07081
2024-12-22,Man United,Bournemouth,2.28533,1.82831,0.4755,0.2552,0.2693,2.28533,1.06714,7.3478260869565215,9.23076923076923,14.0,3.0,1.6816999999999998,1.0631,0.0,0.0,1.82831,2.28533
2024-12-22,Leicester,Wolves,0.78868,1.13531,0.2316,0.3222,0.4462,0.78868,1.13531,11.851851851851851,14.590909090909092,3.0,3.0,1.017,1.6608,0.0,0.0,1.13531,0.78868
2024-12-22,Tottenham,Liverpool,1.20245,5.20214,0.0035,0.0181,0.9784,1.20245,5.20214,21.53846153846154,11.551724137931034,8.0,14.0,0.0286,2.9533,0.0,0.0,5.20214,1.20245
2024-12-26,Southampton,West Ham,2.19833,1.90111,0.4419,0.2527,0.3054,2.19833,1.90111,7.9655172413793105,18.857142857142858,9.0,6.0,1.5784,1.1689,0.0,0.0,1.90111,2.19833
2024-12-26,Liverpool,Leicester,1.89935,0.22097,0.8314,0.1415,0.0271,1.89935,0.22097,5.484848484848484,78.0,26.0,0.0,2.6357000000000004,0.2228,0.0,0.0,0.22097,1.89935
2024-12-26,Wolves,Man United,0.826489,0.358876,0.5212,0.3572,0.1216,0.826489,0.358876,10.523809523809524,7.470588235294118,4.0,2.0,1.9208,0.722,0.0,0.0,0.358876,0.826489
2024-12-26,Nott'm Forest,Tottenham,1.30018,1.05758,0.423,0.3077,0.2693,1.30018,1.05758,23.153846153846153,5.4,5.0,9.0,1.5766999999999998,1.1156,0.0,0.0,1.05758,1.30018
2024-12-26,Man City,Everton,2.51965,0.653289,0.8257,0.1319,0.0424,1.75849,0.653289,10.666666666666666,28.09090909090909,18.0,1.0,2.609,0.2591,0.0,0.0,0.653289,2.51965
2024-12-26,Chelsea,Fulham,1.55626,1.77929,0.3046,0.2616,0.4338,1.55626,1.77929,16.869565217391305,17.88235294117647,6.0,4.0,1.1754,1.5630000000000002,0.0,0.0,1.77929,1.55626
2024-12-26,Bournemouth,Crystal Palace,1.20189,0.500066,0.5459,0.3067,0.1474,1.20189,0.500066,6.411764705882353,11.842105263157896,10.0,8.0,1.9444000000000001,0.7489,0.0,0.0,0.500066,1.20189
2024-12-26,Newcastle,Aston Villa,2.82867,0.225522,0.9441,0.0485,0.0074,2.82867,0.225522,6.107142857142857,21.714285714285715,20.0,2.0,2.8808000000000002,0.0707,0.0,0.0,0.225522,2.82867
2024-12-27,Brighton,Brentford,1.33538,0.961233,0.4464,0.2933,0.2603,1.33538,0.961233,8.347826086956522,12.631578947368421,21.0,5.0,1.6324999999999998,1.0741999999999998,0.0,0.0,0.961233,1.33538
2024-12-27,Arsenal,Ipswich,2.16462,0.0783327,0.9234,0.0721,0.0045,2.16462,0.0783327,6.428571428571429,19.41176470588235,12.0,0.0,2.8423,0.0856,0.0,0.0,0.0783327,2.16462
2024-12-29,Tottenham,Wolves,2.28433,0.640697,0.8038,0.1449,0.0513,1.52317,0.640697,11.68421052631579,10.9,6.0,6.0,2.5563,0.29879999999999995,0.0,0.0,0.640697,2.28433
2024-12-29,Fulham,Bournemouth,0.961566,1.70692,0.1906,0.2453,0.5641,0.961566,1.70692,11.944444444444445,10.423076923076923,5.0,10.0,0.8170999999999999,1.9376000000000002,0.0,0.0,1.70692,0.961566
2024-12-29,West Ham,Liverpool,0.518279,3.29868,0.0128,0.0578,0.9294,0.518279,3.29868,14.157894736842104,10.035714285714286,3.0,16.0,0.09620000000000001,2.8459999999999996,0.0,0.0,3.29868,0.518279
2024-12-29,Crystal Palace,Southampton,3.05417,1.21853,0.808,0.1392,0.0528,3.05417,1.21853,7.0285714285714285,5.65625,10.0,1.0,2.5632,0.2976,0.0,0.0,1.21853,3.05417
2024-12-29,Leicester,Man City,1.84208,1.58002,0.4402,0.2635,0.2963,1.84208,1.58002,15.31578947368421,27.642857142857142,5.0,9.0,1.5841,1.1524,0.0,0.0,1.58002,1.84208
2024-12-29,Everton,Nott'm Forest,0.615191,2.02753,0.0727,0.1666,0.7607,0.615191,2.02753,8.1875,17.0,8.0,7.0,0.38470000000000004,2.4487,0.0,0.0,2.02753,0.615191
2024-12-30,Aston Villa,Brighton,1.87997,0.938042,0.6329,0.2256,0.1415,1.1188,0.938042,9.95,8.59375,13.0,6.0,2.1243,0.6501,0.0,0.0,0.938042,1.87997
2024-12-30,Ipswich,Chelsea,1.50093,1.60622,0.3269,0.2809,0.3922,0.739758,1.60622,22.9375,7.5625,4.0,18.0,1.2616,1.4575,0.0,0.0,1.60622,1.50093
2024-12-30,Man United,Newcastle,1.00073,2.2424,0.1201,0.1881,0.6918,1.00073,2.2424,9.833333333333334,19.444444444444443,6.0,5.0,0.5484,2.2635,0.0,0.0,2.2424,1.00073
2025-01-01,Brentford,Arsenal,0.272604,1.99848,0.0169,0.0986,0.8845,0.272604,1.99848,17.727272727272727,17.41176470588235,2.0,17.0,0.1493,2.7520999999999995,0.0,0.0,1.99848,0.272604
2025-01-04,Southampton,Brentford,0.249614,5.54874,0.0,0.0018,0.9982,0.249614,4.78757,12.88888888888889,11.090909090909092,9.0,15.0,0.0018,2.9964,0.0,0.0,5.54874,0.249614
2025-01-04,Tottenham,Newcastle,1.00333,2.42963,0.0901,0.1716,0.7383,1.00333,2.42963,5.806451612903226,7.730769230769231,15.0,9.0,0.44189999999999996,2.3865000000000003,0.0,0.0,2.42963,1.00333
2025-01-04,Bournemouth,Everton,2.61852,0.561015,0.8834,0.0878,0.0288,2.61852,0.561015,3.962962962962963,10.722222222222221,14.0,1.0,2.738,0.17420000000000002,0.0,0.0,0.561015,2.61852
2025-01-04,Aston Villa,Leicester,2.3456,0.81548,0.7996,0.1585,0.0419,2.3456,0.81548,9.03448275862069,20.842105263157894,9.0,3.0,2.5573,0.2842,0.0,0.0,0.81548,2.3456
2025-01-04,Crystal Palace,Chelsea,1.2766,1.51541,0.299,0.2753,0.4257,1.2766,1.51541,19.294117647058822,9.272727272727273,6.0,16.0,1.1723,1.5524,0.0,0.0,1.51541,1.2766
2025-01-04,Man City,West Ham,1.97986,1.53286,0.4955,0.241,0.2635,1.97986,1.53286,14.68421052631579,11.777777777777779,9.0,7.0,1.7275,1.0314999999999999,0.0,0.0,1.53286,1.97986
2025-01-04,Brighton,Arsenal,1.76513,1.81142,0.3579,0.2825,0.3596,1.00396,1.81142,14.772727272727273,10.833333333333334,4.0,8.0,1.3562,1.3613,0.0,0.0,1.81142,1.76513
2025-01-05,Liverpool,Man United,2.862,1.67469,0.6561,0.1928,0.1511,2.10084,1.67469,8.869565217391305,7.555555555555555,7.0,7.0,2.1611000000000002,0.6461,0.0,0.0,1.67469,2.862
2025-01-05,Fulham,Ipswich,2.65469,1.4434,0.6982,0.1994,0.1024,1.13235,0.682234,8.1875,13.75,5.0,2.0,2.294,0.5066,0.0,0.0,1.4434,2.65469
2025-01-06,Wolves,Nott'm Forest,1.90463,2.57227,0.2109,0.2442,0.5449,1.90463,2.57227,9.55,18.2,12.0,11.0,0.8769,1.8789,0.0,0.0,2.57227,1.90463
2025-01-14,Brentford,Man City,2.39088,2.65315,0.344,0.2081,0.4479,2.39088,2.65315,14.214285714285714,20.181818181818183,14.0,15.0,1.2401,1.5518,0.0,0.0,2.65315,2.39088
2025-01-14,West Ham,Fulham,0.937322,2.83581,0.0454,0.1195,0.8351,0.937322,2.83581,17.294117647058822,8.65625,2.0,9.0,0.25570000000000004,2.6248,0.0,0.0,2.83581,0.937322
2025-01-14,Chelsea,Bournemouth,2.53808,1.14845,0.7303,0.1818,0.0879,2.53808,0.387282,9.421052631578947,8.923076923076923,12.0,8.0,2.3727,0.4455,0.0,0.0,1.14845,2.53808
2025-01-14,Nott'm Forest,Liverpool,0.5292,2.72291,0.0251,0.0922,0.8827,0.5292,2.72291,21.545454545454547,6.375,2.0,18.0,0.1675,2.7403000000000004,0.0,0.0,2.72291,0.5292
2025-01-15,Everton,Aston Villa,1.23126,1.28522,0.3421,0.2933,0.3646,1.23126,1.28522,9.678571428571429,14.6,4.0,5.0,1.3195999999999999,1.3870999999999998,0.0,0.0,1.28522,1.23126
2025-01-15,Leicester,Crystal Palace,2.09904,2.2647,0.332,0.242,0.426,2.09904,2.2647,12.272727272727273,15.478260869565217,7.0,7.0,1.238,1.52,0.0,0.0,2.2647,2.09904
2025-01-15,Newcastle,Wolves,2.13327,1.47433,0.5366,0.2243,0.2391,2.13327,1.47433,5.59375,14.833333333333334,10.0,8.0,1.8340999999999998,0.9416,0.0,0.0,1.47433,2.13327
2025-01-15,Arsenal,Tottenham,2.25501,0.777071,0.7393,0.1752,0.0855,2.25501,0.777071,6.135135135135135,21.444444444444443,11.0,0.0,2.3930999999999996,0.4317,0.0,0.0,0.777071,2.25501
2025-01-16,Ipswich,Brighton,0.268127,1.06343,0.0804,0.3326,0.587,0.268127,1.06343,11.565217391304348,10.538461538461538,1.0,9.0,0.5738,2.0936,0.0,0.0,1.06343,0.268127
2025-01-16,Man United,Southampton,3.10847,1.36705,0.7548,0.145,0.1002,3.10847,1.36705,12.411764705882353,12.821428571428571,15.0,1.0,2.4094,0.4456,0.0,0.0,1.36705,3.10847
2025-01-18,Arsenal,Aston Villa,1.64458,1.20602,0.4688,0.2781,0.2531,1.64458,1.20602,6.818181818181818,15.0,8.0,1.0,1.6845,1.0373999999999999,0.0,0.0,1.20602,1.64458
2025-01-18,West Ham,Crystal Palace,0.221062,1.62561,0.0243,0.152,0.8237,0.221062,0.864444,13.85,12.74074074074074,4.0,5.0,0.2249,2.6231,0.0,0.0,1.62561,0.221062
2025-01-18,Newcastle,Bournemouth,0.837801,2.70174,0.0695,0.1343,0.7962,0.837801,2.70174,7.9375,6.147058823529412,12.0,8.0,0.3428,2.5229000000000004,0.0,0.0,2.70174,0.837801
2025-01-18,Brentford,Liverpool,1.20021,4.16249,0.0249,0.0644,0.9107,1.20021,4.16249,16.9,8.16,8.0,23.0,0.1391,2.7965,0.0,0.0,4.16249,1.20021
2025-01-18,Leicester,Fulham,0.676934,2.36823,0.0384,0.1352,0.8264,0.676934,2.36823,19.0,9.80952380952381,2.0,10.0,0.25039999999999996,2.6144,0.0,0.0,2.36823,0.676934
2025-01-19,Ipswich,Man City,0.795637,3.20228,0.0313,0.0809,0.8878,0.795637,3.20228,39.8,8.869565217391305,3.0,17.0,0.1748,2.7443000000000004,0.0,0.0,3.20228,0.795637
2025-01-19,Everton,Tottenham,2.56089,1.35719,0.6673,0.1943,0.1384,2.56089,1.35719,12.035714285714286,9.0,6.0,8.0,2.1962,0.6095,0.0,0.0,1.35719,2.56089
2025-01-19,Man United,Brighton,1.31823,2.17172,0.1466,0.2332,0.6202,0.557061,2.17172,8.866666666666667,18.857142857142858,8.0,6.0,0.673,2.0938,0.0,0.0,2.17172,1.31823
2025-01-19,Nott'm Forest,Southampton,2.36419,1.25922,0.7025,0.2129,0.0846,2.36419,1.25922,12.842105263157896,9.823529411764707,9.0,2.0,2.3204,0.4667,0.0,0.0,1.25922,2.36419
2025-01-20,Chelsea,Wolves,3.14882,1.06726,0.8751,0.0966,0.0283,3.14882,1.06726,13.23076923076923,16.045454545454547,10.0,10.0,2.7219,0.1815,0.0,0.0,1.06726,3.14882
2025-01-25,Man City,Chelsea,2.23213,1.49843,0.5598,0.2262,0.214,2.23213,1.49843,15.529411764705882,22.705882352941178,3.0,5.0,1.9055999999999997,0.8682000000000001,0.0,0.0,1.49843,2.23213
2025-01-25,Wolves,Arsenal,0.514724,0.887358,0.1951,0.3648,0.4401,0.514724,0.887358,6.7407407407407405,7.733333333333333,0.0,2.0,0.9501,1.6851,0.0,0.0,0.887358,0.514724
2025-01-25,Southampton,Newcastle,0.825621,3.08319,0.0343,0.0917,0.874,0.825621,2.32202,13.555555555555555,11.181818181818182,2.0,11.0,0.1946,2.7137,0.0,0.0,3.08319,0.825621
2025-01-25,Brighton,Everton,0.64378,0.870883,0.2006,0.3683,0.4311,0.64378,0.109715,6.6923076923076925,16.68421052631579,9.0,2.0,0.9701,1.6616,0.0,0.0,0.870883,0.64378
2025-01-25,Bournemouth,Nott'm Forest,2.8254,0.996166,0.8133,0.1202,0.0665,2.8254,0.996166,7.666666666666667,7.65,6.0,12.0,2.5601000000000003,0.3197,0.0,0.0,0.996166,2.8254
2025-01-25,Liverpool,Ipswich,2.16809,0.804707,0.7524,0.1872,0.0604,2.16809,0.804707,6.551724137931035,11.72,15.0,2.0,2.4444,0.3684,0.0,0.0,0.804707,2.16809
2025-01-26,Crystal Palace,Brentford,1.23177,1.92037,0.1717,0.2637,0.5646,1.23177,1.1592,15.454545454545455,8.5,9.0,11.0,0.7787999999999999,1.9575,0.0,0.0,1.92037,1.23177
2025-01-26,Tottenham,Leicester,1.27483,1.40469,0.2769,0.3568,0.3663,1.27483,1.40469,11.4,11.25925925925926,5.0,5.0,1.1875,1.4557,0.0,0.0,1.40469,1.27483
2025-01-26,Aston Villa,West Ham,0.907851,1.67886,0.1721,0.2404,0.5875,0.907851,1.67886,8.67741935483871,6.32258064516129,7.0,5.0,0.7566999999999999,2.0029000000000003,0.0,0.0,1.67886,0.907851
2025-01-26,Fulham,Man United,0.560571,0.201988,0.3804,0.5075,0.1121,0.560571,0.201988,30.8,16.058823529411764,3.0,5.0,1.6486999999999998,0.8438,0.0,0.0,0.201988,0.560571
2025-02-01,Ipswich,Southampton,1.94845,1.17566,0.5756,0.2593,0.1651,1.94845,1.17566,9.041666666666666,10.310344827586206,5.0,1.0,1.9861,0.7545999999999999,0.0,0.0,1.17566,1.94845
2025-02-01,Everton,Leicester,3.11261,0.447136,0.9305,0.0535,0.016,3.11261,0.447136,17.944444444444443,12.043478260869565,14.0,4.0,2.845,0.1015,0.0,0.0,0.447136,3.11261
2025-02-01,Wolves,Aston Villa,2.00146,0.742809,0.7201,0.194,0.0859,2.00146,0.742809,12.25,11.5,2.0,4.0,2.3543,0.45170000000000005,0.0,0.0,0.742809,2.00146
2025-02-01,Nott'm Forest,Brighton,4.0677,0.756296,0.969,0.0256,0.0054,3.30653,0.756296,19.9375,6.285714285714286,7.0,8.0,2.9326,0.041800000000000004,0.0,0.0,0.756296,4.0677
2025-02-01,Bournemouth,Liverpool,1.65273,2.7219,0.1696,0.1937,0.6367,1.65273,1.96073,8.192307692307692,8.636363636363637,5.0,11.0,0.7025,2.1038,0.0,0.0,2.7219,1.65273
2025-02-01,Newcastle,Fulham,1.22716,1.60881,0.2568,0.2823,0.4609,1.22716,1.60881,13.6875,11.736842105263158,10.0,5.0,1.0527,1.6649999999999998,0.0,0.0,1.60881,1.22716
2025-02-02,Brentford,Tottenham,1.66475,0.945355,0.5556,0.2508,0.1936,1.66475,0.945355,12.333333333333334,9.083333333333334,8.0,4.0,1.9175999999999997,0.8316,0.0,0.0,0.945355,1.66475
2025-02-02,Man United,Crystal Palace,1.50706,2.44633,0.1555,0.2072,0.6373,1.50706,2.44633,5.565217391304348,13.476190476190476,18.0,6.0,0.6737,2.1191,0.0,0.0,2.44633,1.50706
2025-02-02,Arsenal,Man City,1.53202,0.743191,0.5825,0.2677,0.1498,1.53202,0.743191,14.466666666666667,17.76923076923077,6.0,7.0,2.0152,0.7171,0.0,0.0,0.743191,1.53202
2025-02-03,Chelsea,West Ham,1.39066,1.1868,0.4124,0.2751,0.3125,1.39066,1.1868,6.2727272727272725,30.5,6.0,8.0,1.5123000000000002,1.2126000000000001,0.0,0.0,1.1868,1.39066
2025-02-12,Everton,Liverpool,0.910523,0.929103,0.3088,0.35,0.3412,0.910523,0.929103,17.72222222222222,4.5625,2.0,2.0,1.2764000000000002,1.3736000000000002,0.0,0.0,0.929103,0.910523
2025-02-14,Brighton,Chelsea,2.06892,0.649788,0.7552,0.1726,0.0722,2.06892,0.649788,17.074074074074073,6.193548387096774,7.0,9.0,2.4382,0.3892,0.0,0.0,0.649788,2.06892
2025-02-15,Southampton,Bournemouth,0.974418,2.08722,0.1063,0.2076,0.6861,0.974418,2.08722,8.724137931034482,7.230769230769231,7.0,3.0,0.5265,2.2659000000000002,0.0,0.0,2.08722,0.974418
2025-02-15,Crystal Palace,Everton,2.30646,1.01565,0.7009,0.1861,0.113,2.30646,1.01565,9.65,10.695652173913043,9.0,4.0,2.2888,0.5251,0.0,0.0,1.01565,2.30646
2025-02-15,West Ham,Brentford,0.673466,1.96499,0.0938,0.1906,0.7156,0.673466,1.96499,10.052631578947368,8.8125,8.0,9.0,0.472,2.3373999999999997,0.0,0.0,1.96499,0.673466
2025-02-15,Man City,Newcastle,2.12004,0.157211,0.8953,0.0917,0.013,2.12004,0.157211,15.5,10.903225806451612,4.0,1.0,2.7776,0.1307,0.0,0.0,0.157211,2.12004
2025-02-15,Aston Villa,Ipswich,2.89841,0.332864,0.9322,0.0564,0.0114,2.89841,0.332864,7.666666666666667,13.208333333333334,19.0,0.0,2.853,0.0906,0.0,0.0,0.332864,2.89841
2025-02-15,Leicester,Arsenal,0.233209,1.75,0.028,0.1538,0.8182,0.233209,1.75,10.461538461538462,6.0,3.0,10.0,0.2378,2.6084,0.0,0.0,1.75,0.233209
2025-02-15,Fulham,Nott'm Forest,2.20993,0.331301,0.8401,0.1266,0.0333,2.20993,0.331301,13.941176470588236,25.363636363636363,6.0,4.0,2.6468999999999996,0.2265,0.0,0.0,0.331301,2.20993
2025-02-16,Liverpool,Wolves,1.86758,1.05329,0.6122,0.2355,0.1523,1.10642,1.05329,11.454545454545455,9.25,7.0,7.0,2.0721,0.6923999999999999,0.0,0.0,1.05329,1.86758
2025-02-16,Tottenham,Man United,1.97109,1.42652,0.5145,0.2364,0.2491,1.97109,1.42652,9.636363636363637,11.5,15.0,8.0,1.7798999999999998,0.9837,0.0,0.0,1.42652,1.97109
2025-02-19,Aston Villa,Liverpool,1.02269,2.04279,0.1458,0.2222,0.632,1.02269,2.04279,11.5,13.277777777777779,13.0,17.0,0.6596,2.1182,0.0,0.0,2.04279,1.02269
2025-02-21,Leicester,Brentford,0.727901,2.03465,0.0917,0.1945,0.7138,0.727901,2.03465,18.916666666666668,10.764705882352942,9.0,8.0,0.4696,2.3359,0.0,0.0,2.03465,0.727901
2025-02-22,Aston Villa,Chelsea,2.69413,2.17418,0.5071,0.2492,0.2437,2.69413,2.17418,9.642857142857142,11.72,5.0,7.0,1.7705000000000002,0.9803,0.0,0.0,2.17418,2.69413
2025-02-22,Southampton,Brighton,0.154147,5.12018,0.0,0.0021,0.9979,0.154147,5.12018,9.846153846153847,9.777777777777779,1.0,6.0,0.0021,2.9958,0.0,0.0,5.12018,0.154147
2025-02-22,Ipswich,Tottenham,1.15389,1.58741,0.2241,0.2857,0.4902,1.15389,1.58741,10.228571428571428,9.0,4.0,7.0,0.958,1.7563000000000002,0.0,0.0,1.58741,1.15389
2025-02-22,Fulham,Crystal Palace,0.23426,1.46203,0.0391,0.2007,0.7602,0.23426,1.46203,7.12,17.666666666666668,8.0,5.0,0.318,2.4812999999999996,0.0,0.0,1.46203,0.23426
2025-02-22,Bournemouth,Wolves,0.629691,2.10124,0.0614,0.1686,0.77,0.629691,2.10124,8.333333333333334,5.387096774193548,8.0,5.0,0.3528,2.4786,0.0,0.0,2.10124,0.629691
2025-02-22,Everton,Man United,2.10444,0.645685,0.7638,0.1698,0.0664,2.10444,0.645685,14.043478260869565,6.391304347826087,6.0,5.0,2.4612000000000003,0.369,0.0,0.0,0.645685,2.10444
2025-02-22,Arsenal,West Ham,1.37264,1.02684,0.4239,0.3113,0.2648,1.37264,1.02684,5.193548387096774,13.761904761904763,15.0,1.0,1.5830000000000002,1.1057000000000001,0.0,0.0,1.02684,1.37264
2025-02-23,Newcastle,Nott'm Forest,3.45858,2.38603,0.6361,0.2024,0.1615,2.69741,2.38603,6.75,10.958333333333334,5.0,7.0,2.1107,0.6869000000000001,0.0,0.0,2.38603,3.45858
2025-02-23,Man City,Liverpool,0.58248,0.807058,0.2307,0.3757,0.3936,0.58248,0.807058,18.90909090909091,21.2,9.0,7.0,1.0677999999999999,1.5565,0.0,0.0,0.807058,0.58248
2025-02-25,Brighton,Bournemouth,2.57927,1.70169,0.5925,0.2144,0.1931,1.8181,1.70169,11.619047619047619,4.588235294117647,7.0,8.0,1.9919,0.7937,0.0,0.0,1.70169,2.57927
2025-02-25,Wolves,Fulham,0.928973,1.43473,0.2308,0.264,0.5052,0.928973,1.43473,13.411764705882353,13.083333333333334,2.0,4.0,0.9564,1.7796,0.0,0.0,1.43473,0.928973
2025-02-25,Crystal Palace,Aston Villa,4.02522,0.667217,0.9849,0.0127,0.0024,4.02522,0.667217,6.428571428571429,5.714285714285714,9.0,1.0,2.9674,0.0199,0.0,0.0,0.667217,4.02522
2025-02-25,Chelsea,Southampton,2.98234,0.845039,0.8414,0.1106,0.048,2.98234,0.845039,13.75,21.866666666666667,18.0,4.0,2.6348,0.25460000000000005,0.0,0.0,0.845039,2.98234
2025-02-26,Liverpool,Newcastle,1.40027,0.45882,0.6317,0.2727,0.0956,1.40027,0.45882,6.777777777777778,19.5,8.0,3.0,2.1678,0.5595,0.0,0.0,0.45882,1.40027
2025-02-26,Man United,Ipswich,1.40202,1.04498,0.4582,0.3388,0.203,1.40202,1.04498,15.461538461538462,8.708333333333334,4.0,8.0,1.7134,0.9478,0.0,0.0,1.04498,1.40202
2025-02-26,Brentford,Everton,1.34009,1.44955,0.3083,0.3272,0.3645,1.34009,1.44955,13.625,31.875,6.0,4.0,1.2521,1.4206999999999999,0.0,0.0,1.44955,1.34009
2025-02-26,Nott'm Forest,Arsenal,0.508611,1.31766,0.1237,0.2822,0.5941,0.508611,1.31766,13.117647058823529,5.3478260869565215,4.0,7.0,0.6533,2.0645,0.0,0.0,1.31766,0.508611
2025-02-26,Tottenham,Man City,1.28426,2.38641,0.1445,0.1966,0.6589,1.28426,2.38641,10.458333333333334,13.423076923076923,5.0,11.0,0.6301,2.1733000000000002,0.0,0.0,2.38641,1.28426
2025-02-27,West Ham,Leicester,1.70437,0.289578,0.844,0.1313,0.0247,1.70437,0.289578,14.473684210526315,20.11111111111111,6.0,0.0,2.6633,0.2054,0.0,0.0,0.289578,1.70437
2025-03-08,Nott'm Forest,Man City,0.501476,0.721234,0.2224,0.4104,0.3672,0.501476,0.721234,13.869565217391305,7.625,3.0,6.0,1.0776,1.512,0.0,0.0,0.721234,0.501476
2025-03-08,Brighton,Fulham,1.94417,0.708227,0.7336,0.201,0.0654,1.183,0.708227,9.0,22.153846153846153,11.0,1.0,2.4018,0.3972,0.0,0.0,0.708227,1.94417
2025-03-08,Crystal Palace,Ipswich,3.13879,1.63282,0.7226,0.1671,0.1103,3.13879,1.63282,5.866666666666666,16.0,1.0,1.0,2.3349,0.498,0.0,0.0,1.63282,3.13879
2025-03-08,Liverpool,Southampton,4.98996,0.511566,0.9927,0.0062,0.0011,3.46762,0.511566,4.823529411764706,19.833333333333332,19.0,0.0,2.9843,0.0095,0.0,0.0,0.511566,4.98996
2025-03-08,Brentford,Aston Villa,0.637743,1.29638,0.1633,0.2951,0.5416,0.637743,1.29638,5.777777777777778,20.25,10.0,5.0,0.7849999999999999,1.9199,0.0,0.0,1.29638,0.637743
2025-03-08,Wolves,Everton,0.812432,1.3672,0.194,0.2875,0.5185,0.812432,1.3672,9.263157894736842,10.264705882352942,7.0,3.0,0.8695,1.843,0.0,0.0,1.3672,0.812432
2025-03-09,Man United,Arsenal,1.31107,1.82996,0.2494,0.2503,0.5003,1.31107,1.82996,16.0,8.117647058823529,9.0,9.0,0.9984999999999999,1.7511999999999999,0.0,0.0,1.82996,1.31107
2025-03-09,Chelsea,Leicester,1.76844,0.108487,0.8869,0.1028,0.0103,1.00727,0.108487,12.523809523809524,10.96,16.0,1.0,2.7635000000000005,0.1337,0.0,0.0,0.108487,1.76844
2025-03-09,Tottenham,Bournemouth,1.35053,2.22536,0.1689,0.2356,0.5955,0.589359,2.22536,6.884615384615385,7.861111111111111,5.0,7.0,0.7423,2.0221,0.0,0.0,2.22536,1.35053
2025-03-10,West Ham,Newcastle,0.823986,1.62976,0.1317,0.2723,0.596,0.823986,1.62976,12.0,11.952380952380953,0.0,10.0,0.6674,2.0603,0.0,0.0,1.62976,0.823986
2025-03-15,Everton,West Ham,1.189,0.516029,0.5617,0.2988,0.1395,1.189,0.516029,8.923076923076923,25.0,5.0,7.0,1.9838999999999998,0.7173,0.0,0.0,0.516029,1.189
2025-03-15,Ipswich,Nott'm Forest,0.520839,1.30722,0.1282,0.2796,0.5922,0.520839,1.30722,21.428571428571427,11.5,1.0,7.0,0.6642000000000001,2.0561999999999996,0.0,0.0,1.30722,0.520839
2025-03-15,Man City,Brighton,2.02642,2.11119,0.3549,0.2457,0.3994,1.26525,2.11119,10.647058823529411,18.2,6.0,8.0,1.3104,1.4439,0.0,0.0,2.11119,2.02642
2025-03-15,Southampton,Wolves,1.2821,0.540718,0.5861,0.2875,0.1264,1.2821,0.540718,11.454545454545455,12.357142857142858,6.0,3.0,2.0458,0.6667000000000001,0.0,0.0,0.540718,1.2821
2025-03-15,Bournemouth,Brentford,2.02714,1.60321,0.4739,0.2501,0.276,2.02714,1.60321,7.285714285714286,7.8,17.0,8.0,1.6718,1.0781,0.0,0.0,1.60321,2.02714
2025-03-16,Leicester,Man United,1.30455,1.13892,0.4016,0.2898,0.3086,1.30455,1.13892,10.538461538461538,14.954545454545455,6.0,2.0,1.4946000000000002,1.2156,0.0,0.0,1.13892,1.30455
2025-03-16,Arsenal,Chelsea,0.695725,0.286036,0.4147,0.45,0.1353,0.695725,0.286036,13.88888888888889,11.588235294117647,6.0,0.0,1.6941,0.8559000000000001,0.0,0.0,0.286036,0.695725
2025-03-16,Fulham,Tottenham,1.03966,1.40865,0.2471,0.284,0.4689,1.03966,1.40865,8.75,10.037037037037036,9.0,7.0,1.0252999999999999,1.6906999999999999,0.0,0.0,1.40865,1.03966
2025-04-01,Nott'm Forest,Man United,0.512063,1.86688,0.077,0.191,0.732,0.512063,1.86688,21.705882352941178,4.5,5.0,13.0,0.422,2.3869999999999996,0.0,0.0,1.86688,0.512063
2025-04-01,Arsenal,Fulham,2.30189,1.44206,0.5873,0.2548,0.1579,2.30189,1.44206,16.8,20.285714285714285,11.0,2.0,2.0167,0.7285,0.0,0.0,1.44206,2.30189
2025-04-01,Wolves,West Ham,1.10359,1.73057,0.1952,0.2691,0.5357,1.10359,1.73057,14.0,8.071428571428571,6.0,5.0,0.8547,1.8761999999999999,0.0,0.0,1.73057,1.10359
2025-04-02,Brighton,Aston Villa,0.558009,1.20715,0.1514,0.2948,0.5538,0.558009,1.20715,7.5,12.5,12.0,4.0,0.7490000000000001,1.9562,0.0,0.0,1.20715,0.558009
2025-04-02,Bournemouth,Ipswich,1.99637,1.41263,0.5322,0.248,0.2198,1.99637,1.41263,5.233333333333333,15.666666666666666,7.0,6.0,1.8446,0.9074,0.0,0.0,1.41263,1.99637
2025-04-02,Man City,Leicester,2.07165,0.104741,0.8769,0.1115,0.0116,2.07165,0.104741,8.545454545454545,35.0,18.0,1.0,2.7422,0.14629999999999999,0.0,0.0,0.104741,2.07165
2025-04-02,Newcastle,Brentford,2.26584,1.53201,0.5477,0.2381,0.2142,2.26584,0.770838,9.91304347826087,7.72,7.0,7.0,1.8812,0.8807,0.0,0.0,1.53201,2.26584
2025-04-02,Southampton,Crystal Palace,0.687304,0.93776,0.2392,0.3508,0.41,0.687304,0.93776,12.0,15.642857142857142,3.0,8.0,1.0684,1.5808,0.0,0.0,0.93776,0.687304
2025-04-02,Liverpool,Everton,1.29718,0.823136,0.4792,0.3008,0.22,1.29718,0.823136,4.318181818181818,16.705882352941178,10.0,3.0,1.7384,0.9608000000000001,0.0,0.0,0.823136,1.29718
2025-04-03,Chelsea,Tottenham,1.30443,1.40274,0.3193,0.3011,0.3796,1.30443,1.40274,12.714285714285714,11.777777777777779,6.0,9.0,1.259,1.4399,0.0,0.0,1.40274,1.30443
2025-04-05,Crystal Palace,Brighton,0.443965,1.27226,0.1042,0.2649,0.6309,0.443965,1.27226,16.105263157894736,7.791666666666667,1.0,7.0,0.5775,2.1576,0.0,0.0,1.27226,0.443965
2025-04-05,Aston Villa,Nott'm Forest,2.63349,0.96769,0.7726,0.1407,0.0867,2.63349,0.96769,9.947368421052632,10.521739130434783,7.0,4.0,2.4585,0.4008,0.0,0.0,0.96769,2.63349
2025-04-05,West Ham,Bournemouth,0.907832,1.94869,0.1035,0.2145,0.682,0.907832,1.94869,8.173913043478262,8.25,5.0,6.0,0.525,2.2605000000000004,0.0,0.0,1.94869,0.907832
2025-04-05,Everton,Arsenal,1.22875,1.4031,0.3191,0.3028,0.3781,0.467577,1.4031,11.791666666666666,3.55,3.0,7.0,1.2601,1.4371,0.0,0.0,1.4031,1.22875
2025-04-05,Ipswich,Wolves,0.872356,2.8096,0.035,0.1224,0.8426,0.872356,2.8096,12.555555555555555,8.7,5.0,8.0,0.2274,2.6502,0.0,0.0,2.8096,0.872356
2025-04-06,Man United,Man City,1.23317,0.687894,0.5013,0.3126,0.1861,1.23317,0.687894,13.523809523809524,10.454545454545455,11.0,1.0,1.8164999999999998,0.8709,0.0,0.0,0.687894,1.23317
2025-04-06,Brentford,Chelsea,1.36123,1.47829,0.3449,0.2702,0.3849,1.36123,1.47829,13.0,8.727272727272727,9.0,9.0,1.3049,1.4249,0.0,0.0,1.47829,1.36123
2025-04-06,Fulham,Liverpool,1.72764,1.40638,0.4558,0.2602,0.284,1.72764,1.40638,21.733333333333334,6.428571428571429,6.0,8.0,1.6276,1.1121999999999999,0.0,0.0,1.40638,1.72764
2025-04-06,Tottenham,Southampton,2.648,0.780439,0.8259,0.1232,0.0509,1.88683,0.780439,7.7272727272727275,8.764705882352942,10.0,5.0,2.6009,0.27590000000000003,0.0,0.0,0.780439,2.648
2025-04-07,Leicester,Newcastle,0.354575,3.44111,0.0023,0.0173,0.9804,0.354575,3.44111,10.416666666666666,12.518518518518519,6.0,5.0,0.0242,2.9585000000000004,0.0,0.0,3.44111,0.354575
2025-04-12,Arsenal,Brentford,0.767369,0.588583,0.3528,0.3931,0.2541,0.767369,0.588583,12.23076923076923,10.631578947368421,9.0,6.0,1.4515,1.1554,0.0,0.0,0.588583,0.767369
2025-04-12,Nott'm Forest,Everton,0.423949,1.26036,0.1152,0.2812,0.6036,0.423949,1.26036,22.1,11.333333333333334,1.0,9.0,0.6268,2.092,0.0,0.0,1.26036,0.423949
2025-04-12,Southampton,Aston Villa,0.412256,2.99927,0.0067,0.0401,0.9532,0.412256,1.36951,22.90909090909091,10.952380952380953,1.0,13.0,0.0602,2.8997,0.0,0.0,2.99927,0.412256
2025-04-12,Man City,Crystal Palace,4.59724,1.33808,0.953,0.0375,0.0095,4.59724,1.33808,8.923076923076923,46.22222222222222,10.0,5.0,2.8965,0.066,0.0,0.0,1.33808,4.59724
2025-04-12,Brighton,Leicester,3.6978,1.98444,0.757,0.1406,0.1024,2.17546,1.98444,8.8,17.705882352941178,17.0,4.0,2.4116,0.44780000000000003,0.0,0.0,1.98444,3.6978
2025-04-13,Chelsea,Ipswich,2.90758,1.60301,0.683,0.1687,0.1483,2.90758,1.60301,4.16,22.818181818181817,15.0,3.0,2.2177000000000002,0.6135999999999999,0.0,0.0,1.60301,2.90758
2025-04-13,Liverpool,West Ham,1.42902,1.46598,0.3477,0.2738,0.3785,1.42902,1.46598,8.903225806451612,17.0,14.0,6.0,1.3169,1.4093,0.0,0.0,1.46598,1.42902
2025-04-13,Wolves,Tottenham,2.22977,1.62887,0.5173,0.2576,0.2251,2.22977,1.62887,15.238095238095237,8.043478260869565,4.0,9.0,1.8094999999999999,0.9329000000000001,0.0,0.0,1.62887,2.22977
2025-04-13,Newcastle,Man United,2.6383,0.786568,0.8412,0.1171,0.0417,2.6383,0.786568,7.621621621621622,11.38888888888889,10.0,3.0,2.6407000000000003,0.24219999999999997,0.0,0.0,0.786568,2.6383
2025-04-14,Bournemouth,Fulham,1.8577,1.07203,0.5849,0.252,0.1631,1.8577,1.07203,11.736842105263158,9.61111111111111,4.0,10.0,2.0067,0.7413,0.0,0.0,1.07203,1.8577
2025-04-16,Newcastle,Crystal Palace,2.32947,2.37548,0.3579,0.2435,0.3986,2.32947,1.61431,13.583333333333334,16.136363636363637,9.0,9.0,1.3172000000000001,1.4393,0.0,0.0,2.37548,2.32947
2025-04-19,Aston Villa,Newcastle,3.05371,1.27176,0.7759,0.1423,0.0818,3.05371,1.27176,11.227272727272727,13.875,10.0,8.0,2.47,0.38770000000000004,0.0,0.0,1.27176,3.05371
2025-04-19,West Ham,Southampton,0.98423,0.922877,0.3491,0.3248,0.3261,0.98423,0.922877,21.181818181818183,14.05,8.0,9.0,1.3721,1.3031,0.0,0.0,0.922877,0.98423
2025-04-19,Brentford,Brighton,2.95516,1.24107,0.7701,0.1388,0.0911,2.95516,1.24107,14.333333333333334,15.333333333333334,14.0,10.0,2.4490999999999996,0.4121,0.0,0.0,1.24107,2.95516
2025-04-19,Crystal Palace,Bournemouth,0.337818,0.664093,0.1637,0.455,0.3813,0.337818,0.664093,16.0625,6.6923076923076925,4.0,8.0,0.9461,1.5989,0.0,0.0,0.664093,0.337818
2025-04-19,Everton,Man City,0.81683,1.87989,0.1104,0.2189,0.6707,0.81683,1.87989,17.7,10.9375,4.0,11.0,0.5501,2.231,0.0,0.0,1.87989,0.81683
2025-04-20,Fulham,Chelsea,0.306122,0.75172,0.1302,0.4303,0.4395,0.306122,0.75172,16.31578947368421,13.0625,2.0,11.0,0.8209000000000001,1.7488000000000001,0.0,0.0,0.75172,0.306122
2025-04-20,Ipswich,Arsenal,0.192879,2.81362,0.0072,0.0553,0.9375,0.192879,2.81362,19.866666666666667,7.85,2.0,30.0,0.0769,2.8678,0.0,0.0,2.81362,0.192879
2025-04-20,Man United,Wolves,1.13966,0.187814,0.6609,0.2871,0.052,1.13966,0.187814,7.896551724137931,9.35483870967742,9.0,3.0,2.2698,0.44310000000000005,0.0,0.0,0.187814,1.13966
2025-04-20,Leicester,Liverpool,0.232205,4.52706,0.0008,0.0076,0.9916,0.232205,4.52706,14.61111111111111,12.578947368421053,3.0,17.0,0.01,2.9824,0.0,0.0,4.52706,0.232205
2025-04-21,Tottenham,Nott'm Forest,2.4024,0.557682,0.8257,0.1354,0.0389,2.4024,0.557682,5.476190476190476,12.666666666666666,5.0,1.0,2.6125000000000003,0.2521,0.0,0.0,0.557682,2.4024
2025-04-22,Man City,Aston Villa,1.36232,1.85906,0.2418,0.2563,0.5019,1.36232,1.09789,10.555555555555555,17.785714285714285,3.0,3.0,0.9816999999999999,1.762,0.0,0.0,1.85906,1.36232
2025-04-23,Arsenal,Crystal Palace,1.92149,2.50515,0.246,0.2422,0.5118,1.92149,2.50515,13.0,30.1875,6.0,7.0,0.9802,1.7776,0.0,0.0,2.50515,1.92149
2025-04-26,Southampton,Fulham,0.935581,1.9956,0.1505,0.2297,0.6198,0.935581,1.9956,16.214285714285715,7.416666666666667,2.0,8.0,0.6812,2.0890999999999997,0.0,0.0,1.9956,0.935581
2025-04-26,Wolves,Leicester,2.57666,1.04978,0.7706,0.1808,0.0486,2.57666,0.288615,19.5,10.783783783783784,11.0,4.0,2.4926,0.3266,0.0,0.0,1.04978,2.57666
2025-04-26,Newcastle,Ipswich,4.11539,0.127203,0.9957,0.0042,0.0001,3.35423,0.127203,5.928571428571429,23.7,23.0,1.0,2.9913,0.0045,0.0,0.0,0.127203,4.11539
2025-04-26,Chelsea,Everton,0.768313,0.916838,0.2698,0.3471,0.3831,0.768313,0.916838,10.576923076923077,14.619047619047619,2.0,0.0,1.1564999999999999,1.4964,0.0,0.0,0.916838,0.768313
2025-04-26,Brighton,West Ham,1.29433,1.24134,0.3616,0.3042,0.3342,1.29433,1.24134,9.166666666666666,24.0,10.0,10.0,1.389,1.3068,0.0,0.0,1.24134,1.29433
2025-04-27,Bournemouth,Man United,0.60995,1.91039,0.0921,0.1962,0.7117,0.60995,1.91039,10.0,7.294117647058823,4.0,15.0,0.47250000000000003,2.3313,0.0,0.0,1.91039,0.60995
2025-04-27,Liverpool,Tottenham,2.51104,0.512812,0.8573,0.1117,0.031,2.51104,0.512812,6.0,24.307692307692307,13.0,5.0,2.6835999999999998,0.2047,0.0,0.0,0.512812,2.51104
2025-05-01,Nott'm Forest,Brentford,0.670607,1.52054,0.1438,0.2489,0.6073,0.670607,1.52054,12.1875,12.125,8.0,5.0,0.6803,2.0707999999999998,0.0,0.0,1.52054,0.670607
2025-05-02,Man City,Wolves,0.859463,0.622455,0.3848,0.3891,0.2261,0.859463,0.622455,11.952380952380953,15.727272727272727,11.0,2.0,1.5434999999999999,1.0674000000000001,0.0,0.0,0.622455,0.859463
2025-05-03,Aston Villa,Fulham,1.29013,0.702787,0.5348,0.2908,0.1744,1.29013,0.702787,19.90909090909091,9.857142857142858,5.0,7.0,1.8952,0.8140000000000001,0.0,0.0,0.702787,1.29013
2025-05-03,Everton,Ipswich,0.808481,1.14351,0.2298,0.3338,0.4364,0.808481,1.14351,10.166666666666666,18.0,2.0,2.0,1.0232,1.6430000000000002,0.0,0.0,1.14351,0.808481
2025-05-03,Leicester,Southampton,1.60739,0.550774,0.6624,0.2346,0.103,1.60739,0.550774,12.478260869565217,16.736842105263158,2.0,2.0,2.2218,0.5436,0.0,0.0,0.550774,1.60739
2025-05-03,Arsenal,Bournemouth,2.05484,1.41783,0.5211,0.2557,0.2232,2.05484,1.41783,12.777777777777779,8.75,10.0,3.0,1.819,0.9253,0.0,0.0,1.41783,2.05484
2025-05-04,Chelsea,Liverpool,3.51944,1.4267,0.8324,0.1076,0.06,2.75828,1.4267,20.789473684210527,14.4,9.0,9.0,2.6048000000000004,0.28759999999999997,0.0,0.0,1.4267,3.51944
2025-05-04,Brentford,Man United,3.58737,1.13404,0.8872,0.0801,0.0327,3.58737,1.13404,10.0,9.041666666666666,4.0,7.0,2.7417,0.1782,0.0,0.0,1.13404,3.58737
2025-05-04,Brighton,Newcastle,0.687863,1.63777,0.1051,0.2547,0.6402,0.687863,0.876604,13.777777777777779,9.55,1.0,12.0,0.5700000000000001,2.1753,0.0,0.0,1.63777,0.687863
2025-05-04,West Ham,Tottenham,1.15166,0.847022,0.4364,0.3336,0.23,1.15166,0.847022,5.114285714285714,10.238095238095237,6.0,3.0,1.6428000000000003,1.0236,0.0,0.0,0.847022,1.15166
2025-05-05,Crystal Palace,Nott'm Forest,2.34037,0.63684,0.8147,0.1331,0.0522,1.5792,0.63684,11.529411764705882,9.0,10.0,5.0,2.5771999999999995,0.2897,0.0,0.0,0.63684,2.34037
2025-05-10,Fulham,Everton,1.20869,1.32604,0.3218,0.296,0.3822,1.20869,1.32604,8.045454545454545,17.41176470588235,15.0,4.0,1.2613999999999999,1.4425999999999999,0.0,0.0,1.32604,1.20869
2025-05-10,Ipswich,Brentford,0.717433,1.32077,0.1823,0.2938,0.5239,0.717433,1.32077,23.22222222222222,11.142857142857142,3.0,9.0,0.8407,1.8655000000000002,0.0,0.0,1.32077,0.717433
2025-05-10,Southampton,Man City,0.136995,1.58463,0.0229,0.2094,0.7677,0.136995,1.58463,17.25,7.363636363636363,3.0,24.0,0.2781,2.5125,0.0,0.0,1.58463,0.136995
2025-05-10,Wolves,Brighton,0.73395,1.41254,0.1305,0.2918,0.5777,0.73395,0.651374,13.2,11.033333333333333,7.0,5.0,0.6833,2.0248999999999997,0.0,0.0,1.41254,0.73395
2025-05-10,Bournemouth,Aston Villa,1.02272,1.12376,0.274,0.3837,0.3423,1.02272,1.12376,4.5,12.0,10.0,1.0,1.2057,1.4105999999999999,0.0,0.0,1.12376,1.02272
2025-05-11,Tottenham,Crystal Palace,0.806792,3.98546,0.0142,0.0453,0.9405,0.806792,3.98546,9.518518518518519,9.954545454545455,2.0,10.0,0.0879,2.8668,0.0,0.0,3.98546,0.806792
2025-05-11,Liverpool,Arsenal,2.74682,2.18795,0.5145,0.2225,0.263,2.74682,2.18795,12.047619047619047,9.772727272727273,10.0,11.0,1.7659999999999998,1.0115,0.0,0.0,2.18795,2.74682
2025-05-11,Nott'm Forest,Leicester,1.76909,1.22949,0.5061,0.2652,0.2287,1.76909,1.22949,8.384615384615385,24.7,3.0,5.0,1.7835,0.9512999999999999,0.0,0.0,1.22949,1.76909
2025-05-11,Newcastle,Chelsea,1.6703,0.646426,0.6582,0.2315,0.1103,1.6703,0.646426,14.0625,9.25,17.0,6.0,2.2061,0.5624,0.0,0.0,0.646426,1.6703
2025-05-11,Man United,West Ham,2.31287,2.15985,0.399,0.2482,0.3528,2.31287,2.15985,15.857142857142858,14.823529411764707,9.0,2.0,1.4452,1.3066,0.0,0.0,2.15985,2.31287
2025-05-16,Aston Villa,Tottenham,1.69061,0.523016,0.6815,0.2339,0.0846,1.69061,0.523016,9.5,26.25,19.0,2.0,2.2784000000000004,0.48769999999999997,0.0,0.0,0.523016,1.69061
2025-05-16,Chelsea,Man United,1.29571,0.337632,0.663,0.2621,0.0749,1.29571,0.337632,12.375,8.916666666666666,5.0,5.0,2.2511,0.4868,0.0,0.0,0.337632,1.29571
2025-05-18,Everton,Southampton,2.67793,1.05025,0.8042,0.1512,0.0446,2.67793,1.05025,16.61904761904762,21.285714285714285,11.0,2.0,2.5638000000000005,0.28500000000000003,0.0,0.0,1.05025,2.67793
2025-05-18,West Ham,Nott'm Forest,0.850457,2.14756,0.1065,0.1841,0.7094,0.850457,2.14756,6.7727272727272725,10.961538461538462,5.0,9.0,0.5036,2.3123,0.0,0.0,2.14756,0.850457
2025-05-18,Brentford,Fulham,2.43045,1.61741,0.6007,0.2318,0.1675,1.66928,1.61741,11.857142857142858,15.909090909090908,4.0,6.0,2.0339,0.7343000000000001,0.0,0.0,1.61741,2.43045
2025-05-18,Leicester,Ipswich,0.788544,1.36957,0.2047,0.2845,0.5108,0.788544,1.36957,9.321428571428571,12.708333333333334,6.0,4.0,0.8986,1.8169,0.0,0.0,1.36957,0.788544
2025-05-18,Arsenal,Newcastle,1.15958,2.24634,0.1377,0.2035,0.6588,1.15958,2.24634,11.11111111111111,9.368421052631579,3.0,8.0,0.6165999999999999,2.1799,0.0,0.0,2.24634,1.15958
2025-05-19,Brighton,Liverpool,2.17789,3.065,0.2057,0.1973,0.597,2.17789,3.065,15.45,13.0,20.0,13.0,0.8144,1.9883,0.0,0.0,3.065,2.17789
2025-05-20,Man City,Bournemouth,1.59779,0.962014,0.5444,0.2663,0.1893,1.59779,0.962014,20.818181818181817,22.466666666666665,8.0,2.0,1.8995,0.8341999999999999,0.0,0.0,0.962014,1.59779
2025-05-20,Crystal Palace,Wolves,1.68451,1.42886,0.4333,0.2618,0.3049,1.68451,1.42886,17.714285714285715,8.941176470588236,12.0,9.0,1.5617,1.1765,0.0,0.0,1.42886,1.68451
2025-05-25,Ipswich,West Ham,0.893095,0.967379,0.3083,0.339,0.3527,0.893095,0.967379,14.607142857142858,8.115384615384615,6.0,7.0,1.2639,1.3971,0.0,0.0,0.967379,0.893095
2025-05-25,Nott'm Forest,Chelsea,1.58014,1.30874,0.4164,0.3092,0.2744,1.58014,1.30874,11.38888888888889,14.117647058823529,3.0,1.0,1.5584,1.1323999999999999,0.0,0.0,1.30874,1.58014
2025-05-25,Newcastle,Everton,1.1591,1.07279,0.3642,0.3114,0.3244,1.1591,1.07279,6.25,17.866666666666667,6.0,1.0,1.404,1.2846000000000002,0.0,0.0,1.07279,1.1591
2025-05-25,Man United,Aston Villa,2.96259,0.335222,0.9378,0.0534,0.0088,2.20143,0.335222,5.107142857142857,26.90909090909091,24.0,5.0,2.8667999999999996,0.07980000000000001,0.0,0.0,0.335222,2.96259
2025-05-25,Liverpool,Crystal Palace,1.92122,1.4144,0.4965,0.2624,0.2411,1.92122,1.4144,6.346153846153846,25.416666666666668,9.0,3.0,1.7519,0.9857,0.0,0.0,1.4144,1.92122
2025-05-25,Tottenham,Brighton,1.85265,3.11624,0.1249,0.1908,0.6843,1.09148,2.35507,18.0625,6.615384615384615,3.0,12.0,0.5655,2.2437,0.0,0.0,3.11624,1.85265
2025-05-25,Southampton,Arsenal,0.598144,2.40711,0.0582,0.1366,0.8052,0.598144,2.40711,17.3,7.357142857142857,4.0,11.0,0.31120000000000003,2.5522,0.0,0.0,2.40711,0.598144
2025-05-25,Wolves,Brentford,1.10889,1.97196,0.1792,0.2217,0.5991,1.10889,1.97196,13.45,7.44,7.0,7.0,0.7593,2.019,0.0,0.0,1.97196,1.10889
2025-05-25,Bournemouth,Leicester,2.72449,0.156702,0.9369,0.058,0.0051,2.72449,0.156702,4.647058823529412,9.28,16.0,3.0,2.8686999999999996,0.0733,0.0,0.0,0.156702,2.72449
2025-05-25,Fulham,Man City,2.21797,2.45923,0.336,0.2351,0.4289,2.21797,1.69806,22.153846153846153,13.545454545454545,5.0,16.0,1.2431,1.5218,0.0,0.0,2.45923,2.21797
2025-08-15,Liverpool,Bournemouth,2.33007,1.57303,0.5498,0.2276,0.2226,2.33007,1.57303,8.764705882352942,11.583333333333334,9.0,8.0,1.877,0.8954,0.0,0.0,1.57303,2.33007
2025-08-16,Aston Villa,Newcastle,0.318601,1.40098,0.0629,0.2371,0.7,0.318601,1.40098,18.916666666666668,6.083333333333333,2.0,6.0,0.42579999999999996,2.3370999999999995,0.0,0.0,1.40098,0.318601
2025-08-16,Brighton,Fulham,1.44008,0.902883,0.5158,0.3088,0.1754,0.678909,0.902883,8.928571428571429,16.22222222222222,5.0,6.0,1.8562,0.835,0.0,0.0,0.902883,1.44008
2025-08-16,Sunderland,West Ham,0.724368,0.558948,0.363,0.391,0.246,0.724368,0.558948,20.785714285714285,11.0,2.0,8.0,1.48,1.129,0.0,0.0,0.558948,0.724368
2025-08-16,Tottenham,Burnley,1.97858,0.734138,0.7032,0.1993,0.0975,1.97858,0.734138,6.352941176470588,17.352941176470587,7.0,6.0,2.3089000000000004,0.4918,0.0,0.0,0.734138,1.97858
2025-08-16,Wolves,Man City,0.519436,2.29903,0.0404,0.1179,0.8417,0.519436,2.29903,12.10344827586207,11.8,4.0,8.0,0.2391,2.6430000000000002,0.0,0.0,2.29903,0.519436
2025-08-17,Chelsea,Crystal Palace,1.36793,1.03414,0.4404,0.2929,0.2667,1.36793,1.03414,5.869565217391305,17.63157894736842,7.0,2.0,1.6141,1.093,0.0,0.0,1.03414,1.36793
2025-08-17,Nott'm Forest,Brentford,1.7555,1.32516,0.4714,0.2855,0.2431,1.7555,0.563994,11.142857142857142,9.823529411764707,6.0,3.0,1.6997,1.0148000000000001,0.0,0.0,1.32516,1.7555
2025-08-17,Man United,Arsenal,1.37653,1.3304,0.3408,0.3074,0.3518,1.37653,1.3304,7.904761904761905,11.26086956521739,7.0,3.0,1.3298,1.3628,0.0,0.0,1.3304,1.37653
2025-08-18,Leeds,Everton,2.3812,0.674338,0.8116,0.1394,0.049,1.62003,0.674338,15.6875,27.5,5.0,2.0,2.5742000000000003,0.2864,0.0,0.0,0.674338,2.3812
2025-08-22,West Ham,Chelsea,0.978572,3.94997,0.0153,0.0485,0.9362,0.978572,3.94997,26.307692307692307,11.947368421052632,6.0,5.0,0.0944,2.8571000000000004,0.0,0.0,3.94997,0.978572
2025-08-23,Arsenal,Leeds,2.73761,0.156761,0.9569,0.039,0.0041,1.97644,0.156761,7.954545454545454,27.866666666666667,5.0,1.0,2.9097,0.0513,0.0,0.0,0.156761,2.73761
2025-08-23,Bournemouth,Wolves,1.78462,0.373367,0.7888,0.1642,0.047,1.78462,0.373367,5.88,10.428571428571429,6.0,3.0,2.5305999999999997,0.3052,0.0,0.0,0.373367,1.78462
2025-08-23,Man City,Tottenham,1.2475,1.28015,0.3526,0.2889,0.3585,1.2475,1.28015,10.444444444444445,13.272727272727273,8.0,4.0,1.3467,1.3643999999999998,0.0,0.0,1.28015,1.2475
2025-08-23,Brentford,Aston Villa,1.12964,0.976852,0.4019,0.3328,0.2653,1.12964,0.976852,10.785714285714286,5.411764705882353,2.0,14.0,1.5385,1.1286999999999998,0.0,0.0,0.976852,1.12964
2025-08-23,Burnley,Sunderland,1.00381,1.12127,0.2978,0.3293,0.3729,1.00381,1.12127,15.428571428571429,20.583333333333332,4.0,4.0,1.2227,1.448,0.0,0.0,1.12127,1.00381
2025-08-24,Crystal Palace,Nott'm Forest,1.10188,1.32987,0.2822,0.3071,0.4107,1.10188,1.32987,12.782608695652174,10.368421052631579,6.0,4.0,1.1537,1.5392,0.0,0.0,1.32987,1.10188
2025-08-24,Everton,Brighton,1.80116,2.08487,0.2765,0.2775,0.446,1.80116,1.3237,17.705882352941178,8.68421052631579,5.0,8.0,1.1070000000000002,1.6155000000000002,0.0,0.0,2.08487,1.80116
2025-08-24,Fulham,Man United,1.65333,1.54603,0.3868,0.2852,0.328,1.65333,0.784858,9.909090909090908,10.88888888888889,11.0,11.0,1.4455999999999998,1.2692,0.0,0.0,1.54603,1.65333
2025-08-25,Newcastle,Liverpool,1.96342,0.646559,0.7493,0.1793,0.0714,1.96342,0.646559,12.045454545454545,7.571428571428571,3.0,6.0,2.4272,0.39349999999999996,0.0,0.0,0.646559,1.96342
2025-08-30,Man United,Burnley,4.02237,1.32618,0.911,0.0655,0.0235,3.2612,1.32618,15.181818181818182,16.0,8.0,3.0,2.7985,0.136,0.0,0.0,1.32618,4.02237
2025-08-30,Sunderland,Brentford,1.57127,1.44604,0.3654,0.3194,0.3152,0.810099,0.684874,5.184210526315789,21.545454545454547,2.0,4.0,1.4156,1.2650000000000001,0.0,0.0,1.44604,1.57127
2025-08-30,Leeds,Newcastle,0.6773,0.303635,0.408,0.4518,0.1402,0.6773,0.303635,14.863636363636363,11.238095238095237,5.0,5.0,1.6758,0.8724,0.0,0.0,0.303635,0.6773
2025-08-30,Tottenham,Bournemouth,0.17067,2.1201,0.016,0.1089,0.8751,0.17067,2.1201,5.2,7.146341463414634,4.0,11.0,0.15689999999999998,2.7342000000000004,0.0,0.0,2.1201,0.17067
2025-08-30,Wolves,Everton,0.943257,2.03791,0.1205,0.2084,0.6711,0.943257,2.03791,5.851851851851852,11.961538461538462,5.0,11.0,0.5699,2.2217000000000002,0.0,0.0,2.03791,0.943257
2025-08-30,Chelsea,Fulham,2.4324,0.736228,0.811,0.1338,0.0552,1.67123,0.736228,9.32,10.851851851851851,4.0,9.0,2.5668,0.2994,0.0,0.0,0.736228,2.4324
2025-08-31,Nott'm Forest,West Ham,0.716018,2.236,0.0594,0.1552,0.7854,0.716018,1.47483,9.846153846153847,21.46153846153846,6.0,5.0,0.33340000000000003,2.5114,0.0,0.0,2.236,0.716018
2025-08-31,Brighton,Man City,2.20864,2.13418,0.3828,0.2726,0.3446,1.44747,2.13418,11.814814814814815,11.933333333333334,4.0,9.0,1.4209999999999998,1.3064,0.0,0.0,2.13418,2.20864
2025-08-31,Liverpool,Arsenal,0.481404,0.485679,0.2681,0.4624,0.2695,0.481404,0.485679,15.066666666666666,12.869565217391305,4.0,5.0,1.2667,1.2709,0.0,0.0,0.485679,0.481404
2025-08-31,Aston Villa,Crystal Palace,1.20586,2.59713,0.0734,0.161,0.7656,1.20586,1.83596,10.571428571428571,19.2,6.0,5.0,0.3812,2.4577999999999998,0.0,0.0,2.59713,1.20586
2025-09-13,West Ham,Tottenham,0.793248,1.51402,0.1696,0.2807,0.5497,0.793248,1.51402,17.555555555555557,10.857142857142858,2.0,8.0,0.7895000000000001,1.9297999999999997,0.0,0.0,1.51402,0.793248
2025-09-13,Brentford,Chelsea,1.17533,0.755999,0.495,0.2994,0.2056,1.17533,0.755999,20.1875,5.206896551724138,8.0,12.0,1.7843999999999998,0.9162,0.0,0.0,0.755999,1.17533
2025-09-13,Everton,Aston Villa,1.8927,0.354327,0.7847,0.1658,0.0495,1.8927,0.354327,7.074074074074074,8.368421052631579,10.0,3.0,2.5199,0.3143,0.0,0.0,0.354327,1.8927
2025-09-13,Fulham,Leeds,1.13979,0.830398,0.4371,0.3383,0.2246,1.13979,0.830398,9.478260869565217,13.444444444444445,4.0,5.0,1.6496,1.0121,0.0,0.0,0.830398,1.13979
2025-09-13,Bournemouth,Brighton,1.44187,0.624923,0.6177,0.2664,0.1159,0.680706,0.624923,10.833333333333334,8.695652173913043,5.0,3.0,2.1195,0.6141000000000001,0.0,0.0,0.624923,1.44187
2025-09-13,Newcastle,Wolves,1.19186,0.375942,0.6234,0.2851,0.0915,1.19186,0.375942,10.5625,9.041666666666666,12.0,3.0,2.1553,0.5596,0.0,0.0,0.375942,1.19186
2025-09-13,Arsenal,Nott'm Forest,2.8817,0.293681,0.9419,0.048,0.0101,2.8817,0.293681,10.95,14.55,10.0,1.0,2.8737,0.07830000000000001,0.0,0.0,0.293681,2.8817
2025-09-13,Crystal Palace,Sunderland,1.75805,0.354129,0.7823,0.1686,0.0491,1.75805,0.354129,13.555555555555555,17.77777777777778,8.0,4.0,2.5155,0.31589999999999996,0.0,0.0,0.354129,1.75805
2025-09-14,Burnley,Liverpool,0.168041,2.79492,0.0037,0.0387,0.9576,0.168041,2.03375,11.090909090909092,4.142857142857143,0.0,17.0,0.0498,2.9114999999999998,0.0,0.0,2.79492,0.168041
2025-09-14,Man City,Man United,1.99725,1.51915,0.4799,0.2573,0.2628,1.99725,1.51915,19.214285714285715,9.23076923076923,8.0,8.0,1.697,1.0457,0.0,0.0,1.51915,1.99725
2025-09-20,Fulham,Brentford,1.52431,0.826556,0.5643,0.2588,0.1769,1.52431,0.826556,19.846153846153847,13.476190476190476,5.0,3.0,1.9517,0.7894999999999999,0.0,0.0,0.826556,1.52431
2025-09-20,Liverpool,Everton,1.06166,0.721371,0.4455,0.33,0.2245,1.06166,0.721371,5.884615384615385,11.304347826086957,12.0,9.0,1.6665,1.0035,0.0,0.0,0.721371,1.06166
2025-09-20,West Ham,Crystal Palace,0.466365,2.33565,0.035,0.1161,0.8489,0.466365,2.33565,8.565217391304348,23.818181818181817,5.0,7.0,0.22110000000000002,2.6628,0.0,0.0,2.33565,0.466365
2025-09-20,Wolves,Leeds,1.5661,0.456988,0.6878,0.2266,0.0856,1.5661,0.456988,10.96,13.19047619047619,10.0,7.0,2.2899999999999996,0.48339999999999994,0.0,0.0,0.456988,1.5661
2025-09-20,Brighton,Tottenham,1.40466,1.19181,0.4028,0.3289,0.2683,1.40466,1.19181,11.48,4.84375,4.0,14.0,1.5372999999999999,1.1338,0.0,0.0,1.19181,1.40466
2025-09-20,Burnley,Nott'm Forest,1.14159,0.830779,0.4397,0.3168,0.2435,1.14159,0.830779,18.88888888888889,9.095238095238095,4.0,10.0,1.6359,1.0473,0.0,0.0,0.830779,1.14159
2025-09-20,Man United,Chelsea,1.34458,0.469843,0.6294,0.2748,0.0958,1.34458,0.469843,12.961538461538462,13.142857142857142,4.0,5.0,2.163,0.5622,0.0,0.0,0.469843,1.34458
2025-09-21,Arsenal,Man City,0.718575,1.1227,0.2028,0.3221,0.4751,0.718575,1.1227,6.818181818181818,17.0,10.0,3.0,0.9305000000000001,1.7474,0.0,0.0,1.1227,0.718575
2025-09-21,Bournemouth,Newcastle,0.55066,0.153629,0.3942,0.5216,0.0842,0.55066,0.153629,8.363636363636363,16.41176470588235,4.0,6.0,1.7041999999999997,0.7742,0.0,0.0,0.153629,0.55066
2025-09-21,Sunderland,Aston Villa,0.938312,0.939354,0.3258,0.3463,0.3279,0.938312,0.939354,9.869565217391305,7.0,4.0,16.0,1.3236999999999999,1.33,0.0,0.0,0.939354,0.938312
2025-09-27,Brentford,Man United,2.78726,2.23609,0.5118,0.2491,0.2391,2.78726,1.47492,11.72,12.125,6.0,1.0,1.7845,0.9664,0.0,0.0,2.23609,2.78726
2025-09-27,Chelsea,Brighton,2.02653,2.4751,0.2603,0.2482,0.4915,2.02653,2.4751,8.526315789473685,9.172413793103448,4.0,8.0,1.0291,1.7227,0.0,0.0,2.4751,2.02653
2025-09-27,Crystal Palace,Liverpool,3.53323,3.10176,0.4872,0.1968,0.316,3.53323,3.10176,24.375,8.571428571428571,12.0,5.0,1.6584,1.1448,0.0,0.0,3.10176,3.53323
2025-09-27,Leeds,Bournemouth,2.04728,1.06033,0.6258,0.219,0.1552,2.04728,1.06033,10.076923076923077,8.4,3.0,9.0,2.0964,0.6846,0.0,0.0,1.06033,2.04728
2025-09-27,Man City,Burnley,3.22133,0.509491,0.9279,0.0602,0.0119,3.22133,0.509491,16.0,17.1875,15.0,4.0,2.8438999999999997,0.0959,0.0,0.0,0.509491,3.22133
2025-09-27,Nott'm Forest,Sunderland,1.4203,1.94154,0.2527,0.2346,0.5127,1.4203,1.94154,9.3,29.5,6.0,3.0,0.9927,1.7727,0.0,0.0,1.94154,1.4203
2025-09-27,Tottenham,Wolves,0.818711,1.15951,0.2181,0.3376,0.4443,0.818711,1.15951,16.928571428571427,9.5,5.0,4.0,0.9919,1.6705,0.0,0.0,1.15951,0.818711
2025-09-28,Aston Villa,Fulham,1.36575,0.952612,0.4792,0.293,0.2278,1.36575,0.952612,17.357142857142858,13.833333333333334,6.0,4.0,1.7306,0.9763999999999999,0.0,0.0,0.952612,1.36575
2025-09-28,Newcastle,Arsenal,0.739851,2.07048,0.0956,0.1872,0.7172,0.739851,2.07048,16.466666666666665,7.25,4.0,13.0,0.474,2.3387999999999995,0.0,0.0,2.07048,0.739851
2025-09-29,Everton,West Ham,0.909703,0.775766,0.3639,0.3478,0.2883,0.909703,0.775766,12.764705882352942,13.5,12.0,7.0,1.4394999999999998,1.2127,0.0,0.0,0.775766,0.909703
2025-10-03,Bournemouth,Fulham,1.33458,0.84335,0.5037,0.2971,0.1992,1.33458,0.84335,13.823529411764707,19.142857142857142,13.0,10.0,1.8082,0.8946999999999998,0.0,0.0,0.84335,1.33458
2025-10-04,Leeds,Tottenham,1.48051,0.688198,0.6,0.2633,0.1367,1.48051,0.688198,10.833333333333334,15.0,6.0,4.0,2.0633,0.6734,0.0,0.0,0.688198,1.48051
2025-10-04,Arsenal,West Ham,3.0585,0.864549,0.8876,0.0891,0.0233,2.29733,0.864549,4.212121212121212,25.076923076923077,17.0,3.0,2.7519,0.159,0.0,0.0,0.864549,3.0585
2025-10-04,Man United,Sunderland,1.9298,0.807119,0.6826,0.2067,0.1107,1.9298,0.807119,10.173913043478262,9.76,7.0,3.0,2.2545,0.5388,0.0,0.0,0.807119,1.9298
2025-10-04,Chelsea,Liverpool,1.23721,2.05981,0.1603,0.2554,0.5843,1.23721,2.05981,13.3,17.125,6.0,9.0,0.7363,2.0083,0.0,0.0,2.05981,1.23721
2025-10-05,Aston Villa,Burnley,1.73572,0.502292,0.7029,0.2168,0.0803,1.73572,0.502292,12.722222222222221,7.809523809523809,8.0,1.0,2.3255,0.4577,0.0,0.0,0.502292,1.73572
2025-10-05,Everton,Crystal Palace,2.13876,2.17789,0.3623,0.2646,0.3731,1.37759,2.17789,9.275862068965518,6.805555555555555,5.0,6.0,1.3515,1.3839,0.0,0.0,2.17789,2.13876
2025-10-05,Newcastle,Nott'm Forest,3.81662,0.337689,0.9788,0.0182,0.003,3.05545,0.337689,8.0,11.047619047619047,13.0,4.0,2.9546,0.027200000000000002,0.0,0.0,0.337689,3.81662
2025-10-05,Wolves,Brighton,0.369404,1.39158,0.0797,0.2474,0.6729,0.369404,1.39158,13.571428571428571,9.818181818181818,2.0,2.0,0.4865,2.2661,0.0,0.0,1.39158,0.369404
2025-10-05,Brentford,Man City,0.693758,1.09647,0.2127,0.3477,0.4396,0.693758,1.09647,13.3,13.5,2.0,9.0,0.9858,1.6665,0.0,0.0,1.09647,0.693758
2025-10-18,Sunderland,Wolves,1.02481,0.676323,0.4521,0.3322,0.2157,1.02481,0.676323,36.42857142857143,5.233333333333333,6.0,11.0,1.6885000000000001,0.9793000000000001,0.0,0.0,0.676323,1.02481
2025-10-18,Fulham,Arsenal,0.502332,2.07823,0.0509,0.1423,0.8068,0.502332,2.07823,18.1875,30.0,3.0,14.0,0.29500000000000004,2.5627,0.0,0.0,2.07823,0.502332
2025-10-18,Man City,Everton,2.4799,0.794622,0.7871,0.157,0.0559,2.4799,0.794622,8.722222222222221,16.692307692307693,15.0,4.0,2.5183,0.3247,0.0,0.0,0.794622,2.4799
2025-10-18,Brighton,Newcastle,0.857104,1.28313,0.234,0.2943,0.4717,0.857104,1.28313,13.409090909090908,9.64,8.0,9.0,0.9963000000000001,1.7094,0.0,0.0,1.28313,0.857104
2025-10-18,Burnley,Leeds,0.509647,2.33152,0.0318,0.1277,0.8405,0.509647,2.33152,15.80952380952381,7.809523809523809,2.0,8.0,0.22310000000000002,2.6492,0.0,0.0,2.33152,0.509647
2025-10-18,Crystal Palace,Bournemouth,4.56284,2.0471,0.8893,0.0764,0.0343,3.80167,2.0471,7.84,8.11111111111111,14.0,6.0,2.7443,0.1793,0.0,0.0,2.0471,4.56284
2025-10-18,Nott'm Forest,Chelsea,2.0555,2.5583,0.2761,0.2325,0.4914,2.0555,2.5583,14.842105263157896,8.482758620689655,9.0,6.0,1.0608,1.7066999999999999,0.0,0.0,2.5583,2.0555
2025-10-19,Tottenham,Aston Villa,1.51461,0.352231,0.7246,0.2099,0.0655,1.51461,0.352231,7.592592592592593,12.88888888888889,5.0,2.0,2.3837,0.4064,0.0,0.0,0.352231,1.51461
2025-10-19,Liverpool,Man United,2.60972,2.53117,0.403,0.2349,0.3621,2.60972,2.53117,7.625,17.428571428571427,10.0,6.0,1.4439000000000002,1.3212000000000002,0.0,0.0,2.53117,2.60972
2025-10-20,West Ham,Brentford,0.260251,3.46635,0.0056,0.0286,0.9658,0.260251,3.46635,14.777777777777779,12.466666666666667,4.0,11.0,0.045399999999999996,2.926,0.0,0.0,3.46635,0.260251
2025-10-24,Leeds,West Ham,2.2214,0.498653,0.8342,0.1246,0.0412,2.2214,0.498653,10.814814814814815,9.576923076923077,1.0,4.0,2.6272,0.2482,0.0,0.0,0.498653,2.2214
2025-10-25,Brentford,Liverpool,3.27126,2.11838,0.6466,0.1867,0.1667,2.5101,2.11838,14.0,6.2,5.0,10.0,2.1265,0.6868,0.0,0.0,2.11838,3.27126
2025-10-25,Man United,Brighton,1.96231,0.947154,0.6368,0.216,0.1472,1.96231,0.947154,13.964285714285714,6.333333333333333,9.0,5.0,2.1264000000000003,0.6576,0.0,0.0,0.947154,1.96231
2025-10-25,Chelsea,Sunderland,1.21332,1.5506,0.2529,0.2876,0.4595,1.21332,1.5506,9.333333333333334,21.647058823529413,11.0,6.0,1.0463,1.6661000000000001,0.0,0.0,1.5506,1.21332
2025-10-25,Newcastle,Fulham,2.76806,1.52001,0.6984,0.1854,0.1162,2.76806,1.52001,9.035714285714286,9.551724137931034,7.0,3.0,2.2806,0.534,0.0,0.0,1.52001,2.76806
2025-10-26,Bournemouth,Nott'm Forest,0.656601,0.305493,0.4009,0.4563,0.1428,0.656601,0.305493,8.04,11.75,7.0,4.0,1.6589999999999998,0.8847,0.0,0.0,0.305493,0.656601
2025-10-26,Arsenal,Crystal Palace,0.856175,0.350534,0.4818,0.3843,0.1339,0.856175,0.350534,12.411764705882353,28.272727272727273,5.0,1.0,1.8296999999999999,0.7859999999999999,0.0,0.0,0.350534,0.856175
2025-10-26,Aston Villa,Man City,0.843906,1.36914,0.2191,0.289,0.4919,0.843906,1.36914,22.363636363636363,10.25,8.0,11.0,0.9462999999999999,1.7647,0.0,0.0,1.36914,0.843906
2025-10-26,Wolves,Burnley,2.58132,1.54544,0.6426,0.2132,0.1442,1.82015,1.54544,8.875,14.555555555555555,10.0,5.0,2.141,0.6457999999999999,0.0,0.0,1.54544,2.58132
2025-10-26,Everton,Tottenham,1.4032,2.09327,0.1933,0.2511,0.5556,1.4032,2.09327,13.421052631578947,17.0,6.0,3.0,0.831,1.9179,0.0,0.0,2.09327,1.4032
2025-11-01,Nott'm Forest,Man United,1.55066,0.91622,0.5553,0.2598,0.1849,1.55066,0.91622,13.695652173913043,9.470588235294118,7.0,5.0,1.9257000000000002,0.8145,0.0,0.0,0.91622,1.55066
2025-11-01,Liverpool,Aston Villa,1.47021,0.43502,0.6494,0.2552,0.0954,1.47021,0.43502,10.95,16.0625,12.0,6.0,2.2034,0.5414,0.0,0.0,0.43502,1.47021
2025-11-01,Fulham,Wolves,1.91207,0.209934,0.8557,0.1234,0.0209,1.91207,0.209934,12.833333333333334,21.3125,11.0,4.0,2.6905,0.1861,0.0,0.0,0.209934,1.91207
2025-11-01,Tottenham,Chelsea,0.146954,3.34251,0.0016,0.0201,0.9783,0.146954,3.34251,8.56,7.0,4.0,13.0,0.0249,2.9549999999999996,0.0,0.0,3.34251,0.146954
2025-11-01,Burnley,Arsenal,0.679177,2.51649,0.0346,0.1281,0.8373,0.679177,2.51649,15.55,12.157894736842104,3.0,9.0,0.2319,2.64,0.0,0.0,2.51649,0.679177
2025-11-01,Brighton,Leeds,2.64127,0.35919,0.9151,0.0719,0.013,2.64127,0.35919,14.80952380952381,22.6,7.0,2.0,2.8172,0.1109,0.0,0.0,0.35919,2.64127
2025-11-01,Crystal Palace,Brentford,0.734558,0.820498,0.284,0.3671,0.3489,0.734558,0.820498,19.375,5.818181818181818,5.0,8.0,1.2190999999999999,1.4138,0.0,0.0,0.820498,0.734558
2025-11-02,West Ham,Newcastle,1.41383,0.523615,0.6355,0.2546,0.1099,1.41383,0.523615,23.583333333333332,8.882352941176471,3.0,7.0,2.1611,0.5843,0.0,0.0,0.523615,1.41383
2025-11-02,Man City,Bournemouth,2.48999,0.899846,0.7693,0.1598,0.0709,2.48999,0.899846,20.1875,11.217391304347826,8.0,4.0,2.4677000000000002,0.3725,0.0,0.0,0.899846,2.48999
2025-11-03,Sunderland,Everton,1.18068,1.00741,0.3718,0.3203,0.3079,1.18068,1.00741,8.238095238095237,23.153846153846153,7.0,5.0,1.4357000000000002,1.244,0.0,0.0,1.00741,1.18068
2025-11-08,Tottenham,Man United,1.35532,0.820256,0.5103,0.2821,0.2076,1.35532,0.820256,7.724137931034483,13.31578947368421,5.0,3.0,1.813,0.9049,0.0,0.0,0.820256,1.35532
2025-11-08,Everton,Fulham,2.30607,0.424478,0.855,0.1105,0.0345,2.30607,0.424478,15.176470588235293,9.9,5.0,7.0,2.6755,0.21400000000000002,0.0,0.0,0.424478,2.30607
2025-11-08,West Ham,Burnley,2.96728,1.87478,0.6782,0.2072,0.1146,2.96728,1.87478,15.45,10.526315789473685,4.0,7.0,2.2418,0.5509999999999999,0.0,0.0,1.87478,2.96728
2025-11-08,Sunderland,Arsenal,1.20495,2.32943,0.1307,0.214,0.6553,1.20495,2.32943,13.466666666666667,9.4375,7.0,11.0,0.6061,2.1799,0.0,0.0,2.32943,1.20495
2025-11-08,Chelsea,Wolves,3.98342,0.111462,0.9924,0.0074,0.0002,3.98342,0.111462,10.421052631578947,20.4,13.0,1.0,2.9846,0.008,0.0,0.0,0.111462,3.98342
2025-11-09,Man City,Liverpool,1.59542,1.0281,0.5265,0.2798,0.1937,0.834247,1.0281,11.818181818181818,11.0,7.0,7.0,1.8593,0.8609,0.0,0.0,1.0281,1.59542
2025-11-09,Nott'm Forest,Leeds,2.49097,0.419461,0.8925,0.0884,0.0191,1.72981,0.419461,15.166666666666666,9.35,4.0,3.0,2.7659,0.1457,0.0,0.0,0.419461,2.49097
2025-11-09,Aston Villa,Bournemouth,1.88282,2.00992,0.3334,0.2653,0.4013,1.88282,1.24875,5.793103448275862,6.814814814814815,10.0,6.0,1.2654999999999998,1.4691999999999998,0.0,0.0,2.00992,1.88282
2025-11-09,Brentford,Newcastle,2.73729,0.432277,0.9194,0.0653,0.0153,1.97612,0.432277,12.0,11.105263157894736,7.0,2.0,2.8235,0.1112,0.0,0.0,0.432277,2.73729
2025-11-09,Crystal Palace,Brighton,0.839547,0.637037,0.3615,0.3807,0.2578,0.839547,0.637037,11.76923076923077,10.0,10.0,7.0,1.4652,1.1541,0.0,0.0,0.637037,0.839547
2025-11-22,Wolves,Crystal Palace,1.66409,1.44933,0.428,0.285,0.287,1.66409,1.44933,10.695652173913043,10.04,10.0,11.0,1.569,1.146,0.0,0.0,1.44933,1.66409
2025-11-22,Burnley,Chelsea,0.660943,1.72093,0.109,0.2248,0.6662,0.660943,1.72093,14.115384615384615,13.157894736842104,6.0,11.0,0.5518000000000001,2.2234000000000003,0.0,0.0,1.72093,0.660943
2025-11-22,Bournemouth,West Ham,3.48299,0.390782,0.9602,0.0349,0.0049,2.72182,0.390782,2.303030303030303,21.727272727272727,9.0,3.0,2.9155,0.0496,0.0,0.0,0.390782,3.48299
2025-11-22,Brighton,Brentford,0.977488,2.19979,0.0872,0.1756,0.7372,0.977488,0.677448,7.48,17.4,10.0,7.0,0.43720000000000003,2.3872,0.0,0.0,2.19979,0.977488
2025-11-22,Fulham,Sunderland,2.83729,0.222768,0.9361,0.0547,0.0092,2.83729,0.222768,14.133333333333333,13.095238095238095,17.0,2.0,2.863,0.0823,0.0,0.0,0.222768,2.83729
2025-11-22,Liverpool,Nott'm Forest,1.79273,1.19459,0.5209,0.2497,0.2294,1.79273,1.19459,4.681818181818182,23.153846153846153,11.0,6.0,1.8124,0.9379,0.0,0.0,1.19459,1.79273
2025-11-22,Newcastle,Man City,2.40555,2.45648,0.3783,0.2442,0.3775,2.40555,2.45648,11.681818181818182,7.722222222222222,4.0,16.0,1.3791,1.3767,0.0,0.0,2.45648,2.40555
2025-11-23,Arsenal,Tottenham,2.27827,0.0300672,0.9246,0.0744,0.001,2.27827,0.0300672,6.294117647058823,13.444444444444445,13.0,2.0,2.8482,0.0774,0.0,0.0,0.0300672,2.27827
2025-11-23,Leeds,Aston Villa,1.84668,1.35978,0.5039,0.2601,0.236,1.84668,1.35978,7.333333333333333,11.944444444444445,5.0,5.0,1.7718,0.9681,0.0,0.0,1.35978,1.84668
2025-11-24,Man United,Everton,2.2737,0.155063,0.8897,0.0985,0.0118,2.2737,0.155063,4.7727272727272725,28.666666666666668,15.0,2.0,2.7676000000000003,0.13390000000000002,0.0,0.0,0.155063,2.2737
2025-11-29,Brentford,Burnley,3.72106,0.874025,0.9508,0.0419,0.0073,2.9599,0.112856,14.642857142857142,11.894736842105264,5.0,1.0,2.8943,0.0638,0.0,0.0,0.874025,3.72106
2025-11-29,Man City,Leeds,2.85292,1.75142,0.6549,0.2088,0.1363,2.85292,0.840267,12.294117647058824,8.366666666666667,12.0,4.0,2.1735,0.6177,0.0,0.0,1.75142,2.85292
2025-11-29,Sunderland,Bournemouth,1.16955,1.79274,0.1677,0.3108,0.5215,0.40842,1.79274,9.9,7.722222222222222,9.0,9.0,0.8139000000000001,1.8752999999999997,0.0,0.0,1.79274,1.16955
2025-11-29,Everton,Newcastle,1.01125,2.45882,0.0953,0.1744,0.7303,1.01125,2.45882,14.91304347826087,21.666666666666668,13.0,8.0,0.4603,2.3653,0.0,0.0,2.45882,1.01125
2025-11-29,Tottenham,Fulham,1.04396,0.494736,0.5297,0.324,0.1463,1.04396,0.494736,6.689655172413793,12.565217391304348,3.0,5.0,1.9130999999999998,0.7629000000000001,0.0,0.0,0.494736,1.04396
2025-11-30,West Ham,Liverpool,0.364152,1.56793,0.0588,0.1997,0.7415,0.364152,1.56793,13.826086956521738,8.478260869565217,4.0,9.0,0.3761,2.4242,0.0,0.0,1.56793,0.364152
2025-11-30,Crystal Palace,Man United,2.13561,1.47768,0.5412,0.2822,0.1766,1.37444,1.47768,12.68421052631579,8.947368421052632,4.0,1.0,1.9058000000000002,0.812,0.0,0.0,1.47768,2.13561
2025-11-30,Aston Villa,Wolves,1.15486,0.692588,0.4809,0.3149,0.2042,1.15486,0.692588,9.75,10.238095238095237,5.0,3.0,1.7575999999999998,0.9275,0.0,0.0,0.692588,1.15486
2025-11-30,Nott'm Forest,Brighton,0.960325,2.0572,0.1427,0.2061,0.6512,0.960325,2.0572,13.173913043478262,9.88,11.0,8.0,0.6342,2.1597,0.0,0.0,2.0572,0.960325
2025-11-30,Chelsea,Arsenal,0.791914,1.22828,0.2095,0.3069,0.4836,0.791914,1.22828,11.55,7.75,2.0,7.0,0.9354,1.7576999999999998,0.0,0.0,1.22828,0.791914
2025-12-02,Newcastle,Tottenham,1.88558,1.05205,0.5817,0.2502,0.1681,1.12441,1.05205,7.76,12.95,5.0,4.0,1.9952999999999999,0.7545,0.0,0.0,1.05205,1.88558
2025-12-02,Bournemouth,Everton,0.635415,1.19573,0.1737,0.3189,0.5074,0.635415,1.19573,11.285714285714286,11.708333333333334,7.0,5.0,0.8400000000000001,1.8410999999999997,0.0,0.0,1.19573,0.635415
2025-12-02,Fulham,Man City,0.972635,1.96225,0.1408,0.2232,0.636,0.972635,1.96225,10.038461538461538,17.636363636363637,6.0,5.0,0.6456,2.1311999999999998,0.0,0.0,1.96225,0.972635
2025-12-03,Leeds,Chelsea,2.2047,0.964018,0.7167,0.1866,0.0967,2.2047,0.964018,23.88888888888889,5.714285714285714,3.0,8.0,2.3367,0.47669999999999996,0.0,0.0,0.964018,2.2047
2025-12-03,Arsenal,Brentford,2.63126,0.588716,0.8618,0.1086,0.0296,2.63126,0.588716,6.925925925925926,15.61111111111111,4.0,3.0,2.694,0.19740000000000002,0.0,0.0,0.588716,2.63126
2025-12-03,Brighton,Aston Villa,1.96298,3.15745,0.1501,0.1771,0.6728,1.96298,3.15745,6.0,14.421052631578947,5.0,11.0,0.6274000000000001,2.1954999999999996,0.0,0.0,3.15745,1.96298
2025-12-03,Burnley,Crystal Palace,1.16852,0.987797,0.3817,0.3288,0.2895,1.16852,0.987797,9.76,24.785714285714285,9.0,4.0,1.4739,1.1972999999999998,0.0,0.0,0.987797,1.16852
2025-12-03,Wolves,Nott'm Forest,1.02461,1.12389,0.3096,0.3553,0.3351,1.02461,1.12389,9.173913043478262,13.421052631578947,2.0,7.0,1.2841,1.3606,0.0,0.0,1.12389,1.02461
2025-12-03,Liverpool,Sunderland,1.37633,0.712662,0.5385,0.2953,0.1662,1.37633,0.712662,9.470588235294118,19.333333333333332,5.0,3.0,1.9108,0.7938999999999999,0.0,0.0,0.712662,1.37633
2025-12-04,Man United,West Ham,2.27674,1.36584,0.6156,0.2213,0.1631,2.27674,1.36584,5.4,10.333333333333334,7.0,8.0,2.0681,0.7105999999999999,0.0,0.0,1.36584,2.27674
2025-12-06,Tottenham,Brentford,2.42388,0.470563,0.874,0.1019,0.0241,2.42388,0.470563,8.458333333333334,11.166666666666666,8.0,8.0,2.7239,0.17420000000000002,0.0,0.0,0.470563,2.42388
2025-12-06,Leeds,Liverpool,1.79333,2.04805,0.3199,0.2543,0.4258,1.03216,2.04805,15.0625,10.136363636363637,4.0,5.0,1.214,1.5317,0.0,0.0,2.04805,1.79333
2025-12-06,Newcastle,Burnley,1.80708,1.58375,0.4078,0.2946,0.2976,1.04591,0.822586,7.166666666666667,22.846153846153847,13.0,2.0,1.518,1.1873999999999998,0.0,0.0,1.58375,1.80708
2025-12-06,Aston Villa,Arsenal,2.71986,1.85965,0.5866,0.2031,0.2103,2.71986,1.85965,13.470588235294118,9.636363636363637,11.0,9.0,1.9629,0.8340000000000001,0.0,0.0,1.85965,2.71986
2025-12-06,Everton,Nott'm Forest,1.25348,0.31234,0.6583,0.263,0.0787,1.25348,0.31234,8.448275862068966,5.8076923076923075,9.0,1.0,2.2379,0.49910000000000004,0.0,0.0,0.31234,1.25348
2025-12-06,Bournemouth,Chelsea,1.41931,0.672602,0.6116,0.271,0.1174,1.41931,0.672602,11.076923076923077,8.15,6.0,4.0,2.1058,0.6232,0.0,0.0,0.672602,1.41931
2025-12-06,Man City,Sunderland,2.41605,0.626486,0.8094,0.1365,0.0541,2.41605,0.626486,16.785714285714285,13.19047619047619,7.0,1.0,2.5646999999999998,0.2988,0.0,0.0,0.626486,2.41605
2025-12-07,Brighton,West Ham,2.10077,1.7064,0.4659,0.2432,0.2909,2.10077,1.7064,6.045454545454546,17.733333333333334,8.0,3.0,1.6409,1.1159000000000001,0.0,0.0,1.7064,2.10077
2025-12-07,Fulham,Crystal Palace,0.766771,1.71109,0.1398,0.2443,0.6159,0.766771,1.71109,12.157894736842104,21.157894736842106,5.0,3.0,0.6637,2.092,0.0,0.0,1.71109,0.766771
2025-12-08,Wolves,Man United,0.262147,4.04708,0.0013,0.0112,0.9875,0.262147,3.28591,8.054054054054054,4.583333333333333,6.0,10.0,0.015099999999999999,2.9737000000000005,0.0,0.0,4.04708,0.262147
2025-12-13,Arsenal,Wolves,1.61796,0.61997,0.6309,0.2644,0.1047,1.61796,0.61997,9.416666666666666,15.2,12.0,3.0,2.1571000000000002,0.5785,0.0,0.0,0.61997,1.61796
2025-12-13,Burnley,Fulham,2.05486,1.65053,0.4687,0.2506,0.2807,2.05486,1.65053,13.565217391304348,23.833333333333332,8.0,7.0,1.6566999999999998,1.0927,0.0,0.0,1.65053,2.05486
2025-12-13,Chelsea,Everton,2.64457,1.34,0.6853,0.181,0.1337,2.64457,1.34,8.173913043478262,15.2,6.0,4.0,2.2369000000000003,0.5821000000000001,0.0,0.0,1.34,2.64457
2025-12-13,Liverpool,Brighton,2.4127,1.69004,0.5519,0.2199,0.2282,2.4127,1.69004,18.3125,9.866666666666667,12.0,8.0,1.8756,0.9045,0.0,0.0,1.69004,2.4127
2025-12-14,Crystal Palace,Man City,1.30092,1.35317,0.3229,0.2899,0.3872,1.30092,0.591996,13.37037037037037,13.0,8.0,3.0,1.2586000000000002,1.4515,0.0,0.0,1.35317,1.30092
2025-12-14,Nott'm Forest,Tottenham,2.32658,0.380246,0.8804,0.0967,0.0229,2.32658,0.380246,8.36,7.884615384615385,1.0,4.0,2.7379,0.1654,0.0,0.0,0.380246,2.32658
2025-12-14,Sunderland,Newcastle,0.630045,0.169329,0.4509,0.4675,0.0816,0.630045,0.169329,11.652173913043478,10.4375,5.0,4.0,1.8202,0.7123,0.0,0.0,0.169329,0.630045
2025-12-14,West Ham,Aston Villa,1.27701,0.595093,0.5651,0.3111,0.1238,1.27701,0.595093,12.428571428571429,10.857142857142858,0.0,3.0,2.0064,0.6824999999999999,0.0,0.0,0.595093,1.27701
2025-12-14,Brentford,Leeds,0.697006,1.63409,0.1171,0.2592,0.6237,0.697006,1.63409,8.65,18.3125,6.0,9.0,0.6105,2.1303,0.0,0.0,1.63409,0.697006
2025-12-15,Man United,Bournemouth,3.21204,2.35196,0.5797,0.1979,0.2224,3.21204,2.35196,6.055555555555555,13.538461538461538,18.0,12.0,1.937,0.8651,0.0,0.0,2.35196,3.21204
2025-12-20,Everton,Arsenal,0.213273,1.84723,0.0177,0.1169,0.8654,0.213273,1.08606,24.11764705882353,13.857142857142858,0.0,13.0,0.17,2.7131,0.0,0.0,1.84723,0.213273
2025-12-20,Tottenham,Liverpool,1.34905,1.23164,0.3774,0.3092,0.3134,1.34905,1.23164,17.8125,12.23076923076923,2.0,10.0,1.4414,1.2494,0.0,0.0,1.23164,1.34905
2025-12-20,Leeds,Crystal Palace,2.90786,1.53058,0.7202,0.1848,0.095,2.90786,0.769407,10.473684210526315,8.758620689655173,7.0,5.0,2.3453999999999997,0.4698,0.0,0.0,1.53058,2.90786
2025-12-20,Wolves,Brentford,1.26823,1.56309,0.2792,0.2924,0.4284,0.507064,1.56309,13.318181818181818,6.233333333333333,6.0,9.0,1.13,1.5776000000000001,0.0,0.0,1.56309,1.26823
2025-12-20,Man City,West Ham,3.58188,1.02143,0.9032,0.0686,0.0282,3.58188,1.02143,7.757575757575758,19.09090909090909,14.0,2.0,2.7782,0.1532,0.0,0.0,1.02143,3.58188
2025-12-20,Brighton,Sunderland,0.919272,1.31044,0.2447,0.2888,0.4665,0.919272,1.31044,9.882352941176471,8.52,10.0,8.0,1.0229,1.6883000000000001,0.0,0.0,1.31044,0.919272
2025-12-20,Bournemouth,Burnley,1.81847,0.480528,0.7581,0.1923,0.0496,1.81847,0.480528,5.5,10.590909090909092,12.0,3.0,2.4666,0.34109999999999996,0.0,0.0,0.480528,1.81847
2025-12-20,Newcastle,Chelsea,2.87863,1.0261,0.8323,0.117,0.0507,2.87863,1.0261,8.296296296296296,9.15,7.0,7.0,2.6139,0.2691,0.0,0.0,1.0261,2.87863
2025-12-21,Aston Villa,Man United,1.86917,1.30455,0.5333,0.27,0.1967,1.86917,1.30455,11.521739130434783,5.7894736842105265,1.0,8.0,1.8699,0.8601000000000001,0.0,0.0,1.30455,1.86917
2025-12-22,Fulham,Nott'm Forest,1.70568,0.486296,0.743,0.1931,0.0639,0.944508,0.486296,23.583333333333332,16.0,5.0,7.0,2.4221,0.3848,0.0,0.0,0.486296,1.70568
2025-12-26,Man United,Newcastle,0.940811,1.12998,0.2985,0.3125,0.389,0.940811,1.12998,16.5,7.708333333333333,1.0,9.0,1.208,1.4795,0.0,0.0,1.12998,0.940811
2025-12-27,Chelsea,Aston Villa,1.97155,2.05918,0.3354,0.2749,0.3897,1.97155,2.05918,4.794871794871795,40.57142857142857,11.0,6.0,1.2811,1.444,0.0,0.0,2.05918,1.97155
2025-12-27,West Ham,Fulham,1.13719,1.11436,0.3509,0.3111,0.338,1.13719,1.11436,12.35,10.0,11.0,5.0,1.3638,1.3251,0.0,0.0,1.11436,1.13719
2025-12-27,Burnley,Everton,1.24948,1.25204,0.338,0.2938,0.3682,1.24948,1.25204,8.428571428571429,11.619047619047619,4.0,6.0,1.3078,1.3984,0.0,0.0,1.25204,1.24948
2025-12-27,Liverpool,Wolves,1.56502,0.780664,0.5756,0.2883,0.1361,1.56502,0.780664,7.434782608695652,13.409090909090908,12.0,2.0,2.0151,0.6966,0.0,0.0,0.780664,1.56502
2025-12-27,Arsenal,Brighton,2.54318,0.710064,0.822,0.1286,0.0494,2.54318,0.710064,13.882352941176471,10.826086956521738,8.0,6.0,2.5946,0.2768,0.0,0.0,0.710064,2.54318
2025-12-27,Nott'm Forest,Man City,0.600141,1.46468,0.1293,0.2671,0.6036,0.600141,1.46468,18.6875,6.476190476190476,4.0,11.0,0.655,2.0779,0.0,0.0,1.46468,0.600141
2025-12-27,Brentford,Bournemouth,2.8513,2.56183,0.4446,0.2365,0.3189,2.8513,2.56183,8.3,6.866666666666666,9.0,5.0,1.5703,1.1932,0.0,0.0,2.56183,2.8513
2025-12-28,Sunderland,Leeds,0.805957,2.60653,0.0588,0.1287,0.8125,0.805957,2.60653,20.333333333333332,9.863636363636363,5.0,16.0,0.30510000000000004,2.5662,0.0,0.0,2.60653,0.805957
2025-12-28,Crystal Palace,Tottenham,0.929681,0.870768,0.3247,0.3463,0.329,0.929681,0.870768,7.260869565217392,33.111111111111114,16.0,6.0,1.3204,1.3333000000000002,0.0,0.0,0.870768,0.929681
2025-12-30,Man United,Wolves,1.13306,1.21784,0.3127,0.3104,0.3769,1.13306,1.21784,7.666666666666667,17.41176470588235,6.0,7.0,1.2485,1.4411,0.0,0.0,1.21784,1.13306
2025-12-30,Burnley,Newcastle,1.32551,2.49248,0.129,0.196,0.675,1.32551,2.49248,12.26086956521739,11.5,11.0,7.0,0.583,2.2210000000000005,0.0,0.0,2.49248,1.32551
2025-12-30,Chelsea,Bournemouth,2.33294,3.49142,0.1502,0.1905,0.6593,1.57177,3.49142,4.958333333333333,15.8125,10.0,8.0,0.6411,2.1684,0.0,0.0,3.49142,2.33294
2025-12-30,Nott'm Forest,Everton,1.75445,1.69525,0.3776,0.2639,0.3585,1.75445,1.69525,5.555555555555555,13.434782608695652,16.0,4.0,1.3967,1.3394,0.0,0.0,1.69525,1.75445
2025-12-30,West Ham,Brighton,2.27644,3.08914,0.1995,0.2097,0.5908,1.51527,1.56681,14.523809523809524,6.846153846153846,5.0,5.0,0.8082,1.9821,0.0,0.0,3.08914,2.27644
2025-12-30,Arsenal,Aston Villa,4.41335,2.94195,0.6941,0.1691,0.1368,4.41335,2.94195,8.451612903225806,21.375,8.0,4.0,2.2514,0.5795,0.0,0.0,2.94195,4.41335
2026-01-01,Sunderland,Man City,0.962141,2.44247,0.0985,0.1597,0.7418,0.962141,2.44247,8.54054054054054,5.6923076923076925,5.0,17.0,0.4552,2.3851,0.0,0.0,2.44247,0.962141
2026-01-01,Brentford,Tottenham,0.556304,0.608309,0.2635,0.4337,0.3028,0.556304,0.608309,7.607142857142857,18.9375,3.0,7.0,1.2242,1.3421,0.0,0.0,0.608309,0.556304
2026-01-01,Crystal Palace,Fulham,2.35346,1.75434,0.5385,0.2305,0.231,2.35346,1.75434,25.76923076923077,8.12,10.0,9.0,1.8459999999999999,0.9235000000000001,0.0,0.0,1.75434,2.35346
2026-01-01,Liverpool,Leeds,1.67833,0.15936,0.8379,0.1434,0.0187,1.67833,0.15936,6.521739130434782,17.5,10.0,1.0,2.6571000000000002,0.1995,0.0,0.0,0.15936,1.67833
2026-01-03,Aston Villa,Nott'm Forest,1.42988,0.8982,0.5062,0.2854,0.2084,1.42988,0.8982,4.03030303030303,14.608695652173912,20.0,3.0,1.8039999999999998,0.9106,0.0,0.0,0.8982,1.42988
2026-01-03,Wolves,West Ham,2.23925,0.235678,0.9109,0.0781,0.011,1.47808,0.235678,28.0,5.21875,2.0,6.0,2.8108000000000004,0.1111,0.0,0.0,0.235678,2.23925
2026-01-03,Brighton,Burnley,1.4717,0.254551,0.7247,0.2236,0.0517,1.4717,0.254551,12.263157894736842,14.206896551724139,6.0,1.0,2.3977,0.37870000000000004,0.0,0.0,0.254551,1.4717
2026-01-03,Bournemouth,Arsenal,0.947846,1.28,0.2551,0.2988,0.4461,0.947846,1.28,15.625,7.954545454545454,4.0,9.0,1.0641,1.6371,0.0,0.0,1.28,0.947846
2026-01-04,Fulham,Liverpool,0.609182,1.7188,0.0957,0.2177,0.6866,0.609182,1.7188,18.666666666666668,20.285714285714285,4.0,8.0,0.5047999999999999,2.2775,0.0,0.0,1.7188,0.609182
2026-01-04,Leeds,Man United,0.970138,1.94781,0.1395,0.2351,0.6254,0.970138,1.94781,8.82857142857143,10.5,11.0,8.0,0.6536000000000001,2.1113,0.0,0.0,1.94781,0.970138
2026-01-04,Newcastle,Crystal Palace,2.72764,1.27825,0.7489,0.1653,0.0858,2.72764,1.27825,9.1875,9.266666666666667,10.0,9.0,2.412,0.4227,0.0,0.0,1.27825,2.72764
2026-01-04,Tottenham,Sunderland,1.4175,0.467481,0.6917,0.2321,0.0762,1.4175,0.467481,7.407407407407407,8.25,9.0,9.0,2.3072,0.4607,0.0,0.0,0.467481,1.4175
2026-01-04,Everton,Brentford,1.00566,3.05179,0.0586,0.1135,0.8279,1.00566,3.05179,11.0,9.2,5.0,5.0,0.2893,2.5972,0.0,0.0,3.05179,1.00566
2026-01-04,Man City,Chelsea,1.03049,2.03726,0.1151,0.2012,0.6837,1.03049,2.03726,8.212121212121213,13.16,7.0,2.0,0.5465,2.2523,0.0,0.0,2.03726,1.03049
2026-01-06,West Ham,Nott'm Forest,1.73697,1.26683,0.4809,0.2855,0.2336,1.73697,0.505666,9.947368421052632,12.0,7.0,8.0,1.7281999999999997,0.9863,0.0,0.0,1.26683,1.73697
2026-01-07,Everton,Wolves,1.63321,0.71329,0.6437,0.2323,0.124,1.63321,0.71329,10.208333333333334,10.526315789473685,2.0,5.0,2.1634,0.6043000000000001,0.0,0.0,0.71329,1.63321
2026-01-07,Bournemouth,Tottenham,1.19014,1.6261,0.2401,0.2869,0.473,1.19014,1.6261,9.071428571428571,9.222222222222221,4.0,8.0,1.0072,1.7059,0.0,0.0,1.6261,1.19014
2026-01-07,Brentford,Sunderland,3.86096,1.50644,0.8769,0.0866,0.0365,3.86096,0.745273,14.1875,10.631578947368421,13.0,5.0,2.7173,0.1961,0.0,0.0,1.50644,3.86096
2026-01-07,Crystal Palace,Aston Villa,1.32505,2.07015,0.193,0.2327,0.5743,1.32505,2.07015,19.333333333333332,13.466666666666667,8.0,10.0,0.8117,1.9556,0.0,0.0,2.07015,1.32505
2026-01-07,Fulham,Chelsea,1.06013,2.45107,0.1032,0.1646,0.7322,1.06013,2.45107,10.592592592592593,12.608695652173912,15.0,5.0,0.47419999999999995,2.3612,0.0,0.0,2.45107,1.06013
2026-01-07,Man City,Brighton,2.95904,1.33162,0.7562,0.1607,0.0831,2.19787,1.33162,9.592592592592593,12.4,13.0,1.0,2.4293,0.41,0.0,0.0,1.33162,2.95904
2026-01-07,Burnley,Man United,0.31971,2.52488,0.0234,0.1025,0.8741,0.31971,2.52488,11.807692307692308,8.333333333333334,1.0,13.0,0.1727,2.7248,0.0,0.0,2.52488,0.31971
2026-01-07,Newcastle,Leeds,2.43495,2.35318,0.401,0.2529,0.3461,1.67378,1.59201,8.15,10.933333333333334,8.0,5.0,1.4559000000000002,1.2912,0.0,0.0,2.35318,2.43495
2026-01-08,Arsenal,Liverpool,0.701832,0.318642,0.4144,0.4412,0.1444,0.701832,0.318642,13.380952380952381,19.181818181818183,10.0,0.0,1.6844,0.8744000000000001,0.0,0.0,0.318642,0.701832
2026-01-17,Tottenham,West Ham,1.65292,2.76761,0.1425,0.202,0.6555,1.65292,2.76761,5.793103448275862,12.05,11.0,3.0,0.6295,2.1685,0.0,0.0,2.76761,1.65292
2026-01-17,Nott'm Forest,Arsenal,0.318481,2.86323,0.0086,0.0474,0.944,0.318481,2.86323,31.555555555555557,6.3,5.0,12.0,0.0732,2.8794,0.0,0.0,2.86323,0.318481
2026-01-17,Sunderland,Crystal Palace,1.84601,1.15169,0.5566,0.26,0.1834,1.84601,1.15169,8.157894736842104,12.15,2.0,2.0,1.9298,0.8102,0.0,0.0,1.15169,1.84601
2026-01-17,Man United,Man City,3.07278,0.387015,0.9392,0.0489,0.0119,3.07278,0.387015,15.85,6.571428571428571,4.0,11.0,2.8665000000000003,0.08460000000000001,0.0,0.0,0.387015,3.07278
2026-01-17,Leeds,Fulham,2.16898,0.258796,0.864,0.1163,0.0197,2.16898,0.258796,17.157894736842106,11.8,5.0,4.0,2.7083,0.1754,0.0,0.0,0.258796,2.16898
2026-01-17,Chelsea,Brentford,1.62263,1.47521,0.4189,0.2809,0.3002,0.861461,1.47521,17.941176470588236,10.538461538461538,1.0,9.0,1.5375999999999999,1.1815,0.0,0.0,1.47521,1.62263
2026-01-17,Liverpool,Burnley,3.49045,0.546971,0.9471,0.041,0.0119,2.72928,0.546971,6.9411764705882355,16.58823529411765,27.0,5.0,2.8823000000000003,0.0767,0.0,0.0,0.546971,3.49045
2026-01-18,Wolves,Newcastle,0.390216,0.813313,0.1649,0.3912,0.4439,0.390216,0.813313,25.0,7.6,5.0,7.0,0.8858999999999999,1.7229,0.0,0.0,0.813313,0.390216
2026-01-18,Aston Villa,Everton,0.905393,0.745859,0.3565,0.3572,0.2863,0.905393,0.745859,7.894736842105263,11.25,10.0,3.0,1.4266999999999999,1.2161,0.0,0.0,0.745859,0.905393
2026-01-19,Brighton,Bournemouth,0.995777,1.69737,0.1781,0.2457,0.5762,0.995777,0.936204,6.65,22.384615384615383,8.0,7.0,0.78,1.9743000000000002,0.0,0.0,1.69737,0.995777
2026-01-24,Bournemouth,Liverpool,3.31474,0.937335,0.8979,0.0725,0.0296,3.31474,0.937335,34.0,9.875,7.0,18.0,2.7662,0.1613,0.0,0.0,0.937335,3.31474
2026-01-24,Man City,Wolves,1.0654,0.542683,0.4964,0.3317,0.1719,1.0654,0.542683,5.923076923076923,20.61111111111111,10.0,2.0,1.8209,0.8474,0.0,0.0,0.542683,1.0654
2026-01-24,Fulham,Brighton,1.13243,1.94652,0.1687,0.2381,0.5932,1.13243,1.94652,17.529411764705884,13.652173913043478,7.0,6.0,0.7442,2.0177,0.0,0.0,1.94652,1.13243
2026-01-24,Burnley,Tottenham,1.54884,2.59093,0.153,0.2126,0.6344,1.54884,2.59093,11.724137931034482,7.518518518518518,5.0,4.0,0.6716,2.1158,0.0,0.0,2.59093,1.54884
2026-01-24,West Ham,Sunderland,2.18675,0.713838,0.777,0.1625,0.0605,1.42558,0.713838,13.944444444444445,8.590909090909092,5.0,1.0,2.4935,0.344,0.0,0.0,0.713838,2.18675
2026-01-25,Brentford,Nott'm Forest,2.00413,1.38958,0.5375,0.2893,0.1732,2.00413,1.38958,5.3076923076923075,17.0,13.0,3.0,1.9017999999999997,0.8089,0.0,0.0,1.38958,2.00413
2026-01-25,Crystal Palace,Chelsea,2.41793,3.08817,0.2467,0.2125,0.5408,2.41793,2.327,17.416666666666668,9.307692307692308,5.0,4.0,0.9526,1.8348999999999998,0.0,0.0,3.08817,2.41793
2026-01-25,Newcastle,Aston Villa,1.95484,1.32143,0.5465,0.2409,0.2126,1.95484,1.32143,6.545454545454546,11.291666666666666,4.0,6.0,1.8803999999999998,0.8787,0.0,0.0,1.32143,1.95484
2026-01-25,Arsenal,Man United,1.42411,0.640902,0.6023,0.2707,0.127,1.42411,0.640902,8.608695652173912,12.058823529411764,12.0,1.0,2.0776,0.6517,0.0,0.0,0.640902,1.42411
2026-01-26,Everton,Leeds,0.889916,1.6766,0.1546,0.259,0.5864,0.889916,1.6766,12.777777777777779,10.272727272727273,6.0,7.0,0.7228,2.0182,0.0,0.0,1.6766,0.889916
2026-01-31,Chelsea,West Ham,2.66133,1.72585,0.6123,0.2211,0.1666,2.66133,1.72585,5.038461538461538,32.333333333333336,6.0,6.0,2.058,0.7209,0.0,0.0,1.72585,2.66133
2026-01-31,Wolves,Bournemouth,2.10353,1.59116,0.4904,0.26,0.2496,2.10353,1.59116,13.571428571428571,12.208333333333334,5.0,4.0,1.7312,1.0088,0.0,0.0,1.59116,2.10353
2026-01-31,Liverpool,Newcastle,3.09973,0.284319,0.9463,0.0443,0.0094,3.09973,0.284319,10.052631578947368,17.083333333333332,11.0,6.0,2.8832,0.07250000000000001,0.0,0.0,0.284319,3.09973
2026-01-31,Brighton,Everton,1.42825,1.28126,0.3888,0.2998,0.3114,1.42825,1.28126,7.333333333333333,16.555555555555557,9.0,7.0,1.4662,1.234,0.0,0.0,1.28126,1.42825
2026-01-31,Leeds,Arsenal,0.17871,3.54427,0.0022,0.0201,0.9777,0.17871,3.54427,9.590909090909092,12.210526315789474,1.0,6.0,0.0267,2.9532,0.0,0.0,3.54427,0.17871
2026-02-01,Aston Villa,Brentford,2.15316,0.314916,0.8302,0.1363,0.0335,2.15316,0.314916,8.625,18.23076923076923,20.0,2.0,2.6269,0.2368,0.0,0.0,0.314916,2.15316
2026-02-01,Man United,Fulham,1.84362,1.71998,0.3948,0.2664,0.3388,1.84362,0.95881,19.352941176470587,11.842105263157896,7.0,7.0,1.4507999999999999,1.2828,0.0,0.0,1.71998,1.84362
2026-02-01,Nott'm Forest,Crystal Palace,0.987254,1.648,0.1767,0.2772,0.5461,0.987254,0.886826,34.75,4.645161290322581,3.0,10.0,0.8073,1.9155000000000002,0.0,0.0,1.648,0.987254
2026-02-01,Tottenham,Man City,1.49738,2.03614,0.2511,0.2387,0.5102,1.49738,2.03614,11.633333333333333,9.6,10.0,7.0,0.992,1.7692999999999999,0.0,0.0,2.03614,1.49738
2026-02-02,Sunderland,Burnley,1.8865,0.126371,0.8773,0.1119,0.0108,1.8865,0.126371,19.666666666666668,10.695652173913043,7.0,2.0,2.7438,0.14429999999999998,0.0,0.0,0.126371,1.8865
2026-02-06,Leeds,Nott'm Forest,3.38179,1.6608,0.7774,0.1399,0.0827,3.38179,1.6608,9.15,21.5,10.0,6.0,2.4720999999999997,0.388,0.0,0.0,1.6608,3.38179
2026-02-07,Newcastle,Brentford,3.3215,1.65022,0.7774,0.1378,0.0848,2.56033,0.889048,17.333333333333332,11.05,8.0,11.0,2.4699999999999998,0.3922,0.0,0.0,1.65022,3.3215
2026-02-07,Wolves,Chelsea,1.11372,3.76278,0.0241,0.0624,0.9135,1.11372,2.24044,34.6,9.48,6.0,10.0,0.1347,2.8028999999999997,0.0,0.0,3.76278,1.11372
2026-02-07,Fulham,Everton,2.20126,1.88778,0.4559,0.2296,0.3145,2.20126,1.88778,12.823529411764707,12.727272727272727,11.0,6.0,1.5973000000000002,1.1731,0.0,0.0,1.88778,2.20126
2026-02-07,Burnley,West Ham,1.84644,1.1223,0.5545,0.2637,0.1818,1.84644,1.1223,11.434782608695652,14.466666666666667,6.0,4.0,1.9272,0.8090999999999999,0.0,0.0,1.1223,1.84644
2026-02-07,Bournemouth,Aston Villa,1.82646,0.646496,0.6897,0.2097,0.1006,1.82646,0.646496,11.941176470588236,13.588235294117647,6.0,8.0,2.2787999999999995,0.5115,0.0,0.0,0.646496,1.82646
2026-02-07,Man United,Tottenham,2.16576,0.593404,0.7759,0.1586,0.0655,2.16576,0.593404,8.954545454545455,20.2,18.0,8.0,2.4863,0.35509999999999997,0.0,0.0,0.593404,2.16576
2026-02-07,Arsenal,Sunderland,1.19401,0.427225,0.569,0.3173,0.1137,1.19401,0.427225,9.076923076923077,13.714285714285714,9.0,1.0,2.0242999999999998,0.6584,0.0,0.0,0.427225,1.19401
2026-02-08,Brighton,Crystal Palace,0.737798,0.928404,0.2553,0.3644,0.3803,0.737798,0.928404,7.571428571428571,20.444444444444443,3.0,6.0,1.1303,1.5053,0.0,0.0,0.928404,0.737798
2026-02-08,Liverpool,Man City,1.26652,2.41476,0.1318,0.1961,0.6721,1.26652,1.65359,19.666666666666668,7.44,8.0,12.0,0.5914999999999999,2.2124,0.0,0.0,2.41476,1.26652
2026-02-10,Chelsea,Leeds,3.21176,1.28948,0.8272,0.1298,0.043,2.45059,0.528313,10.4,24.764705882352942,9.0,2.0,2.6114,0.25880000000000003,0.0,0.0,1.28948,3.21176
2026-02-10,Everton,Bournemouth,2.33114,1.4121,0.6046,0.235,0.1604,1.56997,1.4121,8.4,13.0,5.0,5.0,2.0488,0.7162,0.0,0.0,1.4121,2.33114
2026-02-10,Tottenham,Newcastle,1.68925,2.46991,0.2104,0.2207,0.5689,1.68925,2.46991,7.363636363636363,8.407407407407407,9.0,11.0,0.8519,1.9274,0.0,0.0,2.46991,1.68925
2026-02-10,West Ham,Man United,1.30746,0.735767,0.5384,0.2938,0.1678,1.30746,0.735767,15.714285714285714,10.666666666666666,1.0,5.0,1.909,0.7972000000000001,0.0,0.0,0.735767,1.30746
2026-02-11,Sunderland,Liverpool,0.693794,3.08172,0.0341,0.0804,0.8855,0.693794,3.08172,11.421052631578947,9.857142857142858,8.0,10.0,0.1827,2.7369,0.0,0.0,3.08172,0.693794
2026-02-11,Nott'm Forest,Wolves,3.69094,0.406959,0.9709,0.0249,0.0042,3.69094,0.406959,7.181818181818182,9.916666666666666,13.0,2.0,2.9376,0.0375,0.0,0.0,0.406959,3.69094
2026-02-11,Man City,Fulham,1.67722,1.05283,0.5343,0.2546,0.2111,1.67722,1.05283,14.571428571428571,17.476190476190474,5.0,3.0,1.8575,0.8878999999999999,0.0,0.0,1.05283,1.67722
2026-02-11,Crystal Palace,Burnley,2.1276,0.691273,0.7338,0.1809,0.0853,2.1276,0.691273,7.684210526315789,18.705882352941178,15.0,5.0,2.3823,0.4368,0.0,0.0,0.691273,2.1276
2026-02-11,Aston Villa,Brighton,0.576138,0.481306,0.3064,0.4474,0.2462,0.576138,0.481306,16.142857142857142,8.379310344827585,10.0,5.0,1.3666,1.186,0.0,0.0,0.481306,0.576138
2026-02-12,Brentford,Arsenal,1.81154,0.78418,0.6367,0.2304,0.1329,1.81154,0.78418,9.523809523809524,8.090909090909092,5.0,9.0,2.1405000000000003,0.6291,0.0,0.0,0.78418,1.81154
2026-02-18,Wolves,Arsenal,0.173119,2.01018,0.0145,0.0862,0.8993,0.173119,2.01018,11.444444444444445,8.208333333333334,4.0,5.0,0.1297,2.7840999999999996,0.0,0.0,2.01018,0.173119
2026-02-21,Aston Villa,Leeds,1.25439,1.27855,0.349,0.2903,0.3607,1.25439,1.27855,5.333333333333333,9.88,11.0,3.0,1.3373,1.3724,0.0,0.0,1.27855,1.25439
2026-02-21,Brentford,Brighton,1.69023,1.37203,0.4477,0.2841,0.2682,1.69023,1.37203,15.307692307692308,9.037037037037036,8.0,5.0,1.6272,1.0887,0.0,0.0,1.37203,1.69023
2026-02-21,Chelsea,Burnley,2.51534,1.01255,0.7629,0.1628,0.0743,2.51534,1.01255,7.681818181818182,15.631578947368421,12.0,4.0,2.4515,0.38570000000000004,0.0,0.0,1.01255,2.51534
2026-02-21,West Ham,Bournemouth,2.34412,0.522731,0.8387,0.1203,0.041,2.34412,0.522731,12.454545454545455,7.6521739130434785,8.0,3.0,2.6363999999999996,0.24330000000000002,0.0,0.0,0.522731,2.34412
2026-02-21,Man City,Newcastle,2.22648,0.507954,0.8142,0.1373,0.0485,2.22648,0.507954,9.565217391304348,8.192307692307692,11.0,1.0,2.5799000000000003,0.28280000000000005,0.0,0.0,0.507954,2.22648
2026-02-22,Tottenham,Arsenal,0.383264,3.31701,0.0088,0.0401,0.9511,0.383264,3.31701,7.464285714285714,5.733333333333333,0.0,9.0,0.0665,2.8933999999999997,0.0,0.0,3.31701,0.383264
2026-02-22,Sunderland,Fulham,1.7609,2.16696,0.2628,0.2664,0.4708,0.99973,1.40579,16.416666666666668,12.047619047619047,16.0,8.0,1.0548,1.6787999999999998,0.0,0.0,2.16696,1.7609
2026-02-22,Nott'm Forest,Liverpool,0.934768,2.39634,0.0658,0.1486,0.7856,0.934768,2.39634,10.6,9.090909090909092,2.0,3.0,0.346,2.5054,0.0,0.0,2.39634,0.934768
2026-02-22,Crystal Palace,Wolves,2.03559,1.67749,0.459,0.2691,0.2719,2.03559,0.916319,6.05,10.0,4.0,5.0,1.6461000000000001,1.0848,0.0,0.0,1.67749,2.03559
2026-02-23,Everton,Man United,0.560924,1.4547,0.1076,0.245,0.6474,0.560924,1.4547,10.958333333333334,13.833333333333334,6.0,5.0,0.5678,2.1872,0.0,0.0,1.4547,0.560924
2026-02-27,Wolves,Aston Villa,1.50771,1.31328,0.4226,0.2827,0.2947,1.50771,1.31328,17.105263157894736,5.333333333333333,1.0,7.0,1.5504999999999998,1.1668,0.0,0.0,1.31328,1.50771
2026-02-28,Bournemouth,Sunderland,1.82434,1.07887,0.5551,0.2648,0.1801,1.82434,1.07887,4.777777777777778,5.911764705882353,9.0,1.0,1.9301000000000001,0.8050999999999999,0.0,0.0,1.07887,1.82434
2026-02-28,Burnley,Brentford,0.823824,2.44595,0.0609,0.1435,0.7956,0.823824,2.44595,16.176470588235293,6.555555555555555,4.0,9.0,0.3262,2.5303,0.0,0.0,2.44595,0.823824
2026-02-28,Liverpool,West Ham,2.09939,1.3517,0.5536,0.2339,0.2125,2.09939,1.3517,9.416666666666666,7.423076923076923,14.0,5.0,1.8947,0.8714,0.0,0.0,1.3517,2.09939
2026-02-28,Newcastle,Everton,1.11889,2.40731,0.0575,0.169,0.7735,1.11889,2.40731,4.866666666666666,16.0,13.0,4.0,0.3415,2.4895,0.0,0.0,2.40731,1.11889
2026-02-28,Leeds,Man City,1.37824,2.46834,0.1403,0.1978,0.6619,1.37824,2.46834,15.35,17.0,4.0,6.0,0.6187,2.1835,0.0,0.0,2.46834,1.37824
2026-03-01,Man United,Crystal Palace,2.34609,0.384699,0.8774,0.1001,0.0225,1.58492,0.384699,11.19047619047619,14.857142857142858,8.0,5.0,2.7323,0.1676,0.0,0.0,0.384699,2.34609
2026-03-01,Arsenal,Chelsea,1.71598,1.35268,0.4449,0.2926,0.2625,1.71598,1.35268,15.181818181818182,8.952380952380953,10.0,4.0,1.6273,1.0801,0.0,0.0,1.35268,1.71598
2026-03-01,Brighton,Nott'm Forest,1.20107,0.83055,0.4523,0.3035,0.2442,1.20107,0.83055,9.413793103448276,14.904761904761905,10.0,2.0,1.6604,1.0361,0.0,0.0,0.83055,1.20107
2026-03-01,Fulham,Tottenham,2.3207,0.952091,0.7069,0.1828,0.1103,2.3207,0.952091,10.476190476190476,12.434782608695652,12.0,6.0,2.3034999999999997,0.5136999999999999,0.0,0.0,0.952091,2.3207
2026-03-03,Bournemouth,Brentford,2.3177,0.673328,0.7902,0.1515,0.0583,2.3177,0.673328,10.416666666666666,8.363636363636363,12.0,4.0,2.5221,0.3264,0.0,0.0,0.673328,2.3177
2026-03-03,Everton,Burnley,1.15845,0.762229,0.4352,0.3436,0.2212,1.15845,0.762229,12.041666666666666,14.238095238095237,4.0,2.0,1.6492,1.0072,0.0,0.0,0.762229,1.15845
2026-03-03,Leeds,Sunderland,0.888232,0.843856,0.2954,0.3643,0.3403,0.888232,0.0826876,3.962962962962963,15.476190476190476,7.0,1.0,1.2505,1.3852,0.0,0.0,0.843856,0.888232
2026-03-03,Wolves,Liverpool,0.636033,2.17217,0.0584,0.166,0.7756,0.636033,2.17217,22.357142857142858,7.142857142857143,1.0,10.0,0.3412,2.4928,0.0,0.0,2.17217,0.636033
2026-03-04,Aston Villa,Chelsea,1.06854,3.38883,0.0343,0.0834,0.8823,1.06854,3.38883,22.88888888888889,12.666666666666666,6.0,12.0,0.1863,2.7303,0.0,0.0,3.38883,1.06854
2026-03-04,Brighton,Arsenal,0.919228,0.514803,0.4417,0.3688,0.1895,0.919228,0.514803,7.125,12.142857142857142,6.0,3.0,1.6939,0.9373,0.0,0.0,0.514803,0.919228
2026-03-04,Fulham,West Ham,0.628123,1.49528,0.126,0.2422,0.6318,0.628123,1.49528,10.590909090909092,18.941176470588236,9.0,3.0,0.6202,2.1376,0.0,0.0,1.49528,0.628123
2026-03-04,Man City,Nott'm Forest,2.72655,1.23642,0.7332,0.1652,0.1016,2.72655,1.23642,10.631578947368421,27.583333333333332,14.0,3.0,2.3648,0.47,0.0,0.0,1.23642,2.72655
2026-03-04,Newcastle,Man United,1.96637,1.80571,0.4273,0.2544,0.3183,1.2052,1.80571,8.62962962962963,6.821428571428571,8.0,11.0,1.5363,1.2093,0.0,0.0,1.80571,1.96637
2026-03-05,Tottenham,Crystal Palace,1.29615,1.91515,0.2054,0.2575,0.5371,1.29615,1.15398,13.857142857142858,10.529411764705882,3.0,9.0,0.8736999999999999,1.8688,0.0,0.0,1.91515,1.29615
2026-03-14,West Ham,Man City,0.488982,1.9546,0.0452,0.1911,0.7637,0.488982,1.9546,17.227272727272727,9.25,2.0,8.0,0.3267,2.4822,0.0,0.0,1.9546,0.488982
2026-03-14,Chelsea,Newcastle,1.72508,1.03251,0.5331,0.2697,0.1972,1.72508,1.03251,10.647058823529411,17.31578947368421,12.0,7.0,1.869,0.8613,0.0,0.0,1.03251,1.72508
2026-03-14,Burnley,Bournemouth,1.67695,2.36979,0.2336,0.2214,0.545,1.67695,2.36979,12.65,9.538461538461538,5.0,9.0,0.9222,1.8564000000000003,0.0,0.0,2.36979,1.67695
2026-03-14,Sunderland,Brighton,0.659083,1.12832,0.1994,0.3158,0.4848,0.659083,1.12832,20.076923076923077,8.68,9.0,12.0,0.9139999999999999,1.7702000000000002,0.0,0.0,1.12832,0.659083
2026-03-14,Arsenal,Everton,1.90855,1.17847,0.5602,0.2503,0.1895,1.90855,1.17847,7.782608695652174,15.666666666666666,10.0,1.0,1.9309,0.8188,0.0,0.0,1.17847,1.90855
2026-03-15,Crystal Palace,Leeds,0.525205,1.13558,0.1278,0.3017,0.5705,0.525205,0.374413,8.166666666666666,17.615384615384617,2.0,4.0,0.6851,2.0132,0.0,0.0,1.13558,0.525205
2026-03-15,Man United,Aston Villa,1.67823,1.21071,0.4854,0.264,0.2506,1.67823,1.21071,9.727272727272727,17.333333333333332,5.0,10.0,1.7202,1.0158,0.0,0.0,1.21071,1.67823
2026-03-15,Nott'm Forest,Fulham,0.821011,0.933988,0.2552,0.3626,0.3822,0.821011,0.933988,21.53846153846154,12.25,3.0,3.0,1.1281999999999999,1.5091999999999999,0.0,0.0,0.933988,0.821011
2026-03-15,Liverpool,Tottenham,1.30076,1.15636,0.3856,0.2861,0.3283,1.30076,1.15636,5.538461538461538,13.15,17.0,3.0,1.4429,1.271,0.0,0.0,1.15636,1.30076
2026-03-16,Brentford,Wolves,2.7966,1.80044,0.6218,0.2068,0.1714,2.7966,1.80044,8.928571428571429,13.647058823529411,7.0,9.0,2.0722,0.721,0.0,0.0,1.80044,2.7966
2026-03-20,Bournemouth,Man United,1.76664,1.74574,0.36,0.2839,0.3561,1.00547,0.984568,10.9,12.095238095238095,6.0,8.0,1.3639000000000001,1.3522,0.0,0.0,1.74574,1.76664
2026-03-21,Leeds,Brentford,0.417296,0.302221,0.2789,0.5413,0.1798,0.417296,0.302221,8.818181818181818,12.166666666666666,9.0,2.0,1.3780000000000001,1.0807,0.0,0.0,0.302221,0.417296
2026-03-21,Everton,Chelsea,1.44532,1.35143,0.3819,0.2794,0.3387,1.44532,1.35143,29.307692307692307,11.833333333333334,7.0,9.0,1.4251,1.2955,0.0,0.0,1.35143,1.44532
2026-03-21,Brighton,Liverpool,3.42956,0.956801,0.9049,0.069,0.0261,3.42956,0.956801,11.5,11.125,7.0,7.0,2.7837,0.14730000000000001,0.0,0.0,0.956801,3.42956
2026-03-21,Fulham,Burnley,3.48438,1.92556,0.7203,0.1586,0.1211,2.72321,1.92556,16.133333333333333,20.923076923076923,16.0,4.0,2.3195,0.5219,0.0,0.0,1.92556,3.48438
2026-03-22,Newcastle,Sunderland,1.26705,2.66657,0.1162,0.1637,0.7201,1.26705,2.66657,6.235294117647059,11.045454545454545,3.0,10.0,0.5123,2.324,0.0,0.0,2.66657,1.26705
2026-03-22,Aston Villa,West Ham,2.48528,0.760054,0.8124,0.1316,0.056,2.48528,0.760054,14.666666666666666,15.529411764705882,15.0,5.0,2.5688,0.2996,0.0,0.0,0.760054,2.48528
2026-03-22,Tottenham,Nott'm Forest,1.6189,1.54408,0.3718,0.2798,0.3484,1.6189,1.54408,6.071428571428571,9.84,4.0,3.0,1.3952000000000002,1.325,0.0,0.0,1.54408,1.6189
2026-04-10,West Ham,Wolves,2.54379,0.571967,0.8438,0.1126,0.0436,2.54379,0.571967,13.55,9.333333333333334,7.0,4.0,2.644,0.2434,0.0,0.0,0.571967,2.54379
2026-04-11,Arsenal,Bournemouth,3.16346,1.39461,0.8221,0.1297,0.0482,2.40229,1.39461,9.304347826086957,8.0,5.0,5.0,2.5960000000000005,0.2743,0.0,0.0,1.39461,3.16346
2026-04-11,Brentford,Everton,2.26302,1.57033,0.5424,0.2365,0.2211,1.50185,1.57033,10.944444444444445,10.782608695652174,5.0,8.0,1.8637,0.8997999999999999,0.0,0.0,1.57033,2.26302
2026-04-11,Burnley,Brighton,0.812029,1.07182,0.2682,0.3324,0.3994,0.812029,1.07182,18.3125,7.8,3.0,11.0,1.137,1.5306,0.0,0.0,1.07182,0.812029
2026-04-11,Liverpool,Fulham,2.01499,1.42024,0.5162,0.2415,0.2423,2.01499,1.42024,10.043478260869565,13.65,21.0,12.0,1.7901,0.9683999999999999,0.0,0.0,1.42024,2.01499
2026-04-12,Chelsea,Man City,1.22108,2.40839,0.1456,0.1934,0.661,1.22108,2.40839,25.846153846153847,8.592592592592593,2.0,15.0,0.6302,2.1764,0.0,0.0,2.40839,1.22108
2026-04-12,Crystal Palace,Newcastle,3.13933,1.27299,0.8241,0.1232,0.0527,2.37816,1.27299,10.172413793103448,10.833333333333334,4.0,3.0,2.5955000000000004,0.2813,0.0,0.0,1.27299,3.13933
2026-04-12,Sunderland,Tottenham,1.77584,1.01598,0.5697,0.2554,0.1749,1.77584,1.01598,7.133333333333334,10.947368421052632,7.0,3.0,1.9645,0.7801,0.0,0.0,1.01598,1.77584
2026-04-12,Nott'm Forest,Aston Villa,0.85045,1.36297,0.216,0.2804,0.5036,0.85045,1.36297,10.814814814814815,10.375,6.0,6.0,0.9284,1.7912000000000001,0.0,0.0,1.36297,0.85045
2026-04-13,Man United,Leeds,1.36555,2.95118,0.0997,0.1434,0.7569,1.36555,2.95118,10.391304347826088,12.714285714285714,11.0,8.0,0.4425,2.4141000000000004,0.0,0.0,2.95118,1.36555
2026-04-18,Brentford,Fulham,2.33552,0.790707,0.7631,0.1594,0.0775,2.33552,0.790707,13.35,13.277777777777779,4.0,12.0,2.4486999999999997,0.39189999999999997,0.0,0.0,0.790707,2.33552
2026-04-18,Leeds,Wolves,3.55804,0.568627,0.9601,0.032,0.0079,2.79691,0.568627,10.368421052631579,11.64,7.0,4.0,2.9123,0.0557,0.0,0.0,0.568627,3.55804
2026-04-18,Newcastle,Bournemouth,1.61167,3.36662,0.0545,0.1232,0.8223,1.61167,3.36662,8.0,10.523809523809524,8.0,7.0,0.2867,2.5901,0.0,0.0,3.36662,1.61167
2026-04-18,Tottenham,Brighton,1.56052,1.1373,0.4794,0.273,0.2476,1.56052,1.1373,12.444444444444445,5.636363636363637,9.0,7.0,1.7111999999999998,1.0158,0.0,0.0,1.1373,1.56052
2026-04-18,Chelsea,Man United,1.28109,0.436043,0.5816,0.298,0.1204,1.28109,0.436043,11.347826086956522,28.384615384615383,8.0,1.0,2.0428,0.6592,0.0,0.0,0.436043,1.28109
2026-04-19,Man City,Arsenal,2.61528,2.28964,0.4488,0.2479,0.3033,2.61528,2.28964,13.461538461538462,9.153846153846153,15.0,3.0,1.5943,1.1578,0.0,0.0,2.28964,2.61528
2026-04-19,Nott'm Forest,Burnley,1.4425,0.601418,0.5978,0.2837,0.1185,1.4425,0.601418,14.45,10.214285714285714,6.0,3.0,2.0771,0.6392,0.0,0.0,0.601418,1.4425
2026-04-19,Everton,Liverpool,1.4784,1.38333,0.3918,0.2837,0.3245,1.4784,1.38333,14.9,8.909090909090908,5.0,8.0,1.4591,1.2572,0.0,0.0,1.38333,1.4784
2026-04-19,Aston Villa,Sunderland,3.90223,1.56008,0.8626,0.0885,0.0489,3.90223,1.56008,13.470588235294118,12.052631578947368,7.0,3.0,2.6763,0.2352,0.0,0.0,1.56008,3.90223
2026-04-20,Crystal Palace,West Ham,0.733442,0.622445,0.3437,0.3864,0.2699,0.733442,0.622445,10.277777777777779,10.32,5.0,5.0,1.4175,1.1961,0.0,0.0,0.622445,0.733442
2026-04-21,Brighton,Chelsea,2.51784,0.297865,0.9033,0.0788,0.0179,2.51784,0.297865,10.23076923076923,22.214285714285715,9.0,3.0,2.7887000000000004,0.1325,0.0,0.0,0.297865,2.51784
2026-04-22,Bournemouth,Leeds,1.91355,1.21601,0.5513,0.2434,0.2053,1.91355,1.21601,8.842105263157896,10.4,13.0,6.0,1.8973000000000002,0.8593,0.0,0.0,1.21601,1.91355
2026-04-22,Burnley,Man City,0.973776,3.40888,0.0443,0.091,0.8647,0.973776,3.40888,16.05,10.454545454545455,5.0,19.0,0.2239,2.6851000000000003,0.0,0.0,3.40888,0.973776
2026-04-24,Sunderland,Nott'm Forest,0.614323,1.54208,0.1184,0.2415,0.6401,0.614323,1.54208,5.409090909090909,10.65,13.0,3.0,0.5967,2.1618,0.0,0.0,1.54208,0.614323
2026-04-25,Arsenal,Newcastle,0.639189,0.868897,0.2295,0.3637,0.4068,0.639189,0.868897,14.88888888888889,8.818181818181818,10.0,7.0,1.0522,1.5840999999999998,0.0,0.0,0.868897,0.639189
2026-04-25,West Ham,Everton,1.8356,1.1144,0.5617,0.2554,0.1829,1.8356,1.1144,9.653846153846153,11.941176470588236,7.0,9.0,1.9405,0.8041,0.0,0.0,1.1144,1.8356
2026-04-25,Wolves,Tottenham,0.762656,1.06403,0.2136,0.3485,0.4379,0.762656,1.06403,13.5,4.857142857142857,0.0,4.0,0.9893000000000001,1.6622000000000001,0.0,0.0,1.06403,0.762656
2026-04-25,Fulham,Aston Villa,1.24069,0.906156,0.4402,0.3154,0.2444,1.24069,0.906156,9.277777777777779,8.894736842105264,5.0,4.0,1.6360000000000001,1.0486,0.0,0.0,0.906156,1.24069
2026-04-25,Liverpool,Crystal Palace,1.45071,2.19912,0.2143,0.2313,0.5544,1.45071,2.19912,15.235294117647058,15.444444444444445,6.0,6.0,0.8742000000000001,1.8945,0.0,0.0,2.19912,1.45071
2026-04-27,Man United,Brentford,1.84852,1.30383,0.5285,0.2585,0.213,1.84852,1.30383,13.0,9.958333333333334,8.0,10.0,1.8439999999999999,0.8975,0.0,0.0,1.30383,1.84852
2026-05-01,Leeds,Burnley,2.09546,0.434597,0.8238,0.1368,0.0394,2.09546,0.434597,11.172413793103448,12.95,4.0,3.0,2.6082,0.255,0.0,0.0,0.434597,2.09546
2026-05-02,Brentford,West Ham,2.27374,0.753895,0.7785,0.1517,0.0698,1.51257,0.753895,9.333333333333334,7.818181818181818,7.0,2.0,2.4871999999999996,0.3611,0.0,0.0,0.753895,2.27374
2026-05-02,Newcastle,Brighton,3.12933,1.87112,0.6723,0.171,0.1567,3.12933,1.87112,21.363636363636363,7.411764705882353,3.0,9.0,2.1879,0.6411,0.0,0.0,1.87112,3.12933
2026-05-02,Wolves,Sunderland,1.96131,0.923954,0.64,0.2208,0.1392,1.96131,0.923954,8.117647058823529,13.105263157894736,10.0,6.0,2.1408,0.6384,0.0,0.0,0.923954,1.96131
2026-05-02,Arsenal,Fulham,4.09079,0.696714,0.9613,0.0311,0.0076,4.09079,0.696714,14.5,13.681818181818182,14.0,3.0,2.915,0.0539,0.0,0.0,0.696714,4.09079
2026-05-03,Man United,Liverpool,2.55612,1.02814,0.7491,0.1546,0.0963,2.55612,1.02814,12.391304347826088,9.7,7.0,5.0,2.4019,0.4435,0.0,0.0,1.02814,2.55612
2026-05-03,Bournemouth,Crystal Palace,2.29626,0.678329,0.7987,0.1448,0.0565,1.53509,0.678329,10.318181818181818,9.904761904761905,6.0,10.0,2.5408999999999997,0.3143,0.0,0.0,0.678329,2.29626
2026-05-03,Aston Villa,Tottenham,0.609494,1.12225,0.1665,0.3396,0.4939,0.609494,1.12225,9.5,11.6,0.0,3.0,0.8391000000000001,1.8213,0.0,0.0,1.12225,0.609494
2026-05-04,Chelsea,Nott'm Forest,2.17132,2.31019,0.3108,0.2818,0.4074,1.41015,1.54902,8.041666666666666,23.125,12.0,4.0,1.2142000000000002,1.504,0.0,0.0,2.31019,2.17132
2026-05-04,Everton,Man City,1.68558,1.41706,0.4424,0.2639,0.2937,1.68558,1.41706,16.470588235294116,6.466666666666667,1.0,14.0,1.5911,1.145,0.0,0.0,1.41706,1.68558
2026-05-09,Sunderland,Man United,1.2376,0.535981,0.5615,0.2908,0.1477,1.2376,0.535981,13.555555555555555,12.761904761904763,13.0,7.0,1.9752999999999998,0.7339,0.0,0.0,0.535981,1.2376
2026-05-09,Fulham,Bournemouth,1.24334,0.998003,0.4114,0.3148,0.2738,1.24334,0.998003,11.833333333333334,13.521739130434783,8.0,4.0,1.549,1.1361999999999999,0.0,0.0,0.998003,1.24334
2026-05-09,Man City,Brentford,4.37429,0.670038,0.9871,0.0121,0.0008,4.37429,0.670038,7.28,7.666666666666667,13.0,3.0,2.9734,0.014499999999999999,0.0,0.0,0.670038,4.37429
2026-05-09,Liverpool,Chelsea,0.623191,0.597184,0.2937,0.4218,0.2845,0.623191,0.597184,12.28,9.121212121212121,7.0,7.0,1.3029,1.2752999999999999,0.0,0.0,0.597184,0.623191
2026-05-09,Brighton,Wolves,2.22427,0.515647,0.8144,0.1409,0.0447,2.22427,0.515647,4.275862068965517,25.571428571428573,9.0,2.0,2.5841,0.275,0.0,0.0,0.515647,2.22427
2026-05-10,Nott'm Forest,Newcastle,1.46434,1.65067,0.3112,0.2674,0.4214,1.46434,1.65067,17.0,8.142857142857142,9.0,11.0,1.201,1.5316,0.0,0.0,1.65067,1.46434
2026-05-10,West Ham,Arsenal,1.32011,1.42953,0.3272,0.2963,0.3765,1.32011,1.42953,15.4375,6.0,7.0,9.0,1.2779,1.4258,0.0,0.0,1.42953,1.32011
2026-05-10,Burnley,Aston Villa,1.71234,1.75493,0.3632,0.2585,0.3783,1.71234,1.75493,11.25,7.875,7.0,7.0,1.3481,1.3934,0.0,0.0,1.75493,1.71234
2026-05-10,Crystal Palace,Everton,3.28826,2.10265,0.6403,0.1732,0.1865,3.28826,2.10265,6.380952380952381,16.214285714285715,9.0,9.0,2.0941,0.7327,0.0,0.0,2.10265,3.28826
2026-05-11,Tottenham,Leeds,1.49036,1.86976,0.2655,0.2596,0.4749,1.49036,1.10859,6.1923076923076925,9.826086956521738,4.0,4.0,1.0561,1.6843000000000001,0.0,0.0,1.86976,1.49036
